chain,position_1based,wt,mut,mutation,mode
H,5,Q,V,Q5V,predict_masked_FIXED_FR_only_CDR_preserved
H,9,P,A,P9A,predict_masked_FIXED_FR_only_CDR_preserved
H,11,L,V,L11V,predict_masked_FIXED_FR_only_CDR_preserved
H,12,V,K,V12K,predict_masked_FIXED_FR_only_CDR_preserved
H,20,M,V,M20V,predict_masked_FIXED_FR_only_CDR_preserved
H,35,N,W,N35W,predict_masked_FIXED_FR_only_CDR_preserved
H,37,G,V,G37V,predict_masked_FIXED_FR_only_CDR_preserved
H,38,K,R,K38R,predict_masked_FIXED_FR_only_CDR_preserved
H,40,R,P,R40P,predict_masked_FIXED_FR_only_CDR_preserved
H,41,S,P,S41P,predict_masked_FIXED_FR_only_CDR_preserved
H,48,I,M,I48M,predict_masked_FIXED_FR_only_CDR_preserved
H,50,E,W,E50W,predict_masked_FIXED_FR_only_CDR_preserved
H,60,Y,A,Y60A,predict_masked_FIXED_FR_only_CDR_preserved
H,61,N,P,N61P,predict_masked_FIXED_FR_only_CDR_preserved
H,62,E,P,E62P,predict_masked_FIXED_FR_only_CDR_preserved
H,63,K,F,K63F,predict_masked_FIXED_FR_only_CDR_preserved
H,65,K,F,K65F,predict_masked_FIXED_FR_only_CDR_preserved
H,66,A,G,A66G,predict_masked_FIXED_FR_only_CDR_preserved
H,67,K,R,K67R,predict_masked_FIXED_FR_only_CDR_preserved
H,68,A,V,A68V,predict_masked_FIXED_FR_only_CDR_preserved
H,69,T,V,T69V,predict_masked_FIXED_FR_only_CDR_preserved
H,70,L,S,L70S,predict_masked_FIXED_FR_only_CDR_preserved
H,71,T,S,T71S,predict_masked_FIXED_FR_only_CDR_preserved
H,72,A,R,A72R,predict_masked_FIXED_FR_only_CDR_preserved
H,74,K,T,K74T,predict_masked_FIXED_FR_only_CDR_preserved
H,76,S,I,S76I,predict_masked_FIXED_FR_only_CDR_preserved
H,77,N,S,N77S,predict_masked_FIXED_FR_only_CDR_preserved
H,78,I,T,I78T,predict_masked_FIXED_FR_only_CDR_preserved
H,81,M,L,M81L,predict_masked_FIXED_FR_only_CDR_preserved
H,83,L,W,L83W,predict_masked_FIXED_FR_only_CDR_preserved
H,87,T,R,T87R,predict_masked_FIXED_FR_only_CDR_preserved
H,88,S,A,S88A,predict_masked_FIXED_FR_only_CDR_preserved
H,89,E,D,E89D,predict_masked_FIXED_FR_only_CDR_preserved
H,91,S,T,S91T,predict_masked_FIXED_FR_only_CDR_preserved
H,95,F,Y,F95Y,predict_masked_FIXED_FR_only_CDR_preserved
H,115,S,L,S115L,predict_masked_FIXED_FR_only_CDR_preserved
L,3,A,V,A3V,predict_masked_FIXED_FR_only_CDR_preserved
L,12,G,S,G12S,predict_masked_FIXED_FR_only_CDR_preserved
L,13,S,A,S13A,predict_masked_FIXED_FR_only_CDR_preserved
L,14,P,T,P14T,predict_masked_FIXED_FR_only_CDR_preserved
L,17,S,T,S17T,predict_masked_FIXED_FR_only_CDR_preserved
L,20,I,T,I20T,predict_masked_FIXED_FR_only_CDR_preserved
L,25,T,S,T25S,predict_masked_FIXED_FR_only_CDR_preserved
L,35,V,G,V35G,predict_masked_FIXED_FR_only_CDR_preserved
L,36,S,W,S36W,predict_masked_FIXED_FR_only_CDR_preserved
L,40,Q,G,Q40G,predict_masked_FIXED_FR_only_CDR_preserved
L,41,Y,P,Y41P,predict_masked_FIXED_FR_only_CDR_preserved
L,42,P,G,P42G,predict_masked_FIXED_FR_only_CDR_preserved
L,44,K,P,K44P,predict_masked_FIXED_FR_only_CDR_preserved
L,45,A,P,A45P,predict_masked_FIXED_FR_only_CDR_preserved
L,46,P,K,P46K,predict_masked_FIXED_FR_only_CDR_preserved
L,47,K,T,K47T,predict_masked_FIXED_FR_only_CDR_preserved
L,48,L,S,L48S,predict_masked_FIXED_FR_only_CDR_preserved
L,50,I,L,I50L,predict_masked_FIXED_FR_only_CDR_preserved
L,51,Y,P,Y51P,predict_masked_FIXED_FR_only_CDR_preserved
L,55,L,R,L55R,predict_masked_FIXED_FR_only_CDR_preserved
L,56,R,P,R56P,predict_masked_FIXED_FR_only_CDR_preserved
L,57,P,G,P57G,predict_masked_FIXED_FR_only_CDR_preserved
L,58,S,G,S58G,predict_masked_FIXED_FR_only_CDR_preserved
L,59,G,I,G59I,predict_masked_FIXED_FR_only_CDR_preserved
L,60,V,P,V60P,predict_masked_FIXED_FR_only_CDR_preserved
L,62,D,R,D62R,predict_masked_FIXED_FR_only_CDR_preserved
L,64,F,S,F64S,predict_masked_FIXED_FR_only_CDR_preserved
L,66,G,S,G66S,predict_masked_FIXED_FR_only_CDR_preserved
L,68,K,S,K68S,predict_masked_FIXED_FR_only_CDR_preserved
L,69,S,G,S69G,predict_masked_FIXED_FR_only_CDR_preserved
L,71,T,N,T71N,predict_masked_FIXED_FR_only_CDR_preserved
L,75,L,G,L75G,predict_masked_FIXED_FR_only_CDR_preserved
L,76,A,N,A76N,predict_masked_FIXED_FR_only_CDR_preserved
L,77,I,T,I77T,predict_masked_FIXED_FR_only_CDR_preserved
L,78,T,S,T78S,predict_masked_FIXED_FR_only_CDR_preserved
L,81,Q,T,Q81T,predict_masked_FIXED_FR_only_CDR_preserved
L,82,A,T,A82T,predict_masked_FIXED_FR_only_CDR_preserved
L,85,G,E,G85E,predict_masked_FIXED_FR_only_CDR_preserved
L,102,G,F,G102F,predict_masked_FIXED_FR_only_CDR_preserved
L,105,T,G,T105G,predict_masked_FIXED_FR_only_CDR_preserved
L,106,K,T,K106T,predict_masked_FIXED_FR_only_CDR_preserved
L,107,T,K,T107K,predict_masked_FIXED_FR_only_CDR_preserved
L,108,V,L,V108L,predict_masked_FIXED_FR_only_CDR_preserved
L,109,V,T,V109T,predict_masked_FIXED_FR_only_CDR_preserved
L,110,L,V,L110V,predict_masked_FIXED_FR_only_CDR_preserved
L,111,G,L,G111L,predict_masked_FIXED_FR_only_CDR_preserved
