chain,imgt_position,wt,mut,mutation,tool
H,H5,Q,V,QH5V,Sapiens
H,H13,V,K,VH13K,Sapiens
H,H21,M,V,MH21V,Sapiens
H,H42,G,V,GH42V,Sapiens
H,H43,K,R,KH43R,Sapiens
H,H45,R,A,RH45A,Sapiens
H,H46,S,P,SH46P,Sapiens
H,H55,E,W,EH55W,Sapiens
H,H57,Y,N,YH57N,Sapiens
H,H65,N,T,NH65T,Sapiens
H,H68,N,A,NH68A,Sapiens
H,H74,A,G,AH74G,Sapiens
H,H75,K,R,KH75R,Sapiens
H,H76,A,V,AH76V,Sapiens
H,H84,S,T,SH84T,Sapiens
H,H86,I,T,IH86T,Sapiens
H,H90,Q,E,QH90E,Sapiens
H,H99,S,T,SH99T,Sapiens
H,H112,L,D,LH112D,Sapiens
H,H117,Y,V,YH117V,Sapiens
H,H123,S,L,SH123L,Sapiens
L,L35,H,A,HL35A,Sapiens
L,L36,K,Y,KL36Y,Sapiens
L,L37,F,N,FL37N,Sapiens
L,L38,P,D,PL38D,Sapiens
L,L56,K,G,KL56G,Sapiens
L,L65,L,S,LL65S,Sapiens
L,L66,L,N,LL66N,Sapiens
L,L99,G,E,GL99E,Sapiens
L,L115,R,S,RL115S,Sapiens
L,L118,F,V,FL118V,Sapiens
L,L119,G,F,GL119F,Sapiens
L,L122,T,G,TL122G,Sapiens
L,L123,K,T,KL123T,Sapiens
L,L124,T,K,TL124K,Sapiens
L,L126,V,T,VL126T,Sapiens
L,L127,L,V,LL127V,Sapiens
L,L127_tail1,G,L,GL127_tail1L,Sapiens
H,H5,Q,V,QH5V,AnthroAb_best_score
H,H13,V,K,VH13K,AnthroAb_best_score
H,H21,M,V,MH21V,AnthroAb_best_score
H,H38,V,Y,VH38Y,AnthroAb_best_score
H,H42,G,V,GH42V,AnthroAb_best_score
H,H43,K,R,KH43R,AnthroAb_best_score
H,H55,E,W,EH55W,AnthroAb_best_score
H,H57,Y,N,YH57N,AnthroAb_best_score
H,H65,N,T,NH65T,AnthroAb_best_score
H,H68,N,A,NH68A,AnthroAb_best_score
H,H74,A,G,AH74G,AnthroAb_best_score
H,H75,K,R,KH75R,AnthroAb_best_score
H,H110,Y,S,YH110S,AnthroAb_best_score
H,H117,Y,V,YH117V,AnthroAb_best_score
L,L35,H,G,HL35G,AnthroAb_best_score
L,L36,K,Y,KL36Y,AnthroAb_best_score
L,L37,F,N,FL37N,AnthroAb_best_score
L,L38,P,Y,PL38Y,AnthroAb_best_score
L,L56,K,D,KL56D,AnthroAb_best_score
L,L65,L,N,LL65N,AnthroAb_best_score
L,L66,L,N,LL66N,AnthroAb_best_score
L,L99,G,E,GL99E,AnthroAb_best_score
L,L124,T,L,TL124L,AnthroAb_best_score
L,L125,V,T,VL125T,AnthroAb_best_score
L,L127_tail1,G,L,GL127_tail1L,AnthroAb_best_score
H,H5,Q,V,QH5V,AnthroAb_masked_FRonly
H,H9,P,A,PH9A,AnthroAb_masked_FRonly
H,H12,L,V,LH12V,AnthroAb_masked_FRonly
H,H13,V,K,VH13K,AnthroAb_masked_FRonly
H,H21,M,V,MH21V,AnthroAb_masked_FRonly
H,H40,N,W,NH40W,AnthroAb_masked_FRonly
H,H42,G,V,GH42V,AnthroAb_masked_FRonly
H,H43,K,R,KH43R,AnthroAb_masked_FRonly
H,H45,R,P,RH45P,AnthroAb_masked_FRonly
H,H46,S,P,SH46P,AnthroAb_masked_FRonly
H,H53,I,M,IH53M,AnthroAb_masked_FRonly
H,H55,E,W,EH55W,AnthroAb_masked_FRonly
H,H67,Y,A,YH67A,AnthroAb_masked_FRonly
H,H68,N,P,NH68P,AnthroAb_masked_FRonly
H,H69,E,P,EH69P,AnthroAb_masked_FRonly
H,H70,K,F,KH70F,AnthroAb_masked_FRonly
H,H72,K,F,KH72F,AnthroAb_masked_FRonly
H,H74,A,G,AH74G,AnthroAb_masked_FRonly
H,H75,K,R,KH75R,AnthroAb_masked_FRonly
H,H76,A,V,AH76V,AnthroAb_masked_FRonly
H,H77,T,V,TH77V,AnthroAb_masked_FRonly
H,H78,L,S,LH78S,AnthroAb_masked_FRonly
H,H79,T,S,TH79S,AnthroAb_masked_FRonly
H,H80,A,R,AH80R,AnthroAb_masked_FRonly
H,H82,K,T,KH82T,AnthroAb_masked_FRonly
H,H84,S,I,SH84I,AnthroAb_masked_FRonly
H,H85,N,S,NH85S,AnthroAb_masked_FRonly
H,H86,I,T,IH86T,AnthroAb_masked_FRonly
H,H89,M,L,MH89L,AnthroAb_masked_FRonly
H,H91,L,W,LH91W,AnthroAb_masked_FRonly
H,H95,T,R,TH95R,AnthroAb_masked_FRonly
H,H96,S,A,SH96A,AnthroAb_masked_FRonly
H,H97,E,D,EH97D,AnthroAb_masked_FRonly
H,H99,S,T,SH99T,AnthroAb_masked_FRonly
H,H103,F,Y,FH103Y,AnthroAb_masked_FRonly
H,H123,S,L,SH123L,AnthroAb_masked_FRonly
L,L3,A,V,AL3V,AnthroAb_masked_FRonly
L,L13,G,S,GL13S,AnthroAb_masked_FRonly
L,L14,S,A,SL14A,AnthroAb_masked_FRonly
L,L15,P,T,PL15T,AnthroAb_masked_FRonly
L,L18,S,T,SL18T,AnthroAb_masked_FRonly
L,L21,I,T,IL21T,AnthroAb_masked_FRonly
L,L26,T,S,TL26S,AnthroAb_masked_FRonly
L,L39,V,G,VL39G,AnthroAb_masked_FRonly
L,L40,S,W,SL40W,AnthroAb_masked_FRonly
L,L44,Q,G,QL44G,AnthroAb_masked_FRonly
L,L45,Y,P,YL45P,AnthroAb_masked_FRonly
L,L46,P,G,PL46G,AnthroAb_masked_FRonly
L,L48,K,P,KL48P,AnthroAb_masked_FRonly
L,L49,A,P,AL49P,AnthroAb_masked_FRonly
L,L50,P,K,PL50K,AnthroAb_masked_FRonly
L,L51,K,T,KL51T,AnthroAb_masked_FRonly
L,L52,L,S,LL52S,AnthroAb_masked_FRonly
L,L54,I,L,IL54L,AnthroAb_masked_FRonly
L,L55,Y,P,YL55P,AnthroAb_masked_FRonly
L,L66,L,R,LL66R,AnthroAb_masked_FRonly
L,L67,R,P,RL67P,AnthroAb_masked_FRonly
L,L68,P,G,PL68G,AnthroAb_masked_FRonly
L,L69,S,G,SL69G,AnthroAb_masked_FRonly
L,L70,G,I,GL70I,AnthroAb_masked_FRonly
L,L71,V,P,VL71P,AnthroAb_masked_FRonly
L,L74,D,R,DL74R,AnthroAb_masked_FRonly
L,L76,F,S,FL76S,AnthroAb_masked_FRonly
L,L78,G,S,GL78S,AnthroAb_masked_FRonly
L,L80,K,S,KL80S,AnthroAb_masked_FRonly
L,L83,S,G,SL83G,AnthroAb_masked_FRonly
L,L85,T,N,TL85N,AnthroAb_masked_FRonly
L,L89,L,G,LL89G,AnthroAb_masked_FRonly
L,L90,A,N,AL90N,AnthroAb_masked_FRonly
L,L91,I,T,IL91T,AnthroAb_masked_FRonly
L,L92,T,S,TL92S,AnthroAb_masked_FRonly
L,L95,Q,T,QL95T,AnthroAb_masked_FRonly
L,L96,A,T,AL96T,AnthroAb_masked_FRonly
L,L99,G,E,GL99E,AnthroAb_masked_FRonly
L,L119,G,F,GL119F,AnthroAb_masked_FRonly
L,L122,T,G,TL122G,AnthroAb_masked_FRonly
L,L123,K,T,KL123T,AnthroAb_masked_FRonly
L,L124,T,K,TL124K,AnthroAb_masked_FRonly
L,L125,V,L,VL125L,AnthroAb_masked_FRonly
L,L126,V,T,VL126T,AnthroAb_masked_FRonly
L,L127,L,V,LL127V,AnthroAb_masked_FRonly
L,L127_tail1,G,L,GL127_tail1L,AnthroAb_masked_FRonly
H,H5,Q,V,QH5V,Humatch
H,H9,P,A,PH9A,Humatch
H,H12,L,V,LH12V,Humatch
H,H21,M,V,MH21V,Humatch
H,H42,G,V,GH42V,Humatch
H,H44,Q,I,QH44I,Humatch
H,H45,R,A,RH45A,Humatch
H,H46,S,P,SH46P,Humatch
H,H53,I,M,IH53M,Humatch
H,H68,N,A,NH68A,Humatch
H,H69,E,Q,EH69Q,Humatch
H,H74,A,G,AH74G,Humatch
H,H75,K,R,KH75R,Humatch
H,H76,A,V,AH76V,Humatch
H,H86,I,T,IH86T,Humatch
H,H90,Q,E,QH90E,Humatch
H,H99,S,T,SH99T,Humatch
H,H103,F,Y,FH103Y,Humatch
L,L99,G,E,GL99E,Humatch
L,L125,V,T,VL125T,Humatch
