anthroab_mode,chain,imgt_position,sapiens_mut,humatch_mut,anthroab_mut,identical_substitution_all3,is_guide_claimed_position78_I78T
best_score_full_argmax,H,H21,MV,MV,MV,True,False
best_score_full_argmax,H,H42,GV,GV,GV,True,False
best_score_full_argmax,H,H5,QV,QV,QV,True,False
best_score_full_argmax,H,H68,NA,NA,NA,True,False
best_score_full_argmax,H,H74,AG,AG,AG,True,False
best_score_full_argmax,H,H75,KR,KR,KR,True,False
best_score_full_argmax,L,L99,GE,GE,GE,True,False
masked_FR_only,H,H21,MV,MV,MV,True,False
masked_FR_only,H,H42,GV,GV,GV,True,False
masked_FR_only,H,H45,RA,RA,RP,False,False
masked_FR_only,H,H46,SP,SP,SP,True,False
masked_FR_only,H,H5,QV,QV,QV,True,False
masked_FR_only,H,H68,NA,NA,NP,False,False
masked_FR_only,H,H74,AG,AG,AG,True,False
masked_FR_only,H,H75,KR,KR,KR,True,False
masked_FR_only,H,H76,AV,AV,AV,True,False
masked_FR_only,H,H86,IT,IT,IT,True,True
masked_FR_only,H,H99,ST,ST,ST,True,False
masked_FR_only,L,L99,GE,GE,GE,True,False
