candidate,chain,motif,count,positions_1based
parental,VH,N-glycosylation,0,
parental,VH,deamidation,0,
parental,VH,isomerization,0,
parental,VH,oxidation,6,20;36;47;81;107;110
parental,VL,N-glycosylation,0,
parental,VL,deamidation,0,
parental,VL,isomerization,1,84
parental,VL,oxidation,1,37
sapiens,VH,N-glycosylation,0,
sapiens,VH,deamidation,0,
sapiens,VH,isomerization,0,
sapiens,VH,oxidation,6,36;47;50;81;107;110
sapiens,VL,N-glycosylation,0,
sapiens,VL,deamidation,1,53
sapiens,VL,isomerization,0,
sapiens,VL,oxidation,1,37
humatch,VH,N-glycosylation,0,
humatch,VH,deamidation,0,
humatch,VH,isomerization,0,
humatch,VH,oxidation,6,36;47;48;81;107;110
humatch,VL,N-glycosylation,0,
humatch,VL,deamidation,0,
humatch,VL,isomerization,0,
humatch,VL,oxidation,1,37
anthroab,VH,N-glycosylation,0,
anthroab,VH,deamidation,0,
anthroab,VH,isomerization,0,
anthroab,VH,oxidation,6,36;47;50;81;107;110
anthroab,VL,N-glycosylation,0,
anthroab,VL,deamidation,0,
anthroab,VL,isomerization,0,
anthroab,VL,oxidation,1,37
anthroabFRmasked,VH,N-glycosylation,0,
anthroabFRmasked,VH,deamidation,0,
anthroabFRmasked,VH,isomerization,0,
anthroabFRmasked,VH,oxidation,8,35;36;47;48;50;83;107;110
anthroabFRmasked,VL,N-glycosylation,1,76
anthroabFRmasked,VL,deamidation,1,71
anthroabFRmasked,VL,isomerization,0,
anthroabFRmasked,VL,oxidation,2,36;37
