id,file_name,designed_sequence,designed_chain_sequence,designed_sequence_1,full_sequence_1,designed_sequence_2,full_sequence_2,num_prot_tokens,num_lig_atoms,num_resolved_tokens,num_tokens,num_design,UNK_fraction,GLY_fraction,ALA_fraction,CYS_fraction,SER_fraction,PRO_fraction,THR_fraction,VAL_fraction,ILE_fraction,ASN_fraction,ASP_fraction,LEU_fraction,MET_fraction,GLN_fraction,GLU_fraction,LYS_fraction,HIS_fraction,PHE_fraction,ARG_fraction,TYR_fraction,TRP_fraction,loop,helix,sheet,liability_score,liability_num_violations,liability_high_severity_violations,liability_medium_severity_violations,liability_low_severity_violations,liability_AspBridge_count,liability_AspCleave_count,liability_ProtTryp_count,liability_MetOx_count,liability_TrpOx_count,liability_HydroPatch_count,liability_DPP4_count,liability_DPP4_position,liability_DPP4_length,liability_DPP4_severity,liability_DPP4_details,liability_DPP4_positions,liability_DPP4_num_positions,liability_DPP4_global_details,liability_DPP4_avg_severity,liability_MetOx_position,liability_MetOx_length,liability_MetOx_severity,liability_MetOx_details,liability_MetOx_positions,liability_MetOx_num_positions,liability_MetOx_global_details,liability_MetOx_avg_severity,liability_AspBridge_position,liability_AspBridge_length,liability_AspBridge_severity,liability_AspBridge_details,liability_AspBridge_positions,liability_AspBridge_num_positions,liability_AspBridge_global_details,liability_AspBridge_avg_severity,liability_NTCycl_count,liability_NTCycl_position,liability_NTCycl_length,liability_NTCycl_severity,liability_NTCycl_details,liability_NTCycl_positions,liability_NTCycl_num_positions,liability_NTCycl_global_details,liability_NTCycl_avg_severity,liability_HydroPatch_position,liability_HydroPatch_length,liability_HydroPatch_severity,liability_HydroPatch_details,liability_HydroPatch_positions,liability_HydroPatch_num_positions,liability_HydroPatch_global_details,liability_HydroPatch_avg_severity,liability_AspCleave_position,liability_AspCleave_length,liability_AspCleave_severity,liability_AspCleave_details,liability_AspCleave_positions,liability_AspCleave_num_positions,liability_AspCleave_global_details,liability_AspCleave_avg_severity,liability_ProtTryp_position,liability_ProtTryp_length,liability_ProtTryp_severity,liability_ProtTryp_details,liability_ProtTryp_positions,liability_ProtTryp_num_positions,liability_ProtTryp_global_details,liability_ProtTryp_avg_severity,liability_TrpOx_position,liability_TrpOx_length,liability_TrpOx_severity,liability_TrpOx_details,liability_TrpOx_positions,liability_TrpOx_num_positions,liability_TrpOx_global_details,liability_TrpOx_avg_severity,liability_violations_summary,native_rmsd,native_rmsd_bb,native_rmsd_refolded,native_rmsd_bb_refolded,bb_rmsd,bb_rmsd_design,bb_rmsd_target,bb_rmsd_design_target,bb_target_aligned_rmsd_design,bb_rmsd<2.5,bb_target_aligned<2.5,bb_designability_rmsd_2,bb_designability_rmsd_4,ligand_iptm,interaction_pae,min_interaction_pae,min_design_to_target_pae,iptm,ptm,protein_iptm,design_iptm,design_iiptm,design_to_target_iptm,design_residue_iptm,target_ptm,design_ptm,design_ipsae_min,design_to_target_ipsae,target_to_design_ipsae,complex_plddt,complex_iplddt,complex_pde,complex_ipde,min_interaction_pae<1.5,min_interaction_pae<2,min_interaction_pae<2.5,min_interaction_pae<3,min_interaction_pae<4,min_interaction_pae<5,design_ptm>80,design_ptm>75,design_iptm>80,design_iptm>70,design_iptm>60,design_iptm>50,design_chain_hydrophobicity,design_hydrophobicity,delta_sasa_refolded,design_sasa_unbound_refolded,design_sasa_bound_refolded,plip_hbonds_refolded,plip_saltbridge_refolded,liability_details
pdl1_00,pdl1_00.cif,GFSLSTSGYSWSGGKGGLGASLGIYGLDYRASQSVDYGNNYLHLASNRASAASASGDDPRVT,EVQLVESGGGLEQPGGSLRLSCAGSGFSLSTSGYAMTWVRQAPGKGLEWVSSISWSGGKTYYADSVKGRFTISRDNSKNTLYLQMNSLRAEDTAVYYCAKGGLGASLGIYGLDYWGQGTTVTVSS,GFSLSTSGYSWSGGKGGLGASLGIYGLDY,EVQLVESGGGLEQPGGSLRLSCAGSGFSLSTSGYAMTWVRQAPGKGLEWVSSISWSGGKTYYADSVKGRFTISRDNSKNTLYLQMNSLRAEDTAVYYCAKGGLGASLGIYGLDYWGQGTTVTVSS,RASQSVDYGNNYLHLASNRASAASASGDDPRVT,DIVMTQSPLSLPVTPGEPASISCRASQSVDYGNNYLHWYLQKSGQSPQLLIYLASNRASGVPDRFSGSGSGTDFTLKISRVEAEDVGFYYCAASASGDDPRVTFGQGTKLEIK,365,0,364.00000,365.00000,62,0.00000,0.17742,0.11290,0.00000,0.19355,0.01613,0.03226,0.03226,0.01613,0.04839,0.06452,0.09677,0.00000,0.01613,0.00000,0.01613,0.01613,0.01613,0.04839,0.08065,0.01613,0.93548,0.00000,0.06452,190,21,17,4,0,0,0,0,0,0,0,0,-1,0,0,,,0,,0.00000,-1,0,0,,36-85,2,,5.00000,-1,0,0,,76-86,2,,10.00000,0,-1,0,0,,,0,,0.00000,-1,0,0,,81-95,2,,5.00000,64,2,10,,,0,,0.00000,-1,0,0,,19-100,10,,10.00000,-1,0,0,,38-115,4,,10.00000,"AspBridgex2(pos76-86,sev10); AspCleave(pos64,sev10); ProtTrypx10(pos19-100,sev10); MetOxx2(pos36-85,sev5); TrpOxx4(pos38-115,sev10); HydroPatchx2(pos81-95,sev5)",0.00000,0.00000,0.00000,0.00000,13.47273,2.38766,4.30871,7.17111,27.01932,False,False,False,True,0.00000,19.09120,12.44434,12.66857,0.42530,0.52183,0.42530,0.31350,0.31350,0.32052,0.64587,0.70746,0.65476,0.00519,0.01029,0.00519,0.71013,0.66351,1.35264,5.45110,False,False,False,False,False,False,False,False,False,False,False,False,49.45970,25.17680,822.21045,7457.00977,6634.79932,2,0,
pdl1_01,pdl1_01.cif,GFTFSSYSSGSNPVNIGSSATAGYMDYRASQSISTYLAYASKRASQHSDPASGSFT,EVQLVESGGGLEQPGGSLRLSCAGSGFTFSSYAMTWVRQAPGKGLEWVSSISSGSNPVTYYADSVKGRFTISRDNSKNTLYLQMNSLRAEDTAVYYCAKNIGSSATAGYMDYWGQGTTVTVSS,GFTFSSYSSGSNPVNIGSSATAGYMDY,EVQLVESGGGLEQPGGSLRLSCAGSGFTFSSYAMTWVRQAPGKGLEWVSSISSGSNPVTYYADSVKGRFTISRDNSKNTLYLQMNSLRAEDTAVYYCAKNIGSSATAGYMDYWGQGTTVTVSS,RASQSISTYLAYASKRASQHSDPASGSFT,DIVMTQSPLSLPVTPGEPASISCRASQSISTYLAWYLQKSGQSPQLLIYYASKRASGVPDRFSGSGSGTDFTLKISRVEAEDVGFYYCQHSDPASGSFTFGQGTKLEIK,359,0,358.00000,359.00000,56,0.00000,0.08929,0.12500,0.00000,0.26786,0.03571,0.07143,0.01786,0.03571,0.03571,0.03571,0.01786,0.01786,0.03571,0.00000,0.01786,0.01786,0.05357,0.03571,0.08929,0.00000,0.85714,0.10714,0.03571,175,20,15,5,0,0,0,0,0,0,0,0,-1,0,0,,,0,,0.00000,-1,0,0,,34-110,3,,5.00000,-1,0,0,,75-85,2,,10.00000,0,-1,0,0,,,0,,0.00000,-1,0,0,,80-94,2,,5.00000,63,2,10,,,0,,0.00000,-1,0,0,,19-99,9,,10.00000,-1,0,0,,36-113,3,,10.00000,"AspBridgex2(pos75-85,sev10); AspCleave(pos63,sev10); ProtTrypx9(pos19-99,sev10); MetOxx3(pos34-110,sev5); TrpOxx3(pos36-113,sev10); HydroPatchx2(pos80-94,sev5)",0.00000,0.00000,0.00000,0.00000,5.53811,1.31462,1.20833,3.77236,9.15713,False,False,True,True,0.00000,22.59226,15.64835,15.64835,0.41596,0.53237,0.41596,0.22177,0.22177,0.23552,0.67692,0.73112,0.71243,0.00000,0.00000,0.00000,0.72886,0.69552,1.31863,6.92763,False,False,False,False,False,False,False,False,False,False,False,False,46.89930,26.96170,866.22021,7707.18457,6840.96436,3,1,
pdl1_02,pdl1_02.cif,GFTFSSYSPSGGYYDGYRSSQSLTHSDGTTYLYYASNRGSAQRTSYYGPLY,EVQLVESGGGLEQPGGSLRLSCAGSGFTFSSYAMTWVRQAPGKGLEWVSSISPSGGYTYYADSVKGRFTISRDNSKNTLYLQMNSLRAEDTAVYYCAKYDGYWGQGTTVTVSS,GFTFSSYSPSGGYYDGY,EVQLVESGGGLEQPGGSLRLSCAGSGFTFSSYAMTWVRQAPGKGLEWVSSISPSGGYTYYADSVKGRFTISRDNSKNTLYLQMNSLRAEDTAVYYCAKYDGYWGQGTTVTVSS,RSSQSLTHSDGTTYLYYASNRGSAQRTSYYGPLY,DIVMTQSPLSLPVTPGEPASISCRSSQSLTHSDGTTYLYWYLQKSGQSPQLLIYYASNRGSGVPDRFSGSGSGTDFTLKISRVEAEDVGFYYCAQRTSYYGPLYFGQGTKLEIK,354,0,353.00000,354.00000,51,0.00000,0.13725,0.03922,0.00000,0.21569,0.03922,0.09804,0.00000,0.00000,0.01961,0.03922,0.05882,0.00000,0.03922,0.00000,0.00000,0.01961,0.03922,0.05882,0.19608,0.00000,0.82353,0.05882,0.11765,180,20,16,4,0,0,0,0,0,0,0,0,-1,0,0,,,0,,0.00000,-1,0,0,,34-83,2,,5.00000,-1,0,0,,74-84,2,,10.00000,0,-1,0,0,,,0,,0.00000,-1,0,0,,79-93,2,,5.00000,-1,0,0,,62-100,2,,10.00000,-1,0,0,,19-98,9,,10.00000,-1,0,0,,36-103,3,,10.00000,"AspBridgex2(pos74-84,sev10); AspCleavex2(pos62-100,sev10); ProtTrypx9(pos19-98,sev10); MetOxx2(pos34-83,sev5); TrpOxx3(pos36-103,sev10); HydroPatchx2(pos79-93,sev5)",0.00000,0.00000,0.00000,0.00000,5.98750,0.79793,1.50719,3.58741,12.19264,False,False,True,True,0.00000,21.32286,13.96530,14.39322,0.43006,0.53717,0.43006,0.25557,0.25454,0.24591,0.67827,0.73138,0.70970,0.00000,0.00490,0.00000,0.71150,0.67108,1.23141,6.24828,False,False,False,False,False,False,False,False,False,False,False,False,47.50890,32.30590,1014.97754,7720.97754,6706.00000,2,1,
pdl1_03,pdl1_03.cif,GSINLNNYSGSSSDPYVLPSPKLEALGLDTGALTGYKSSQSLLHSNGNTYLAKVSTRASMQYYHLYSFT,EVQLVESGGGLVQPGGSLRLSCAASGSINLNNYGMSWVRQAPGKGLELVASISGSSSDPYTYYPDSVKGRFTISRDNAKNSLYLQMNSLRAEDTAVYYCASVLPSPKLEALGLDTGALTGYWGQGTTVTVSS,GSINLNNYSGSSSDPYVLPSPKLEALGLDTGALTGY,EVQLVESGGGLVQPGGSLRLSCAASGSINLNNYGMSWVRQAPGKGLELVASISGSSSDPYTYYPDSVKGRFTISRDNAKNSLYLQMNSLRAEDTAVYYCASVLPSPKLEALGLDTGALTGYWGQGTTVTVSS,KSSQSLLHSNGNTYLAKVSTRASMQYYHLYSFT,DIVMTQSPLSLPVTPGEPASISCKSSQSLLHSNGNTYLAWYLQKPGQSPQLLIYKVSTRASGVPDRFSGSGSGTDFTLKISRVEAEDVGVYYCMQYYHLYSFTFGQGTKVEIK,372,0,372.00000,372.00000,69,0.00000,0.08696,0.05797,0.00000,0.18841,0.04348,0.07246,0.02899,0.01449,0.07246,0.02899,0.14493,0.01449,0.02899,0.01449,0.04348,0.02899,0.01449,0.01449,0.10145,0.00000,0.78261,0.13043,0.08696,180,20,16,4,0,0,0,0,0,0,0,0,-1,0,0,,,0,,0.00000,-1,0,0,,35-86,2,,5.00000,-1,0,0,,77-87,3,,10.00000,0,-1,0,0,,,0,,0.00000,-1,0,0,,82-96,2,,5.00000,-1,0,0,,58-65,2,,10.00000,-1,0,0,,19-107,9,,10.00000,-1,0,0,,37-122,2,,10.00000,"AspBridgex3(pos77-87,sev10); AspCleavex2(pos58-65,sev10); ProtTrypx9(pos19-107,sev10); MetOxx2(pos35-86,sev5); TrpOxx2(pos37-122,sev10); HydroPatchx2(pos82-96,sev5)",0.00000,0.00000,0.00000,0.00000,11.55765,2.86729,0.79596,7.32563,21.12334,False,False,False,True,0.00000,20.31713,10.89934,10.89934,0.41948,0.52075,0.41948,0.35634,0.35634,0.35634,0.62149,0.70866,0.66310,0.00641,0.03866,0.00641,0.68401,0.63303,1.35569,5.81572,False,False,False,False,False,False,False,False,False,False,False,False,49.30800,36.94440,936.52686,7667.36523,6730.83838,4,2,
pdl1_04,pdl1_04.cif,GFSLSGTTTGDGSLGIVLGDDIYASKSASRASQSVSNNDLADTSNRASMQYGGPFSSGVT,EVQLVESGGGLVQPGGSLRLSCAASGFSLSGTTGMSWVRQAPGKGLELVASITGDGSTYYPDSVKGRFTISRDNAKNSLYLQMNSLRAEDTAVYYCASLGIVLGDDIYASKSASWGQGTTVTVSS,GFSLSGTTTGDGSLGIVLGDDIYASKSAS,EVQLVESGGGLVQPGGSLRLSCAASGFSLSGTTGMSWVRQAPGKGLELVASITGDGSTYYPDSVKGRFTISRDNAKNSLYLQMNSLRAEDTAVYYCASLGIVLGDDIYASKSASWGQGTTVTVSS,RASQSVSNNDLADTSNRASMQYGGPFSSGVT,DIVMTQSPLSLPVTPGEPASISCRASQSVSNNDLAWYLQKPGQSPQLLIYDTSNRASGVPDRFSGSGSGTDFTLKISRVEAEDVGVYYCMQYGGPFSSGVTFGQGTKVEIK,363,0,363.00000,363.00000,60,0.00000,0.15000,0.08333,0.00000,0.21667,0.01667,0.08333,0.05000,0.03333,0.05000,0.08333,0.06667,0.01667,0.03333,0.00000,0.01667,0.00000,0.03333,0.03333,0.03333,0.00000,0.75000,0.10000,0.15000,185,21,16,5,0,0,0,0,0,0,0,0,-1,0,0,,,0,,0.00000,-1,0,0,,35-83,2,,5.00000,-1,0,0,,74-84,3,,10.00000,0,-1,0,0,,,0,,0.00000,-1,0,0,,79-101,3,,5.00000,-1,0,0,,55-62,2,,10.00000,-1,0,0,,19-111,9,,10.00000,-1,0,0,,37-115,2,,10.00000,"AspBridgex3(pos74-84,sev10); AspCleavex2(pos55-62,sev10); ProtTrypx9(pos19-111,sev10); MetOxx2(pos35-83,sev5); TrpOxx2(pos37-115,sev10); HydroPatchx3(pos79-101,sev5)",0.00000,0.00000,0.00000,0.00000,3.08492,1.25351,1.24318,2.83263,5.08259,False,False,True,True,0.00000,17.29298,9.59626,9.59626,0.43113,0.53579,0.43113,0.34582,0.37090,0.40508,0.57595,0.70855,0.64576,0.04461,0.04461,0.07335,0.68753,0.61433,1.28210,4.54743,False,False,False,False,False,False,False,False,False,False,False,False,48.07540,26.86140,754.03320,7763.10645,7009.07324,2,1,
pdl1_05,pdl1_05.cif,KASGFSVSSNYLASASNLESQQYSSLPLTGSGADLSSYSSSSAMPFNSTATPYSGAMDY,DIQMTQSPSSLSASVGDRVTITCKASGFSVSSNYLAWYQQKPGKAPKLLIYSASNLESGVPSRFSGSGSGTDFTLTISSLQPEDVATYYCQQYSSLPLTFGQGTKVEIK,KASGFSVSSNYLASASNLESQQYSSLPLT,DIQMTQSPSSLSASVGDRVTITCKASGFSVSSNYLAWYQQKPGKAPKLLIYSASNLESGVPSRFSGSGSGTDFTLTISSLQPEDVATYYCQQYSSLPLTFGQGTKVEIK,GSGADLSSYSSSSAMPFNSTATPYSGAMDY,EVQLVESGGGLVQPGRSLRLSCAASGSGADLSSYAMHWVRQAPGKGLEWVSAISSSSAMPFIDYADSVEGRFTISRDNAKNSLYLQMNSLRAEDTAVYYCAKNSTATPYSGAMDYWGQGTLVTVSS,362,0,362.00000,362.00000,59,0.00000,0.06780,0.11864,0.00000,0.30508,0.05085,0.05085,0.01695,0.00000,0.05085,0.03390,0.08475,0.03390,0.03390,0.01695,0.01695,0.00000,0.03390,0.00000,0.08475,0.00000,0.94915,0.00000,0.05085,90,10,8,2,0,0,0,0,0,0,0,0,-1,0,0,,,0,,0.00000,4,1,5,,,0,,0.00000,-1,0,0,,,0,,0.00000,0,-1,0,0,,,0,,0.00000,48,4,5,,,0,,0.00000,-1,0,0,,,0,,0.00000,-1,0,0,,18-105,7,,10.00000,37,1,10,,,0,,0.00000,"ProtTrypx7(pos18-105,sev10); MetOx(pos4,sev5); TrpOx(pos37,sev10); HydroPatch(pos48,sev5)",0.00000,0.00000,0.00000,0.00000,1.77003,2.09302,1.53500,2.33401,3.73022,True,False,False,True,0.00000,15.57019,8.49175,8.49175,0.49549,0.58360,0.49549,0.41694,0.47353,0.46285,0.66139,0.78207,0.69422,0.09397,0.09397,0.11839,0.71215,0.64930,1.20288,4.50138,False,False,False,False,False,False,False,False,False,False,False,False,48.01380,33.22660,841.67627,7567.17480,6725.49854,5,1,
pdl1_06,pdl1_06.cif,RASQSVSNNALADASKLESQQYSSFPLTGFSPFSDGYNPVTGYGLGPPWYTYFDY,DIQMTQSPSSLSASVGDRVTITCRASQSVSNNALAWYQQKPEKAPKSLIYDASKLESGVPSRFSGSGSGTDFTLTISSLQPEDFATYYCQQYSSFPLTFGQGTKLEIK,RASQSVSNNALADASKLESQQYSSFPLT,DIQMTQSPSSLSASVGDRVTITCRASQSVSNNALAWYQQKPEKAPKSLIYDASKLESGVPSRFSGSGSGTDFTLTISSLQPEDFATYYCQQYSSFPLTFGQGTKLEIK,GFSPFSDGYNPVTGYGLGPPWYTYFDY,EVQLVQSGAEVKKPGESLKISCKGSGFSPFSDGYWLGWVRQMPGKGLDWIGIMNPVTGYIRYSPSFQGQVTMSVDKSITTAYLQWNSLKASDTAMYYCARGLGPPWYTYFDYWGQGTLVTVSS,358,0,358.00000,358.00000,55,0.00000,0.09091,0.07273,0.00000,0.16364,0.09091,0.05455,0.03636,0.00000,0.05455,0.05455,0.07273,0.00000,0.05455,0.01818,0.01818,0.00000,0.07273,0.01818,0.10909,0.01818,0.89091,0.05455,0.05455,110,12,10,2,0,0,0,0,0,0,0,0,-1,0,0,,,0,,0.00000,4,1,5,,,0,,0.00000,32,2,10,,,0,,0.00000,0,-1,0,0,,,0,,0.00000,48,3,5,,,0,,0.00000,-1,0,0,,,0,,0.00000,-1,0,0,,18-104,8,,10.00000,36,1,10,,,0,,0.00000,"AspBridge(pos32,sev10); ProtTrypx8(pos18-104,sev10); MetOx(pos4,sev5); TrpOx(pos36,sev10); HydroPatch(pos48,sev5)",0.00000,0.00000,0.00000,0.00000,10.87521,1.17105,3.30335,7.65831,19.93830,False,False,True,True,0.00000,19.05388,10.94680,10.94680,0.43495,0.53244,0.43495,0.30669,0.31140,0.32105,0.62357,0.70445,0.68250,0.00535,0.01653,0.00535,0.74921,0.69838,1.23194,5.14174,False,False,False,False,False,False,False,False,False,False,False,False,46.35140,48.92800,659.83008,7600.73730,6940.90723,3,1,
pdl1_07,pdl1_07.cif,SGSSSNIGSNYVNWDSELPSQSYDASKNNLVGSFDFSSYSSDGTTYSLYFAPGISTYMDY,ESVLTQPPSVSGAPGQRVTISCSGSSSNIGSNYVNWYQQLPGTAPKLLISWDSELPSGVPDRFSGSKSGTSASLAITGLQAEDEADYYCQSYDASKNNLVFGGGTKLTVL,SGSSSNIGSNYVNWDSELPSQSYDASKNNLV,ESVLTQPPSVSGAPGQRVTISCSGSSSNIGSNYVNWYQQLPGTAPKLLISWDSELPSGVPDRFSGSKSGTSASLAITGLQAEDEADYYCQSYDASKNNLVFGGGTKLTVL,GSFDFSSYSSDGTTYSLYFAPGISTYMDY,EVQLVESGGGLVKPGGSLRLSCAASGSFDFSSYSMNWVRQAPGKGLEWVSSISSDGTTYISYADSVKGRFTISRDNAKNSLYLQMNSLRAEDTAVYFCARSLYFAPGISTYMDYWGQGTMVTVSS,362,0,362.00000,362.00000,60,0.00000,0.08333,0.03333,0.00000,0.26667,0.03333,0.05000,0.03333,0.03333,0.08333,0.08333,0.05000,0.01667,0.01667,0.01667,0.01667,0.00000,0.05000,0.00000,0.11667,0.01667,0.76667,0.10000,0.13333,100,11,9,2,0,0,0,0,0,0,0,0,-1,0,0,,,0,,0.00000,-1,0,0,,,0,,0.00000,-1,0,0,,,0,,0.00000,0,-1,0,0,,,0,,0.00000,-1,0,0,,47-99,2,,5.00000,52,2,10,,,0,,0.00000,-1,0,0,,17-106,6,,10.00000,-1,0,0,,36-51,2,,10.00000,"AspCleave(pos52,sev10); ProtTrypx6(pos17-106,sev10); TrpOxx2(pos36-51,sev10); HydroPatchx2(pos47-99,sev5)",0.00000,0.00000,0.00000,0.00000,3.49383,0.88704,4.77997,2.09762,3.62766,False,False,True,True,0.00000,14.68527,7.43260,7.98444,0.50996,0.60087,0.50996,0.44338,0.45686,0.48194,0.67540,0.74402,0.70830,0.11088,0.11088,0.13447,0.76181,0.70213,1.17049,4.18250,False,False,False,False,False,False,False,False,False,False,False,False,46.00630,45.37240,832.12451,7727.02832,6894.90381,3,2,
pdl1_08,pdl1_08.cif,GSLSISAGDRNLNGQTIDDVSGSSSVLSSSGYGSYLNDGSKRPSATRSTSDGLV,VQLVQSGAEVKKPGASVKVSCKASGSLSISAGDGLSWVRQAPGQGLEWMGWIRNLNGQTITNYGQEFQGRVTMTTDTSTSTAYMELRSLRSDDTAVYYCARDDVWGRGTLVTVSS,GSLSISAGDRNLNGQTIDDV,VQLVQSGAEVKKPGASVKVSCKASGSLSISAGDGLSWVRQAPGQGLEWMGWIRNLNGQTITNYGQEFQGRVTMTTDTSTSTAYMELRSLRSDDTAVYYCARDDVWGRGTLVTVSS,SGSSSVLSSSGYGSYLNDGSKRPSATRSTSDGLV,YVLTQPPSVSVAPGKTARITCSGSSSVLSSSGYGSYLNWYQQKPGQAPVLVIYDGSKRPSGIPERFSGSNSGNTATLTISRVEAGDEADYYCATRSTSDGLVFGGGTKLTVL,354,0,354.00000,354.00000,54,0.00000,0.14815,0.03704,0.00000,0.27778,0.01852,0.05556,0.05556,0.03704,0.05556,0.09259,0.09259,0.00000,0.01852,0.00000,0.01852,0.00000,0.00000,0.05556,0.03704,0.00000,0.70370,0.07407,0.22222,190,21,17,4,0,0,0,0,0,0,0,0,-1,0,0,,,0,,0.00000,-1,0,0,,49-84,3,,5.00000,56,2,10,,,0,,0.00000,0,-1,0,0,,,0,,0.00000,96,3,5,,,0,,0.00000,33,2,10,,,0,,0.00000,-1,0,0,,11-107,11,,10.00000,-1,0,0,,37-105,4,,10.00000,"AspBridge(pos56,sev10); AspCleave(pos33,sev10); ProtTrypx11(pos11-107,sev10); MetOxx3(pos49-84,sev5); TrpOxx4(pos37-105,sev10); HydroPatch(pos96,sev5)",0.00000,0.00000,0.00000,0.00000,2.76426,3.69646,2.86555,3.80976,4.52424,False,False,False,True,0.00000,21.45774,14.70263,14.76780,0.40960,0.50915,0.40960,0.25093,0.25093,0.25133,0.62617,0.70034,0.66333,0.00000,0.00460,0.00000,0.69621,0.65859,1.35633,6.50594,False,False,False,False,False,False,False,False,False,False,False,False,45.63910,27.62510,845.64893,7835.94336,6990.29443,4,5,
pdl1_09,pdl1_09.cif,GLSLSEHNVLVGGSKESYWAAYNSDGSRIPDAMDYRSSQSVDYNGKNYLHWASNLESQQYYSTPT,VQLVQSGAEVKKPGSSVMVSCQASGLSLSEHNVIINWVRQAPGQGPEWMGGILVGGSKEVHYGPKFQGRVTITADESTDTAYMELSSLRSEDTAMYYCATSYWAAYNSDGSRIPDAMDYWGQGTLVTVSS,GLSLSEHNVLVGGSKESYWAAYNSDGSRIPDAMDY,VQLVQSGAEVKKPGSSVMVSCQASGLSLSEHNVIINWVRQAPGQGPEWMGGILVGGSKEVHYGPKFQGRVTITADESTDTAYMELSSLRSEDTAMYYCATSYWAAYNSDGSRIPDAMDYWGQGTLVTVSS,RSSQSVDYNGKNYLHWASNLESQQYYSTPT,DIQMTQSPSSLSAAVGDRVTITCRSSQSVDYNGKNYLHWYQQKPGKAPKLLIYWASNLESGVPSRFSGSGSGTDFSLTISSLQPEDVATYYCQQYYSTPTFGGGTKVEIK,367,0,367.00000,367.00000,65,0.00000,0.07692,0.06154,0.00000,0.18462,0.03077,0.03077,0.04615,0.01538,0.07692,0.06154,0.07692,0.01538,0.04615,0.04615,0.03077,0.03077,0.00000,0.03077,0.10769,0.03077,0.78462,0.00000,0.21538,175,21,14,7,0,0,0,0,0,0,0,0,-1,0,0,,,0,,0.00000,-1,0,0,,18-117,5,,5.00000,107,2,10,,,0,,0.00000,0,-1,0,0,,,0,,0.00000,-1,0,0,,33-52,2,,5.00000,109,2,10,,,0,,0.00000,-1,0,0,,11-112,8,,10.00000,-1,0,0,,37-120,4,,10.00000,"AspBridge(pos107,sev10); AspCleave(pos109,sev10); ProtTrypx8(pos11-112,sev10); MetOxx5(pos18-117,sev5); TrpOxx4(pos37-120,sev10); HydroPatchx2(pos33-52,sev5)",0.00000,0.00000,0.00000,0.00000,6.44187,2.66582,3.21864,5.76974,6.94679,False,False,False,True,0.00000,21.86645,15.03137,15.03137,0.40591,0.50927,0.40591,0.23668,0.25990,0.29008,0.64343,0.72325,0.67692,0.00000,0.00000,0.00000,0.71734,0.66994,1.30815,6.75206,False,False,False,False,False,False,False,False,False,False,False,False,48.61560,32.44550,935.22559,7768.21875,6832.99316,6,6,
pdl1_10,pdl1_10.cif,GFSLTDGYYPGAGGLYGGGSDGRSYYVLDYRASQSVNSMHDASTLASQQYSGDPNVPLT,QVQLQESGPGLVKPSQTLSLTCTVSGFSLTDGYYWSWIRQPPGKGLEWIGYIYPGAGGLYTDYNPSLKSRVTMSVDTSKNQFSLKVNSVTAADTAVYYCARGGGSDGRSYYVLDYWGQGTLVTVSS,GFSLTDGYYPGAGGLYGGGSDGRSYYVLDY,QVQLQESGPGLVKPSQTLSLTCTVSGFSLTDGYYWSWIRQPPGKGLEWIGYIYPGAGGLYTDYNPSLKSRVTMSVDTSKNQFSLKVNSVTAADTAVYYCARGGGSDGRSYYVLDYWGQGTLVTVSS,RASQSVNSMHDASTLASQQYSGDPNVPLT,EIVMTQSPATLSLSPGERATLSCRASQSVNSMHWYQQKPGQAPRLLIYDASTLASGIPARFSGSGSGTDFTLTISSLEPEDFAVYYCQQYSGDPNVPLTFGGGTKAEIK,362,0,362.00000,362.00000,59,0.00000,0.16949,0.06780,0.00000,0.15254,0.05085,0.05085,0.05085,0.00000,0.03390,0.08475,0.08475,0.01695,0.05085,0.00000,0.00000,0.01695,0.01695,0.03390,0.11864,0.00000,0.89831,0.00000,0.10169,200,23,17,6,0,0,0,0,0,0,0,0,-1,0,0,,,0,,0.00000,73,1,5,,,0,,0.00000,-1,0,0,,80-87,2,,10.00000,0,1,1,5,,,0,,0.00000,-1,0,0,,33-110,4,,5.00000,-1,0,0,,31-106,2,,10.00000,-1,0,0,,13-108,9,,10.00000,-1,0,0,,35-116,4,,10.00000,"AspBridgex2(pos80-87,sev10); AspCleavex2(pos31-106,sev10); NTCycl(pos1,sev5); ProtTrypx9(pos13-108,sev10); MetOx(pos73,sev5); TrpOxx4(pos35-116,sev10); HydroPatchx4(pos33-110,sev5)",0.00000,0.00000,0.00000,0.00000,17.40218,2.13717,1.69703,4.02176,37.72710,False,False,False,True,0.00000,20.57706,13.51224,13.51224,0.43123,0.53696,0.43123,0.28928,0.26710,0.29502,0.66913,0.72345,0.69823,0.00481,0.00507,0.00481,0.71579,0.67455,1.33001,6.51326,False,False,False,False,False,False,False,False,False,False,False,False,51.84780,29.14470,833.40137,7700.61133,6867.20996,2,1,
pdl1_11,pdl1_11.cif,GSFTFSSYSSSGSVVRGASIYYGAMDYRASQSVSGNNNLHSASNRASQASSSSSNPKWS,EVQLVESGGGLEQPGGSLRLSCAGSGSFTFSSYAMTWVRQAPGKGLEWVSSISSSGSVTYYADSVKGRFTISRDNSKNTLYLQMNSLRAEDTAVYYCAKVRGASIYYGAMDYWGQGTTVTVSS,GSFTFSSYSSSGSVVRGASIYYGAMDY,EVQLVESGGGLEQPGGSLRLSCAGSGSFTFSSYAMTWVRQAPGKGLEWVSSISSSGSVTYYADSVKGRFTISRDNSKNTLYLQMNSLRAEDTAVYYCAKVRGASIYYGAMDYWGQGTTVTVSS,RASQSVSGNNNLHSASNRASQASSSSSNPKWS,DIVMTQSPLSLPVTPGEPASISCRASQSVSGNNNLHWYLQKSGQSPQLLIYSASNRASGVPDRFSGSGSGTDFTLKISRVEAEDVGFYYCQASSSSSNPKWSFGQGTKLEIK,362,0,361.00000,362.00000,59,0.00000,0.08475,0.10169,0.00000,0.33898,0.01695,0.01695,0.05085,0.01695,0.08475,0.01695,0.01695,0.01695,0.03390,0.00000,0.01695,0.01695,0.03390,0.05085,0.06780,0.01695,0.83051,0.10169,0.06780,190,22,16,6,0,0,0,0,0,0,0,0,-1,0,0,,,0,,0.00000,-1,0,0,,35-110,3,,5.00000,-1,0,0,,75-85,2,,10.00000,0,-1,0,0,,,0,,0.00000,-1,0,0,,80-105,3,,5.00000,63,2,10,,,0,,0.00000,-1,0,0,,19-101,10,,10.00000,-1,0,0,,37-113,3,,10.00000,"AspBridgex2(pos75-85,sev10); AspCleave(pos63,sev10); ProtTrypx10(pos19-101,sev10); MetOxx3(pos35-110,sev5); TrpOxx3(pos37-113,sev10); HydroPatchx3(pos80-105,sev5)",0.00000,0.00000,0.00000,0.00000,4.40782,1.29372,4.28734,2.10906,6.45629,False,False,True,True,0.00000,14.81887,7.18028,7.18028,0.51700,0.59853,0.51700,0.43874,0.44049,0.48575,0.67675,0.77180,0.71575,0.10565,0.10565,0.13411,0.71516,0.65686,1.17929,4.64763,False,False,False,False,False,False,False,False,False,False,False,False,47.90120,15.29460,831.56885,7509.31592,6677.74707,2,0,
pdl1_12,pdl1_12.cif,TGDSSILSSSGNYVNDDNNRPSAAYDASENRWVGSTALSKGYNPSDSSLWPGDY,QSVLTQPPSVSGAPGQRVTISCTGDSSILSSSGNYVNWYQQLPGTAPKLLIYDDNNRPSGVPDRFSGSKSGTSASLAITGLQSEDEADYYCAAYDASENRWVFGGGTKLTVL,TGDSSILSSSGNYVNDDNNRPSAAYDASENRWV,QSVLTQPPSVSGAPGQRVTISCTGDSSILSSSGNYVNWYQQLPGTAPKLLIYDDNNRPSGVPDRFSGSKSGTSASLAITGLQSEDEADYYCAAYDASENRWVFGGGTKLTVL,GSTALSKGYNPSDSSLWPGDY,EVQLVQSGAEVKKPGESLKISCKGSGSTALSKGYWIGWVRQMPGKGLEWMGIINPSDSSLTRYSPSFQGQVTISADKSISTAYLQWSSLKASDTAMYYCARWPGDYWGQGTLVTVSS,356,0,356.00000,356.00000,54,0.00000,0.09259,0.07407,0.00000,0.22222,0.05556,0.03704,0.03704,0.01852,0.11111,0.11111,0.05556,0.00000,0.00000,0.01852,0.01852,0.00000,0.00000,0.03704,0.07407,0.03704,0.81481,0.05556,0.12963,115,13,10,3,0,0,0,0,0,0,0,0,-1,0,0,,,0,,0.00000,-1,0,0,,,0,,0.00000,-1,0,0,,,0,,0.00000,0,1,1,5,,,0,,0.00000,-1,0,0,,49-101,2,,5.00000,25,2,10,,,0,,0.00000,-1,0,0,,17-108,7,,10.00000,-1,0,0,,38-101,2,,10.00000,"AspCleave(pos25,sev10); NTCycl(pos1,sev5); ProtTrypx7(pos17-108,sev10); TrpOxx2(pos38-101,sev10); HydroPatchx2(pos49-101,sev5)",0.00000,0.00000,0.00000,0.00000,14.10782,1.78953,3.30488,6.87263,44.61987,False,False,True,True,0.00000,21.86414,15.98298,15.98298,0.42030,0.53415,0.42030,0.22245,0.22523,0.24075,0.68292,0.75106,0.71077,0.00000,0.00000,0.00000,0.74454,0.69245,1.32725,7.39168,False,False,False,False,False,False,False,False,False,False,False,False,44.73540,32.22560,855.72656,7797.22852,6941.50195,4,0,
pdl1_13,pdl1_13.cif,RASQSIGSNALADASTLESQQYSYGIFKGGIGPFTFSSYSGSGDSSTDWKY,DIQMTQSPSSLSASVGDRVTITCRASQSIGSNALAWYQQKPGKAPKLLIYDASTLESGVPSRFSGSGSGTDFTLTISSLQPEDVATYYCQQYSYGIFKGGIFGQGTKVEIK,RASQSIGSNALADASTLESQQYSYGIFKGGI,DIQMTQSPSSLSASVGDRVTITCRASQSIGSNALAWYQQKPGKAPKLLIYDASTLESGVPSRFSGSGSGTDFTLTISSLQPEDVATYYCQQYSYGIFKGGIFGQGTKVEIK,GPFTFSSYSGSGDSSTDWKY,EVQLVESGGGLVQPGRSLRLSCAASGPFTFSSYAMHWVRQAPGKGLEWVSAISGSGDSSTIDYADSVEGRFTISRDNAKNSLYLQMNSLRAEDTAVYYCAKDWKYWGQGTLVTVSS,354,0,354.00000,354.00000,51,0.00000,0.13725,0.07843,0.00000,0.23529,0.01961,0.05882,0.00000,0.05882,0.01961,0.05882,0.03922,0.00000,0.05882,0.01961,0.03922,0.00000,0.05882,0.01961,0.07843,0.01961,0.88235,0.05882,0.05882,110,12,10,2,0,0,0,0,0,0,0,0,-1,0,0,,,0,,0.00000,4,1,5,,,0,,0.00000,32,2,10,,,0,,0.00000,0,-1,0,0,,,0,,0.00000,47,4,5,,,0,,0.00000,-1,0,0,,,0,,0.00000,-1,0,0,,18-107,8,,10.00000,36,1,10,,,0,,0.00000,"AspBridge(pos32,sev10); ProtTrypx8(pos18-107,sev10); MetOx(pos4,sev5); TrpOx(pos36,sev10); HydroPatch(pos47,sev5)",0.00000,0.00000,0.00000,0.00000,1.28636,1.24645,1.05359,1.46910,1.98132,True,True,True,True,0.00000,21.44064,15.04310,15.04503,0.40333,0.51505,0.40333,0.23937,0.23812,0.26157,0.60511,0.73480,0.68167,0.00000,0.00000,0.00000,0.72736,0.68267,1.32340,7.05428,False,False,False,False,False,False,False,False,False,False,False,False,47.05350,34.36800,937.96875,7860.51270,6922.54395,2,3,
pdl1_14,pdl1_14.cif,GFSLSGSVPSNGNSMGTVEGKVGIPFAFDYRASQSVSYLNSNSNLYSQASTGLGRSYT,QVQLQESGPGLVKPSQTLSLTCTVSGFSLSGSYWSWIRQPPGKGLEWIGYIVPSNGNSTDYNPSLKSRVTMSVDTSKNQFSLKVNSVTAADTAVYYCARMGTVEGKVGIPFAFDYWGQGTLVTVSS,GFSLSGSVPSNGNSMGTVEGKVGIPFAFDY,QVQLQESGPGLVKPSQTLSLTCTVSGFSLSGSYWSWIRQPPGKGLEWIGYIVPSNGNSTDYNPSLKSRVTMSVDTSKNQFSLKVNSVTAADTAVYYCARMGTVEGKVGIPFAFDYWGQGTLVTVSS,RASQSVSYLNSNSNLYSQASTGLGRSYT,EIVMTQSPATLSLSPGERATLSCRASQSVSYLNWYQQKPGQAPRLLIYSNSNLYSGIPARFSGSGSGTDFTLTISSLEPEDFAVYYCQASTGLGRSYTFGGGTKAEIK,361,0,361.00000,361.00000,58,0.00000,0.13793,0.05172,0.00000,0.22414,0.03448,0.05172,0.06897,0.01724,0.08621,0.01724,0.06897,0.01724,0.03448,0.01724,0.01724,0.00000,0.05172,0.03448,0.06897,0.00000,0.81034,0.00000,0.18966,195,22,17,5,0,0,0,0,0,0,0,0,-1,0,0,,,0,,0.00000,-1,0,0,,71-100,2,,5.00000,-1,0,0,,55-85,4,,10.00000,0,1,1,5,,,0,,0.00000,-1,0,0,,50-94,2,,5.00000,-1,0,0,,,0,,0.00000,-1,0,0,,13-106,9,,10.00000,-1,0,0,,34-116,4,,10.00000,"AspBridgex4(pos55-85,sev10); NTCycl(pos1,sev5); ProtTrypx9(pos13-106,sev10); MetOxx2(pos71-100,sev5); TrpOxx4(pos34-116,sev10); HydroPatchx2(pos50-94,sev5)",0.00000,0.00000,0.00000,0.00000,17.38569,3.31380,2.49137,8.77705,23.64227,False,False,False,True,0.00000,19.29027,11.24365,11.24365,0.43012,0.53235,0.43012,0.29257,0.29583,0.32175,0.63871,0.70491,0.67905,0.00525,0.01948,0.00525,0.73141,0.67905,1.29561,4.99269,False,False,False,False,False,False,False,False,False,False,False,False,52.43490,30.04570,866.09033,7782.35352,6916.26318,2,1,
pdl1_15,pdl1_15.cif,SYSLSGAVMNANSSRPSQQPLYGLTGSYTFSSYSSKAGGYGEGYGGGFDY,SYVLTQPPSVSVAPGQTARITCSYSLSGAVMNWYQQKPGQAPVLVVYANSSRPSWIPERFSGSNSGNTATLTISRGEAGDEADYYCQQPLYGLTFGGGTKLTVL,SYSLSGAVMNANSSRPSQQPLYGLT,SYVLTQPPSVSVAPGQTARITCSYSLSGAVMNWYQQKPGQAPVLVVYANSSRPSWIPERFSGSNSGNTATLTISRGEAGDEADYYCQQPLYGLTFGGGTKLTVL,GSYTFSSYSSKAGGYGEGYGGGFDY,QMQLVESGGGVVQPGRSLRLSCAASGSYTFSSYGMHWVRQAPGKGLEWVAVISSKAGGYGKHYADSVKGRFTITRDNSKNTLNLQMNSLRAEDTAVYYCAREGYGGGFDYWGQGTMVTVSS,352,0,352.00000,352.00000,50,0.00000,0.20000,0.06000,0.00000,0.22000,0.04000,0.04000,0.02000,0.00000,0.04000,0.02000,0.06000,0.02000,0.04000,0.02000,0.02000,0.00000,0.04000,0.02000,0.14000,0.00000,0.82000,0.12000,0.06000,115,13,10,3,0,0,0,0,0,0,0,0,-1,0,0,,,0,,0.00000,31,1,5,,,0,,0.00000,-1,0,0,,49-64,2,,10.00000,0,-1,0,0,,,0,,0.00000,-1,0,0,,2-43,2,,5.00000,-1,0,0,,,0,,0.00000,-1,0,0,,19-100,6,,10.00000,-1,0,0,,33-55,2,,10.00000,"AspBridgex2(pos49-64,sev10); ProtTrypx6(pos19-100,sev10); MetOx(pos31,sev5); TrpOxx2(pos33-55,sev10); HydroPatchx2(pos2-43,sev5)",0.00000,0.00000,0.00000,0.00000,3.03969,2.14614,3.17797,2.75044,5.36789,False,False,False,True,0.00000,21.94371,15.06925,15.06925,0.40213,0.51817,0.40213,0.24493,0.25828,0.25430,0.63489,0.74588,0.68988,0.00000,0.00000,0.00000,0.74003,0.71198,1.35661,7.11411,False,False,False,False,False,False,False,False,False,False,False,False,48.09960,31.47080,847.84766,7451.77441,6603.92676,5,2,
pdl1_16,pdl1_16.cif,RSSQSVGSSETGASALASASTLASQQHAGGTYWTGFSLSDGNYATVGDATVQNLNTGAMDY,DIQMTQSPSSVSASVGDRVTITCRSSQSVGSSETGASALAWYQQKPGKAPKLLIYSASTLASGVPSRFSGSGSGTDFTLTISSLQPEDFASYYCQQHAGGTYWTFGQGTKLEIK,RSSQSVGSSETGASALASASTLASQQHAGGTYWT,DIQMTQSPSSVSASVGDRVTITCRSSQSVGSSETGASALAWYQQKPGKAPKLLIYSASTLASGVPSRFSGSGSGTDFTLTISSLQPEDFASYYCQQHAGGTYWTFGQGTKLEIK,GFSLSDGNYATVGDATVQNLNTGAMDY,VQLVESGGGLVQPGRSLRLSCAASGFSLSDGNYAMHWVRQAPGKGLEWVSGIATVGDATVIGYADSVKGRFTISRDNAENSLFLQMNGLRAEDTALYYCAKQNLNTGAMDYWGQGTMVTVSS,363,0,363.00000,363.00000,61,0.00000,0.13115,0.14754,0.00000,0.18033,0.00000,0.11475,0.04918,0.00000,0.04918,0.04918,0.06557,0.01639,0.06557,0.01639,0.00000,0.01639,0.01639,0.01639,0.04918,0.01639,0.81967,0.00000,0.18033,100,11,9,2,0,0,0,0,0,0,0,0,-1,0,0,,,0,,0.00000,4,1,5,,,0,,0.00000,-1,0,0,,,0,,0.00000,0,-1,0,0,,,0,,0.00000,52,4,5,,,0,,0.00000,-1,0,0,,,0,,0.00000,-1,0,0,,18-110,7,,10.00000,-1,0,0,,41-103,2,,10.00000,"ProtTrypx7(pos18-110,sev10); MetOx(pos4,sev5); TrpOxx2(pos41-103,sev10); HydroPatch(pos52,sev5)",0.00000,0.00000,0.00000,0.00000,15.61116,2.50511,1.24573,6.40945,29.11926,False,False,False,True,0.00000,25.20417,19.05494,19.05494,0.37905,0.50149,0.37905,0.15735,0.16736,0.17625,0.65165,0.72478,0.68683,0.00000,0.00000,0.00000,0.69606,0.65252,1.43541,8.19862,False,False,False,False,False,False,False,False,False,False,False,False,44.22230,35.49350,665.22070,7693.29395,7028.07324,3,1,
pdl1_17,pdl1_17.cif,RASQSVSSGDGLSAASTLASAQGGSAGFDSGFTFSGSGPSGSSAFLYY,DIQMTQSPSSVSASVGDRVTITCRASQSVSSGDGLSWYQQKPGKAPKLLIYAASTLASGVPSRFSGSGSGTDFTLTISSLQPEDFASYYCAQGGSAGFDSFGQGTKLEIK,RASQSVSSGDGLSAASTLASAQGGSAGFDS,DIQMTQSPSSVSASVGDRVTITCRASQSVSSGDGLSWYQQKPGKAPKLLIYAASTLASGVPSRFSGSGSGTDFTLTISSLQPEDFASYYCAQGGSAGFDSFGQGTKLEIK,GFTFSGSGPSGSSAFLYY,VQLVESGGGLVQPGRSLRLSCAASGFTFSGSAMHWVRQAPGKGLEWVSGIGPSGSSAFIGYADSVKGRFTISRDNAENSLFLQMNGLRAEDTALYYCAKLYYWGQGTMVTVSS,350,0,350.00000,350.00000,48,0.00000,0.18750,0.14583,0.00000,0.29167,0.02083,0.04167,0.02083,0.00000,0.00000,0.04167,0.06250,0.00000,0.04167,0.00000,0.00000,0.00000,0.08333,0.02083,0.04167,0.00000,0.75000,0.12500,0.12500,110,12,10,2,0,0,0,0,0,0,0,0,-1,0,0,,,0,,0.00000,4,1,5,,,0,,0.00000,-1,0,0,,,0,,0.00000,0,-1,0,0,,,0,,0.00000,48,4,5,,,0,,0.00000,-1,0,0,,33-99,2,,10.00000,-1,0,0,,18-106,7,,10.00000,37,1,10,,,0,,0.00000,"AspCleavex2(pos33-99,sev10); ProtTrypx7(pos18-106,sev10); MetOx(pos4,sev5); TrpOx(pos37,sev10); HydroPatch(pos48,sev5)",0.00000,0.00000,0.00000,0.00000,3.14093,1.95989,3.91897,2.36316,4.30336,False,False,True,True,0.00000,15.54270,8.69571,8.79573,0.46556,0.55678,0.46556,0.41941,0.41941,0.44425,0.58742,0.72253,0.67197,0.09590,0.09932,0.09590,0.70950,0.64950,1.31246,5.86614,False,False,False,False,False,False,False,False,False,False,False,False,44.18450,36.85730,888.61377,7396.06885,6507.45508,2,1,
pdl1_18,pdl1_18.cif,GFTIDSNTGGSGSAGGDYRASQSVGAGSGNALAAASNRGSQQYLGYWT,EVQLVESGGGLEQPGGSLRLSCAGSGFTIDSNTAMTWVRQAPGKGLEWVSSIGGSGSTYYADSVKGRFTISRDNSKNTLYLQMNSLRAEDTAVYYCAKAGGDYWGQGTTVTVSS,GFTIDSNTGGSGSAGGDY,EVQLVESGGGLEQPGGSLRLSCAGSGFTIDSNTAMTWVRQAPGKGLEWVSSIGGSGSTYYADSVKGRFTISRDNSKNTLYLQMNSLRAEDTAVYYCAKAGGDYWGQGTTVTVSS,RASQSVGAGSGNALAAASNRGSQQYLGYWT,DIVMTQSPLSLPVTPGEPASISCRASQSVGAGSGNALAWYLQKSGQSPQLLIYAASNRGSGVPDRFSGSGSGTDFTLKISRVEAEDVGFYYCQQYLGYWTFGQGTKLEIK,351,0,350.00000,351.00000,48,0.00000,0.22917,0.14583,0.00000,0.16667,0.00000,0.06250,0.02083,0.02083,0.06250,0.04167,0.04167,0.00000,0.06250,0.00000,0.00000,0.00000,0.02083,0.04167,0.06250,0.02083,0.87500,0.00000,0.12500,180,20,16,4,0,0,0,0,0,0,0,0,-1,0,0,,,0,,0.00000,-1,0,0,,35-83,2,,5.00000,-1,0,0,,74-84,2,,10.00000,0,-1,0,0,,,0,,0.00000,-1,0,0,,79-93,2,,5.00000,-1,0,0,,30-62,2,,10.00000,-1,0,0,,19-98,9,,10.00000,-1,0,0,,37-104,3,,10.00000,"AspBridgex2(pos74-84,sev10); AspCleavex2(pos30-62,sev10); ProtTrypx9(pos19-98,sev10); MetOxx2(pos35-83,sev5); TrpOxx3(pos37-104,sev10); HydroPatchx2(pos79-93,sev5)",0.00000,0.00000,0.00000,0.00000,1.84170,1.71794,1.21031,2.23070,3.71708,True,False,True,True,0.00000,22.80792,16.47291,16.47291,0.41146,0.52868,0.41146,0.22448,0.22448,0.23282,0.67308,0.75587,0.71356,0.00000,0.00000,0.00000,0.72232,0.67331,1.42005,8.92703,False,False,False,False,False,False,False,False,False,False,False,False,44.23800,30.07580,946.76172,7507.75586,6560.99414,4,1,
pdl1_19,pdl1_19.cif,KSSQSVYDTSTGNNYLANASNLQSQQGYSGPYTGYGFTDYSFGNPDLGGTLGTTGLGLAPGAFDY,DIQMTQSPSSLSASVGDRVTITCKSSQSVYDTSTGNNYLAWYQQKPEKAPKSLIYNASNLQSGVPSRFSGSGSGTDFTLTISSLQPEDFATYYCQQGYSGPYTFGQGTKLEIK,KSSQSVYDTSTGNNYLANASNLQSQQGYSGPYT,DIQMTQSPSSLSASVGDRVTITCKSSQSVYDTSTGNNYLAWYQQKPEKAPKSLIYNASNLQSGVPSRFSGSGSGTDFTLTISSLQPEDFATYYCQQGYSGPYTFGQGTKLEIK,GYGFTDYSFGNPDLGGTLGTTGLGLAPGAFDY,EVQLVQSGAEVKKPGESLKISCKGSGYGFTDYWLGWVRQMPGKGLDWIGIMSFGNPDLIRYSPSFQGQVTMSVDKSITTAYLQWNSLKASDTAMYYCARGGTLGTTGLGLAPGAFDYWGQGTLVTVSS,368,0,368.00000,368.00000,65,0.00000,0.18462,0.06154,0.00000,0.12308,0.04615,0.10769,0.01538,0.00000,0.07692,0.06154,0.09231,0.00000,0.06154,0.00000,0.01538,0.00000,0.04615,0.00000,0.10769,0.00000,0.84615,0.04615,0.10769,100,11,9,2,0,0,0,0,0,0,0,0,-1,0,0,,,0,,0.00000,4,1,5,,,0,,0.00000,56,2,10,,,0,,0.00000,0,-1,0,0,,,0,,0.00000,53,3,5,,,0,,0.00000,-1,0,0,,,0,,0.00000,-1,0,0,,18-109,7,,10.00000,41,1,10,,,0,,0.00000,"AspBridge(pos56,sev10); ProtTrypx7(pos18-109,sev10); MetOx(pos4,sev5); TrpOx(pos41,sev10); HydroPatch(pos53,sev5)",0.00000,0.00000,0.00000,0.00000,12.16354,3.79300,3.28914,9.18022,20.61002,False,False,False,True,0.00000,22.29316,16.05318,16.05415,0.41769,0.53328,0.41769,0.22564,0.22560,0.23343,0.65480,0.71683,0.70698,0.00000,0.00000,0.00000,0.74475,0.68417,1.29371,5.92745,False,False,False,False,False,False,False,False,False,False,False,False,43.46890,45.34430,876.62939,7813.47705,6936.84766,2,0,
pdl1_20,pdl1_20.cif,RASQSVSGDGYSALNAASNLYSQQSLGGSGGPGTGYTFSSGYYPGSNGEVYDGAYGGFGY,DIQMTQSPSSLSASVGDRVTITCRASQSVSGDGYSALNWYQQKPEKAPKSLIYAASNLYSGVPSRFSGSGSGTDFTLTISSLQPEDFATYYCQQSLGGSGGPGTFGQGTKLEIK,RASQSVSGDGYSALNAASNLYSQQSLGGSGGPGT,DIQMTQSPSSLSASVGDRVTITCRASQSVSGDGYSALNWYQQKPEKAPKSLIYAASNLYSGVPSRFSGSGSGTDFTLTISSLQPEDFATYYCQQSLGGSGGPGTFGQGTKLEIK,GYTFSSGYYPGSNGEVYDGAYGGFGY,EVQLVQSGAEVKKPGESLKISCKGSGYTFSSGYWLGWVRQMPGKGLDWIGIMYPGSNGEVIRYSPSFQGQVTMSVDKSITTAYLQWNSLKASDTAMYYCARYDGAYGGFGYWGQGTLVTVSS,363,0,363.00000,363.00000,60,0.00000,0.25000,0.08333,0.00000,0.18333,0.03333,0.03333,0.03333,0.00000,0.05000,0.03333,0.05000,0.00000,0.05000,0.01667,0.00000,0.00000,0.03333,0.01667,0.13333,0.00000,0.76667,0.05000,0.18333,100,11,9,2,0,0,0,0,0,0,0,0,-1,0,0,,,0,,0.00000,4,1,5,,,0,,0.00000,-1,0,0,,,0,,0.00000,0,-1,0,0,,,0,,0.00000,51,3,5,,,0,,0.00000,32,2,10,,,0,,0.00000,-1,0,0,,18-110,7,,10.00000,39,1,10,,,0,,0.00000,"AspCleave(pos32,sev10); ProtTrypx7(pos18-110,sev10); MetOx(pos4,sev5); TrpOx(pos39,sev10); HydroPatch(pos51,sev5)",0.00000,0.00000,0.00000,0.00000,2.82545,2.28076,3.35239,2.39575,4.60171,False,False,False,True,0.00000,21.41529,14.76618,14.76618,0.41672,0.52625,0.41672,0.26456,0.26456,0.27588,0.60400,0.73213,0.68345,0.00000,0.00457,0.00000,0.73265,0.68717,1.37748,6.79614,False,False,False,False,False,False,False,False,False,False,False,False,43.46430,37.03970,884.67578,7565.66699,6680.99121,2,2,
pdl1_21,pdl1_21.cif,TGSSSTIGSGNGYVAWDSKRPSAAWGSSDSGPVGYTFSGNSGNGYGGGDSNGESYGLALAGAFDY,QSVLTQPPSVSGAPGQRVTISCTGSSSTIGSGNGYVAWYQQLPGTAPKLLIYWDSKRPSGVPDRFSGSKSGTSASLAITGLQSEDEADYYCAAWGSSDSGPVFGGGTKLTVL,TGSSSTIGSGNGYVAWDSKRPSAAWGSSDSGPV,QSVLTQPPSVSGAPGQRVTISCTGSSSTIGSGNGYVAWYQQLPGTAPKLLIYWDSKRPSGVPDRFSGSKSGTSASLAITGLQSEDEADYYCAAWGSSDSGPVFGGGTKLTVL,GYTFSGNSGNGYGGGDSNGESYGLALAGAFDY,EVQLVQSGAEVKKPGESLKISCKGSGYTFSGNWIGWVRQMPGKGLEWMGIISGNGYTRYSPSFQGQVTISADKSISTAYLQWSSLKASDTAMYYCARGGGDSNGESYGLALAGAFDYWGQGTLVTVSS,367,0,367.00000,367.00000,65,0.00000,0.24615,0.09231,0.00000,0.20000,0.03077,0.04615,0.03077,0.01538,0.06154,0.06154,0.03077,0.00000,0.00000,0.01538,0.01538,0.00000,0.03077,0.01538,0.07692,0.03077,0.81538,0.09231,0.09231,140,15,13,2,0,0,0,0,0,0,0,0,-1,0,0,,,0,,0.00000,-1,0,0,,,0,,0.00000,33,2,10,,,0,,0.00000,0,1,1,5,,,0,,0.00000,49,5,5,,,0,,0.00000,-1,0,0,,54-98,2,,10.00000,-1,0,0,,17-108,7,,10.00000,-1,0,0,,38-94,3,,10.00000,"AspBridge(pos33,sev10); AspCleavex2(pos54-98,sev10); NTCycl(pos1,sev5); ProtTrypx7(pos17-108,sev10); TrpOxx3(pos38-94,sev10); HydroPatch(pos49,sev5)",0.00000,0.00000,0.00000,0.00000,16.07065,3.96345,1.92930,8.13696,26.15330,False,False,False,True,0.00000,21.00328,14.44644,14.44644,0.42755,0.52608,0.42755,0.25160,0.26234,0.28616,0.65374,0.72009,0.68446,0.00469,0.00474,0.00469,0.70995,0.65456,1.38912,6.16394,False,False,False,False,False,False,False,False,False,False,False,False,44.86240,33.95330,926.37842,7792.73242,6866.35400,3,0,
pdl1_22,pdl1_22.cif,GASLSNNNYSGSGGGGDGGGYGLGIKSSQSLSLGSGYTALAAASTLASQQYYNSIPWT,VQLVQSGAEVKKPGSSVMVSCQASGASLSNNNYIINWVRQAPGQGPEWMGGISGSGGVHYGPKFQGRVTITADESTDTAYMELSSLRSEDTAMYYCATGGDGGGYGLGIWGQGTLVTVSS,GASLSNNNYSGSGGGGDGGGYGLGI,VQLVQSGAEVKKPGSSVMVSCQASGASLSNNNYIINWVRQAPGQGPEWMGGISGSGGVHYGPKFQGRVTITADESTDTAYMELSSLRSEDTAMYYCATGGDGGGYGLGIWGQGTLVTVSS,KSSQSLSLGSGYTALAAASTLASQQYYNSIPWT,DIQMTQSPSSLSAAVGDRVTITCKSSQSLSLGSGYTALAWYQQKPGKAPKLLIYAASTLASGVPSRFSGSGSGTDFSLTISSLQPEDVATYYCQQYYNSIPWTFGGGTKVEIK,360,0,360.00000,360.00000,58,0.00000,0.22414,0.10345,0.00000,0.20690,0.01724,0.05172,0.00000,0.03448,0.06897,0.01724,0.10345,0.00000,0.05172,0.00000,0.01724,0.00000,0.00000,0.00000,0.08621,0.01724,0.87931,0.05172,0.06897,125,15,10,5,0,0,0,0,0,0,0,0,-1,0,0,,,0,,0.00000,-1,0,0,,18-93,4,,5.00000,-1,0,0,,,0,,0.00000,0,-1,0,0,,,0,,0.00000,33,3,5,,,0,,0.00000,101,2,10,,,0,,0.00000,-1,0,0,,11-87,6,,10.00000,-1,0,0,,37-110,3,,10.00000,"AspCleave(pos101,sev10); ProtTrypx6(pos11-87,sev10); MetOxx4(pos18-93,sev5); TrpOxx3(pos37-110,sev10); HydroPatch(pos33,sev5)",0.00000,0.00000,0.00000,0.00000,6.61904,2.53902,2.80212,4.53230,20.45903,False,False,False,True,0.00000,21.01165,13.75459,13.99876,0.43026,0.53237,0.43026,0.25996,0.25996,0.25553,0.62020,0.72310,0.68880,0.00000,0.00500,0.00000,0.73807,0.68023,1.36981,6.74866,False,False,False,False,False,False,False,False,False,False,False,False,44.54400,39.52320,926.69141,7791.54150,6864.85010,7,0,
pdl1_23,pdl1_23.cif,GFTFSSSGSKDGGYGGGGALDYRASQSVGGMAATSGRASQQGTSGLT,EVQLVESGGGLVQPGGSLRLSCAASGFTFSSSWMNWVRQAPGKGLEWVAAIGSKDGGYGKYYVGSVKGRFTISRDNAKNSLYLQMNSLRVEDTAVYYCVRGGGALDYWGRGTLVTVSS,GFTFSSSGSKDGGYGGGGALDY,EVQLVESGGGLVQPGGSLRLSCAASGFTFSSSWMNWVRQAPGKGLEWVAAIGSKDGGYGKYYVGSVKGRFTISRDNAKNSLYLQMNSLRVEDTAVYYCVRGGGALDYWGRGTLVTVSS,RASQSVGGMAATSGRASQQGTSGLT,EIVLTQSPGTLSLSPGERATLSCRASQSVGGMAWYQQKPGQAPRLLIYATSGRASGIPDRFSGSGSGTDFTLTISRLEPEDFAVYYCQQGTSGLTFGQGTRLEIK,350,0,350.00000,350.00000,47,0.00000,0.27660,0.10638,0.00000,0.19149,0.00000,0.08511,0.02128,0.00000,0.00000,0.04255,0.04255,0.02128,0.06383,0.00000,0.02128,0.00000,0.04255,0.04255,0.04255,0.00000,0.93617,0.06383,0.00000,225,25,20,5,0,0,0,0,0,0,0,0,-1,0,0,,,0,,0.00000,-1,0,0,,34-85,2,,5.00000,-1,0,0,,76-86,3,,10.00000,0,-1,0,0,,,0,,0.00000,-1,0,0,,61-95,3,,5.00000,55,2,10,,,0,,0.00000,-1,0,0,,19-110,12,,10.00000,-1,0,0,,33-108,4,,10.00000,"AspBridgex3(pos76-86,sev10); AspCleave(pos55,sev10); ProtTrypx12(pos19-110,sev10); MetOxx2(pos34-85,sev5); TrpOxx4(pos33-108,sev10); HydroPatchx3(pos61-95,sev5)",0.00000,0.00000,0.00000,0.00000,7.30246,1.99151,4.11745,2.64106,22.64521,False,False,True,True,0.00000,23.19627,18.35294,18.35294,0.40172,0.51919,0.40172,0.20999,0.20999,0.20652,0.69499,0.74264,0.70988,0.00000,0.00000,0.00000,0.75441,0.72440,1.38479,8.05882,False,False,False,False,False,False,False,False,False,False,False,False,50.56750,19.07490,833.07520,7259.52148,6426.44629,3,1,
pdl1_24,pdl1_24.cif,GRKVSDYVGSSLGAYLDYKSSQSLDSSSGGGTALAGASNLASVQYKSFSSSGLT,VQLVQSGAEVKKPGSSVMVSCQASGRKVSDYIINWVRQAPGQGPEWMGGIVGSSLVHYGPKFQGRVTITADESTDTAYMELSSLRSEDTAMYYCATGAYLDYWGQGTLVTVSS,GRKVSDYVGSSLGAYLDY,VQLVQSGAEVKKPGSSVMVSCQASGRKVSDYIINWVRQAPGQGPEWMGGIVGSSLVHYGPKFQGRVTITADESTDTAYMELSSLRSEDTAMYYCATGAYLDYWGQGTLVTVSS,KSSQSLDSSSGGGTALAGASNLASVQYKSFSSSGLT,DIQMTQSPSSLSAAVGDRVTITCKSSQSLDSSSGGGTALAWYQQKPGKAPKLLIYGASNLASGVPSRFSGSGSGTDFSLTISSLQPEDVATYYCVQYKSFSSSGLTFGGGTKVEIK,356,0,356.00000,356.00000,54,0.00000,0.14815,0.09259,0.00000,0.27778,0.00000,0.03704,0.05556,0.00000,0.01852,0.05556,0.11111,0.00000,0.03704,0.00000,0.05556,0.00000,0.01852,0.01852,0.07407,0.00000,0.83333,0.05556,0.11111,135,16,11,5,0,0,0,0,0,0,0,0,-1,0,0,,,0,,0.00000,-1,0,0,,18-91,4,,5.00000,-1,0,0,,,0,,0.00000,0,-1,0,0,,,0,,0.00000,31,3,5,,,0,,0.00000,-1,0,0,,,0,,0.00000,-1,0,0,,11-85,8,,10.00000,-1,0,0,,35-103,3,,10.00000,"ProtTrypx8(pos11-85,sev10); MetOxx4(pos18-91,sev5); TrpOxx3(pos35-103,sev10); HydroPatch(pos31,sev5)",0.00000,0.00000,0.00000,0.00000,4.04147,1.13754,2.81251,2.05970,8.76967,False,False,True,True,0.00000,18.22950,10.83767,10.95637,0.47545,0.56281,0.47545,0.36013,0.40841,0.40573,0.64964,0.72671,0.69291,0.04353,0.05296,0.04353,0.73732,0.68972,1.36077,6.96726,False,False,False,False,False,False,False,False,False,False,False,False,47.90260,32.11770,899.46094,7803.61572,6904.15479,6,2,
pdl1_25,pdl1_25.cif,GFDFSTGGYGASGGGPIFDVSGVSSSDGIAGNSSRPSVQINHYPLT,VQLVQSGAEVKKPGASVKVSCKASGFDFSTGGGLSWVRQAPGQGLEWMGWIYGASGGTNYGQEFQGRVTMTTDTSTSTAYMELRSLRSDDTAVYYCARGPIFDVWGRGTLVTVSS,GFDFSTGGYGASGGGPIFDV,VQLVQSGAEVKKPGASVKVSCKASGFDFSTGGGLSWVRQAPGQGLEWMGWIYGASGGTNYGQEFQGRVTMTTDTSTSTAYMELRSLRSDDTAVYYCARGPIFDVWGRGTLVTVSS,SGVSSSDGIAGNSSRPSVQINHYPLT,YVLTQPPSVSVAPGKTARITCSGVSSSDGIAWYQQKPGQAPVLVIYGNSSRPSGIPERFSGSNSGNTATLTISRVEAGDEADYYCVQINHYPLTFGGGTKLTVL,346,0,346.00000,346.00000,46,0.00000,0.21739,0.04348,0.00000,0.19565,0.06522,0.04348,0.06522,0.06522,0.04348,0.06522,0.02174,0.00000,0.02174,0.00000,0.00000,0.02174,0.06522,0.02174,0.04348,0.00000,0.89130,0.06522,0.04348,165,19,14,5,0,0,0,0,0,0,0,0,-1,0,0,,,0,,0.00000,-1,0,0,,48-81,3,,5.00000,-1,0,0,,,0,,0.00000,0,-1,0,0,,,0,,0.00000,-1,0,0,,50-93,2,,5.00000,-1,0,0,,,0,,0.00000,-1,0,0,,11-107,10,,10.00000,-1,0,0,,36-105,4,,10.00000,"ProtTrypx10(pos11-107,sev10); MetOxx3(pos48-81,sev5); TrpOxx4(pos36-105,sev10); HydroPatchx2(pos50-93,sev5)",0.00000,0.00000,0.00000,0.00000,11.37213,1.64533,0.80596,6.36228,20.79707,False,False,True,True,0.00000,21.53354,14.69423,14.82370,0.41022,0.52915,0.41022,0.25991,0.26835,0.27770,0.66294,0.72980,0.68613,0.00000,0.00461,0.00000,0.72716,0.68345,1.36864,7.37863,False,False,False,False,False,False,False,False,False,False,False,False,48.01250,29.34960,814.38672,7756.85254,6942.46582,3,1,
pdl1_26,pdl1_26.cif,GFTFSDYSPSGSGGTGYRASQSVYGLAAGSSRASQQGSSYPLT,EVQLVESGGGLEQPGGSLRLSCAGSGFTFSDYAMTWVRQAPGKGLEWVSSISPSGSGTYYADSVKGRFTISRDNSKNTLYLQMNSLRAEDTAVYYCAKGTGYWGQGTTVTVSS,GFTFSDYSPSGSGGTGY,EVQLVESGGGLEQPGGSLRLSCAGSGFTFSDYAMTWVRQAPGKGLEWVSSISPSGSGTYYADSVKGRFTISRDNSKNTLYLQMNSLRAEDTAVYYCAKGTGYWGQGTTVTVSS,RASQSVYGLAAGSSRASQQGSSYPLT,DIVMTQSPLSLPVTPGEPASISCRASQSVYGLAWYLQKSGQSPQLLIYAGSSRASGVPDRFSGSGSGTDFTLKISRVEAEDVGFYYCQQGSSYPLTFGQGTKLEIK,346,0,345.00000,346.00000,43,0.00000,0.18605,0.09302,0.00000,0.25581,0.04651,0.06977,0.02326,0.00000,0.00000,0.02326,0.04651,0.00000,0.06977,0.00000,0.00000,0.00000,0.04651,0.04651,0.09302,0.00000,0.88372,0.06977,0.04651,170,19,15,4,0,0,0,0,0,0,0,0,-1,0,0,,,0,,0.00000,-1,0,0,,34-83,2,,5.00000,-1,0,0,,74-84,2,,10.00000,0,-1,0,0,,,0,,0.00000,-1,0,0,,79-93,2,,5.00000,62,2,10,,,0,,0.00000,-1,0,0,,19-98,9,,10.00000,-1,0,0,,36-103,3,,10.00000,"AspBridgex2(pos74-84,sev10); AspCleave(pos62,sev10); ProtTrypx9(pos19-98,sev10); MetOxx2(pos34-83,sev5); TrpOxx3(pos36-103,sev10); HydroPatchx2(pos79-93,sev5)",0.00000,0.00000,0.00000,0.00000,4.92487,1.00989,3.91616,2.13662,11.36327,False,False,True,True,0.00000,22.39281,15.73213,15.73213,0.41686,0.53059,0.41686,0.21482,0.21482,0.22149,0.70898,0.74291,0.72096,0.00000,0.00000,0.00000,0.74221,0.70370,1.34578,7.82550,False,False,False,False,False,False,False,False,False,False,False,False,46.03620,26.49550,926.65479,7372.40430,6445.74951,2,1,
pdl1_27,pdl1_27.cif,GSYGFSGVSGGGGASLAGPLAAKSSQSLTGSQGGTALAGASTRASQQVAGVPT,EVQLVESGGGLVQPGGSLRLSCAASGSYGFSGVGMSWVRQAPGKGLELVASISGGGGATYYPDSVKGRFTISRDNAKNSLYLQMNSLRAEDTAVYYCASSLAGPLAAWGQGTTVTVSS,GSYGFSGVSGGGGASLAGPLAA,EVQLVESGGGLVQPGGSLRLSCAASGSYGFSGVGMSWVRQAPGKGLELVASISGGGGATYYPDSVKGRFTISRDNAKNSLYLQMNSLRAEDTAVYYCASSLAGPLAAWGQGTTVTVSS,KSSQSLTGSQGGTALAGASTRASQQVAGVPT,DIVMTQSPLSLPVTPGEPASISCKSSQSLTGSQGGTALAWYLQKPGQSPQLLIYGASTRASGVPDRFSGSGSGTDFTLKISRVEAEDVGVYYCQQVAGVPTFGQGTKVEIK,356,0,356.00000,356.00000,53,0.00000,0.24528,0.16981,0.00000,0.18868,0.03774,0.07547,0.05660,0.00000,0.00000,0.00000,0.07547,0.00000,0.07547,0.00000,0.01887,0.00000,0.01887,0.01887,0.01887,0.00000,0.81132,0.11321,0.07547,160,18,14,4,0,0,0,0,0,0,0,0,-1,0,0,,,0,,0.00000,-1,0,0,,35-84,2,,5.00000,-1,0,0,,75-85,3,,10.00000,0,-1,0,0,,,0,,0.00000,-1,0,0,,80-94,2,,5.00000,63,2,10,,,0,,0.00000,-1,0,0,,19-88,8,,10.00000,-1,0,0,,37-108,2,,10.00000,"AspBridgex3(pos75-85,sev10); AspCleave(pos63,sev10); ProtTrypx8(pos19-88,sev10); MetOxx2(pos35-84,sev5); TrpOxx2(pos37-108,sev10); HydroPatchx2(pos80-94,sev5)",0.00000,0.00000,0.00000,0.00000,12.48577,2.77910,1.07192,8.02521,34.81623,False,False,False,True,0.00000,24.58775,19.14634,19.14634,0.39201,0.51461,0.39201,0.18371,0.18371,0.18371,0.64258,0.74131,0.71012,0.00000,0.00000,0.00000,0.69182,0.64639,1.53513,9.00922,False,False,False,False,False,False,False,False,False,False,False,False,46.85160,23.20850,764.12793,7520.64648,6756.51855,1,0,
pdl1_28,pdl1_28.cif,SGSSSLLGSTSSNAMAGASKRPSQQISNGVTGFSLSDGYSGASSGSLYSGGFDV,QSVLTQPPSVSGAPGQRVTISCSGSSSLLGSTSSNAMAWYQQLPGTAPKLLIYGASKRPSGVPDRFSGSKSGTSASLAITGLQSEDEADYYCQQISNGVTFGGGTKLTVL,SGSSSLLGSTSSNAMAGASKRPSQQISNGVT,QSVLTQPPSVSGAPGQRVTISCSGSSSLLGSTSSNAMAWYQQLPGTAPKLLIYGASKRPSGVPDRFSGSKSGTSASLAITGLQSEDEADYYCQQISNGVTFGGGTKLTVL,GFSLSDGYSGASSGSLYSGGFDV,EVQLVQSGAEVKKPGESLKISCKGSGFSLSDGYWIGWVRQMPGKGLEWMGIISGASSGSTRYSPSFQGQVTISADKSISTAYLQWSSLKASDTAMYYCARLYSGGFDVWGQGTLVTVSS,356,0,356.00000,356.00000,54,0.00000,0.18519,0.07407,0.00000,0.31481,0.01852,0.03704,0.03704,0.01852,0.03704,0.03704,0.07407,0.01852,0.03704,0.00000,0.01852,0.00000,0.03704,0.01852,0.03704,0.00000,0.77778,0.12963,0.09259,115,13,10,3,0,0,0,0,0,0,0,0,-1,0,0,,,0,,0.00000,37,1,5,,,0,,0.00000,-1,0,0,,35-97,2,,10.00000,0,1,1,5,,,0,,0.00000,50,4,5,,,0,,0.00000,-1,0,0,,,0,,0.00000,-1,0,0,,17-106,7,,10.00000,39,1,10,,,0,,0.00000,"AspBridgex2(pos35-97,sev10); NTCycl(pos1,sev5); ProtTrypx7(pos17-106,sev10); MetOx(pos37,sev5); TrpOx(pos39,sev10); HydroPatch(pos50,sev5)",0.00000,0.00000,0.00000,0.00000,15.46368,2.09709,2.87164,6.97118,26.78510,False,False,False,True,0.00000,21.67918,14.58582,14.58582,0.44976,0.55432,0.44976,0.26905,0.26899,0.28043,0.69228,0.74642,0.73841,0.00000,0.00468,0.00000,0.74245,0.69397,1.31917,7.33769,False,False,False,False,False,False,False,False,False,False,False,False,43.33800,36.57820,938.70361,7838.78076,6900.07715,6,2,
pdl1_29,pdl1_29.cif,GWSFKEDGGLAGPNPASSGGLTGGGMDYRASQSLSSSSALDSASTLASQQSDGGVPGT,VQLVQSGAEVKKPGSSVMVSCQASGWSFKEDGGIINWVRQAPGQGPEWMGGILAGPNPAVHYGPKFQGRVTITADESTDTAYMELSSLRSEDTAMYYCATSSGGLTGGGMDYWGQGTLVTVSS,GWSFKEDGGLAGPNPASSGGLTGGGMDY,VQLVQSGAEVKKPGSSVMVSCQASGWSFKEDGGIINWVRQAPGQGPEWMGGILAGPNPAVHYGPKFQGRVTITADESTDTAYMELSSLRSEDTAMYYCATSSGGLTGGGMDYWGQGTLVTVSS,RASQSLSSSSALDSASTLASQQSDGGVPGT,DIQMTQSPSSLSAAVGDRVTITCRASQSLSSSSALDWYQQKPGKAPKLLIYSASTLASGVPSRFSGSGSGTDFSLTISSLQPEDVATYYCQQSDGGVPGTFGGGTKVEIK,360,0,360.00000,360.00000,58,0.00000,0.20690,0.10345,0.00000,0.22414,0.05172,0.05172,0.01724,0.00000,0.01724,0.06897,0.08621,0.01724,0.05172,0.01724,0.01724,0.00000,0.01724,0.01724,0.01724,0.01724,0.81034,0.12069,0.06897,145,17,12,5,0,0,0,0,0,0,0,0,-1,0,0,,,0,,0.00000,-1,0,0,,18-110,5,,5.00000,-1,0,0,,,0,,0.00000,0,-1,0,0,,,0,,0.00000,-1,0,0,,,0,,0.00000,31,2,10,,,0,,0.00000,-1,0,0,,11-89,7,,10.00000,-1,0,0,,26-113,4,,10.00000,"AspCleave(pos31,sev10); ProtTrypx7(pos11-89,sev10); MetOxx5(pos18-110,sev5); TrpOxx4(pos26-113,sev10)",0.00000,0.00000,0.00000,0.00000,4.13533,3.84666,2.82740,4.35733,6.29577,False,False,False,True,0.00000,21.19266,14.13081,14.13081,0.42681,0.52879,0.42681,0.25667,0.28989,0.27809,0.68547,0.71264,0.68844,0.00000,0.00000,0.00498,0.69091,0.63589,1.40748,6.84661,False,False,False,False,False,False,False,False,False,False,False,False,47.26500,26.01280,1014.09863,7717.92676,6703.82812,5,0,
