id,final_rank,designed_sequence,designed_chain_sequence,num_design,design_to_target_iptm,min_design_to_target_pae,design_ptm,filter_rmsd,plip_hbonds_refolded,delta_sasa_refolded,design_chain_hydrophobicity,design_hydrophobicity,loop,helix,sheet,file_name,designed_sequence_1,full_sequence_1,designed_sequence_2,full_sequence_2,num_prot_tokens,num_lig_atoms,num_resolved_tokens,num_tokens,UNK_fraction,GLY_fraction,ALA_fraction,CYS_fraction,SER_fraction,PRO_fraction,THR_fraction,VAL_fraction,ILE_fraction,ASN_fraction,ASP_fraction,LEU_fraction,MET_fraction,GLN_fraction,GLU_fraction,LYS_fraction,HIS_fraction,PHE_fraction,ARG_fraction,TYR_fraction,TRP_fraction,liability_score,liability_num_violations,liability_high_severity_violations,liability_medium_severity_violations,liability_low_severity_violations,liability_AspBridge_count,liability_AspCleave_count,liability_ProtTryp_count,liability_MetOx_count,liability_TrpOx_count,liability_HydroPatch_count,liability_DPP4_count,liability_DPP4_position,liability_DPP4_length,liability_DPP4_severity,liability_DPP4_details,liability_DPP4_positions,liability_DPP4_num_positions,liability_DPP4_global_details,liability_DPP4_avg_severity,liability_MetOx_position,liability_MetOx_length,liability_MetOx_severity,liability_MetOx_details,liability_MetOx_positions,liability_MetOx_num_positions,liability_MetOx_global_details,liability_MetOx_avg_severity,liability_AspBridge_position,liability_AspBridge_length,liability_AspBridge_severity,liability_AspBridge_details,liability_AspBridge_positions,liability_AspBridge_num_positions,liability_AspBridge_global_details,liability_AspBridge_avg_severity,liability_NTCycl_count,liability_NTCycl_position,liability_NTCycl_length,liability_NTCycl_severity,liability_NTCycl_details,liability_NTCycl_positions,liability_NTCycl_num_positions,liability_NTCycl_global_details,liability_NTCycl_avg_severity,liability_HydroPatch_position,liability_HydroPatch_length,liability_HydroPatch_severity,liability_HydroPatch_details,liability_HydroPatch_positions,liability_HydroPatch_num_positions,liability_HydroPatch_global_details,liability_HydroPatch_avg_severity,liability_AspCleave_position,liability_AspCleave_length,liability_AspCleave_severity,liability_AspCleave_details,liability_AspCleave_positions,liability_AspCleave_num_positions,liability_AspCleave_global_details,liability_AspCleave_avg_severity,liability_ProtTryp_position,liability_ProtTryp_length,liability_ProtTryp_severity,liability_ProtTryp_details,liability_ProtTryp_positions,liability_ProtTryp_num_positions,liability_ProtTryp_global_details,liability_ProtTryp_avg_severity,liability_TrpOx_position,liability_TrpOx_length,liability_TrpOx_severity,liability_TrpOx_details,liability_TrpOx_positions,liability_TrpOx_num_positions,liability_TrpOx_global_details,liability_TrpOx_avg_severity,liability_violations_summary,native_rmsd,native_rmsd_bb,native_rmsd_refolded,native_rmsd_bb_refolded,bb_rmsd,bb_rmsd_design,bb_rmsd_target,bb_rmsd_design_target,bb_target_aligned_rmsd_design,bb_rmsd<2.5,bb_target_aligned<2.5,bb_designability_rmsd_2,bb_designability_rmsd_4,ligand_iptm,interaction_pae,min_interaction_pae,iptm,ptm,protein_iptm,design_iptm,design_iiptm,design_residue_iptm,target_ptm,design_ipsae_min,design_to_target_ipsae,target_to_design_ipsae,complex_plddt,complex_iplddt,complex_pde,complex_ipde,min_interaction_pae<1.5,min_interaction_pae<2,min_interaction_pae<2.5,min_interaction_pae<3,min_interaction_pae<4,min_interaction_pae<5,design_ptm>80,design_ptm>75,design_iptm>80,design_iptm>70,design_iptm>60,design_iptm>50,design_sasa_unbound_refolded,design_sasa_bound_refolded,plip_saltbridge_refolded,liability_details,filter_rmsd_design,neg_min_design_to_target_pae,neg_design_hydrophobicity,neg_min_interaction_pae,neg_filter_rmsd,neg_filter_rmsd_design,has_x,num_filters_passed,pass_has_x_filter,pass_filters,pass_filter_rmsd_filter,pass_filter_rmsd_design_filter,pass_CYS_fraction_filter,pass_ALA_fraction_filter,pass_GLY_fraction_filter,pass_GLU_fraction_filter,pass_LEU_fraction_filter,pass_VAL_fraction_filter,design_iiptm_z,design_ptm_z,min_design_to_target_pae_z,design_hydrophobicity_z,delta_sasa_refolded_z,plip_saltbridge_refolded_z,plip_hbonds_refolded_z,absolute_score,structure_confidence,rank_design_to_target_iptm,rank_design_ptm,rank_neg_min_design_to_target_pae,rank_plip_hbonds_refolded,rank_plip_saltbridge_refolded,rank_delta_sasa_refolded,max_rank,secondary_rank,quality_score
pdl1_05,1,KASGFSVSSNYLASASNLESQQYSSLPLTGSGADLSSYSSSSAMPFNSTATPYSGAMDY,DIQMTQSPSSLSASVGDRVTITCKASGFSVSSNYLAWYQQKPGKAPKLLIYSASNLESGVPSRFSGSGSGTDFTLTISSLQPEDVATYYCQQYSSLPLTFGQGTKVEIK,59,0.46285,8.49175,0.69422,1.77003,5,841.67627,48.0138,33.2266,0.94915,0.0,0.05085,pdl1_05.cif,KASGFSVSSNYLASASNLESQQYSSLPLT,DIQMTQSPSSLSASVGDRVTITCKASGFSVSSNYLAWYQQKPGKAPKLLIYSASNLESGVPSRFSGSGSGTDFTLTISSLQPEDVATYYCQQYSSLPLTFGQGTKVEIK,GSGADLSSYSSSSAMPFNSTATPYSGAMDY,EVQLVESGGGLVQPGRSLRLSCAASGSGADLSSYAMHWVRQAPGKGLEWVSAISSSSAMPFIDYADSVEGRFTISRDNAKNSLYLQMNSLRAEDTAVYYCAKNSTATPYSGAMDYWGQGTLVTVSS,362,0,362.0,362.0,0.0,0.0678,0.11864,0.0,0.30508,0.05085,0.05085,0.01695,0.0,0.05085,0.0339,0.08475,0.0339,0.0339,0.01695,0.01695,0.0,0.0339,0.0,0.08475,0.0,90,10,8,2,0,0,0,0,0,0,0,0,-1,0,0,,,0,,0.0,4,1,5,,,0,,0.0,-1,0,0,,,0,,0.0,0,-1,0,0,,,0,,0.0,48,4,5,,,0,,0.0,-1,0,0,,,0,,0.0,-1,0,0,,18-105,7,,10.0,37,1,10,,,0,,0.0,"ProtTrypx7(pos18-105,sev10); MetOx(pos4,sev5); TrpOx(pos37,sev10); HydroPatch(pos48,sev5)",0.0,0.0,0.0,0.0,1.77003,2.09302,1.535,2.33401,3.73022,True,False,False,True,0.0,15.57019,8.49175,0.49549,0.5836,0.49549,0.41694,0.47353,0.66139,0.78207,0.09397,0.09397,0.11839,0.71215,0.6493,1.20288,4.50138,False,False,False,False,False,False,False,False,False,False,False,False,7567.1748,6725.49854,1,,2.09302,-8.49175,-33.2266,-8.49175,-1.77003,-2.09302,False,9,True,True,True,True,True,True,True,True,True,True,0.8537685932148242,0.9378961742445593,-0.04492950001085715,-1.4184833731913828,-1.0240904020636064,-0.3894733852049158,-0.47112899159316013,0.21368824025501756,0.5470584721391843,1.0,2.0,1.0,0.5,1.0,1.5,2.0,1,1.0
pdl1_13,2,RASQSIGSNALADASTLESQQYSYGIFKGGIGPFTFSSYSGSGDSSTDWKY,DIQMTQSPSSLSASVGDRVTITCRASQSIGSNALAWYQQKPGKAPKLLIYDASTLESGVPSRFSGSGSGTDFTLTISSLQPEDVATYYCQQYSYGIFKGGIFGQGTKVEIK,51,0.26157,15.04503,0.68167,1.28636,2,937.96875,47.0535,34.368,0.88235,0.05882,0.05882,pdl1_13.cif,RASQSIGSNALADASTLESQQYSYGIFKGGI,DIQMTQSPSSLSASVGDRVTITCRASQSIGSNALAWYQQKPGKAPKLLIYDASTLESGVPSRFSGSGSGTDFTLTISSLQPEDVATYYCQQYSYGIFKGGIFGQGTKVEIK,GPFTFSSYSGSGDSSTDWKY,EVQLVESGGGLVQPGRSLRLSCAASGPFTFSSYAMHWVRQAPGKGLEWVSAISGSGDSSTIDYADSVEGRFTISRDNAKNSLYLQMNSLRAEDTAVYYCAKDWKYWGQGTLVTVSS,354,0,354.0,354.0,0.0,0.13725,0.07843,0.0,0.23529,0.01961,0.05882,0.0,0.05882,0.01961,0.05882,0.03922,0.0,0.05882,0.01961,0.03922,0.0,0.05882,0.01961,0.07843,0.01961,110,12,10,2,0,0,0,0,0,0,0,0,-1,0,0,,,0,,0.0,4,1,5,,,0,,0.0,32,2,10,,,0,,0.0,0,-1,0,0,,,0,,0.0,47,4,5,,,0,,0.0,-1,0,0,,,0,,0.0,-1,0,0,,18-107,8,,10.0,36,1,10,,,0,,0.0,"AspBridge(pos32,sev10); ProtTrypx8(pos18-107,sev10); MetOx(pos4,sev5); TrpOx(pos36,sev10); HydroPatch(pos47,sev5)",0.0,0.0,0.0,0.0,1.28636,1.24645,1.05359,1.4691,1.98132,True,True,True,True,0.0,21.44064,15.0431,0.40333,0.51505,0.40333,0.23937,0.23812,0.60511,0.7348,0.0,0.0,0.0,0.72736,0.68267,1.3234,7.05428,False,False,False,False,False,False,False,False,False,False,False,False,7860.5127,6922.54395,3,,1.24645,-15.04503,-34.368,-15.0431,-1.28636,-1.24645,False,9,True,True,True,True,True,True,True,True,True,True,-1.3624818092925983,0.6385548232546929,1.6508847437602632,-1.2676187107231611,-0.8370628960733729,0.6534018664873432,-1.144264437357798,-0.5706702824519555,-1.0776356565702059,2.0,3.0,2.0,1.5,0.5,1.0,3.0,2,0.9655172413793104
pdl1_18,3,GFTIDSNTGGSGSAGGDYRASQSVGAGSGNALAAASNRGSQQYLGYWT,EVQLVESGGGLEQPGGSLRLSCAGSGFTIDSNTAMTWVRQAPGKGLEWVSSIGGSGSTYYADSVKGRFTISRDNSKNTLYLQMNSLRAEDTAVYYCAKAGGDYWGQGTTVTVSS,48,0.23282,16.47291,0.71356,1.8417,4,946.76172,44.238,30.0758,0.875,0.0,0.125,pdl1_18.cif,GFTIDSNTGGSGSAGGDY,EVQLVESGGGLEQPGGSLRLSCAGSGFTIDSNTAMTWVRQAPGKGLEWVSSIGGSGSTYYADSVKGRFTISRDNSKNTLYLQMNSLRAEDTAVYYCAKAGGDYWGQGTTVTVSS,RASQSVGAGSGNALAAASNRGSQQYLGYWT,DIVMTQSPLSLPVTPGEPASISCRASQSVGAGSGNALAWYLQKSGQSPQLLIYAASNRGSGVPDRFSGSGSGTDFTLKISRVEAEDVGFYYCQQYLGYWTFGQGTKLEIK,351,0,350.0,351.0,0.0,0.22917,0.14583,0.0,0.16667,0.0,0.0625,0.02083,0.02083,0.0625,0.04167,0.04167,0.0,0.0625,0.0,0.0,0.0,0.02083,0.04167,0.0625,0.02083,180,20,16,4,0,0,0,0,0,0,0,0,-1,0,0,,,0,,0.0,-1,0,0,,35-83,2,,5.0,-1,0,0,,74-84,2,,10.0,0,-1,0,0,,,0,,0.0,-1,0,0,,79-93,2,,5.0,-1,0,0,,30-62,2,,10.0,-1,0,0,,19-98,9,,10.0,-1,0,0,,37-104,3,,10.0,"AspBridgex2(pos74-84,sev10); AspCleavex2(pos30-62,sev10); ProtTrypx9(pos19-98,sev10); MetOxx2(pos35-83,sev5); TrpOxx3(pos37-104,sev10); HydroPatchx2(pos79-93,sev5)",0.0,0.0,0.0,0.0,1.8417,1.71794,1.21031,2.2307,3.71708,True,False,True,True,0.0,22.80792,16.47291,0.41146,0.52868,0.41146,0.22448,0.22448,0.67308,0.75587,0.0,0.0,0.0,0.72232,0.67331,1.42005,8.92703,False,False,False,False,False,False,False,False,False,False,False,False,7507.75586,6560.99414,1,,1.71794,-16.47291,-30.0758,-16.47291,-1.8417,-1.71794,False,9,True,True,True,True,True,True,True,True,True,True,-1.490894601825631,1.3991919294751605,2.0203820401364143,-1.8349406874588357,-0.819984436266886,-0.3894733852049158,-0.695507473514706,-0.6086675452813407,-1.124672270889786,3.0,1.0,3.0,1.0,1.0,0.5,3.0,2,0.9310344827586207
pdl1_11,4,GSFTFSSYSSSGSVVRGASIYYGAMDYRASQSVSGNNNLHSASNRASQASSSSSNPKWS,EVQLVESGGGLEQPGGSLRLSCAGSGSFTFSSYAMTWVRQAPGKGLEWVSSISSSGSVTYYADSVKGRFTISRDNSKNTLYLQMNSLRAEDTAVYYCAKVRGASIYYGAMDYWGQGTTVTVSS,59,0.48575,7.18028,0.71575,4.40782,2,831.56885,47.9012,15.2946,0.83051,0.10169,0.0678,pdl1_11.cif,GSFTFSSYSSSGSVVRGASIYYGAMDY,EVQLVESGGGLEQPGGSLRLSCAGSGSFTFSSYAMTWVRQAPGKGLEWVSSISSSGSVTYYADSVKGRFTISRDNSKNTLYLQMNSLRAEDTAVYYCAKVRGASIYYGAMDYWGQGTTVTVSS,RASQSVSGNNNLHSASNRASQASSSSSNPKWS,DIVMTQSPLSLPVTPGEPASISCRASQSVSGNNNLHWYLQKSGQSPQLLIYSASNRASGVPDRFSGSGSGTDFTLKISRVEAEDVGFYYCQASSSSSNPKWSFGQGTKLEIK,362,0,361.0,362.0,0.0,0.08475,0.10169,0.0,0.33898,0.01695,0.01695,0.05085,0.01695,0.08475,0.01695,0.01695,0.01695,0.0339,0.0,0.01695,0.01695,0.0339,0.05085,0.0678,0.01695,190,22,16,6,0,0,0,0,0,0,0,0,-1,0,0,,,0,,0.0,-1,0,0,,35-110,3,,5.0,-1,0,0,,75-85,2,,10.0,0,-1,0,0,,,0,,0.0,-1,0,0,,80-105,3,,5.0,63,2,10,,,0,,0.0,-1,0,0,,19-101,10,,10.0,-1,0,0,,37-113,3,,10.0,"AspBridgex2(pos75-85,sev10); AspCleave(pos63,sev10); ProtTrypx10(pos19-101,sev10); MetOxx3(pos35-110,sev5); TrpOxx3(pos37-113,sev10); HydroPatchx3(pos80-105,sev5)",0.0,0.0,0.0,0.0,4.40782,1.29372,4.28734,2.10906,6.45629,False,False,True,True,0.0,14.81887,7.18028,0.517,0.59853,0.517,0.43874,0.44049,0.67675,0.7718,0.10565,0.10565,0.13411,0.71516,0.65686,1.17929,4.64763,False,False,False,False,False,False,False,False,False,False,False,False,7509.31592,6677.74707,0,,1.29372,-7.18028,-15.2946,-7.18028,-4.40782,-1.29372,False,1,True,False,False,True,True,True,True,True,True,True,0.5427159051436069,1.4514275915204047,-0.3843029902750471,-3.788647318679503,-1.0437218992957455,-0.9109110110510453,-1.144264437357798,0.02689729888731636,0.6610930764715425,4.0,6.0,4.0,10.0,11.5,12.0,12.0,3,0.896551724137931
pdl1_07,5,SGSSSNIGSNYVNWDSELPSQSYDASKNNLVGSFDFSSYSSDGTTYSLYFAPGISTYMDY,ESVLTQPPSVSGAPGQRVTISCSGSSSNIGSNYVNWYQQLPGTAPKLLISWDSELPSGVPDRFSGSKSGTSASLAITGLQAEDEADYYCQSYDASKNNLVFGGGTKLTVL,60,0.48194,7.98444,0.7083,3.49383,3,832.12451,46.0063,45.3724,0.76667,0.1,0.13333,pdl1_07.cif,SGSSSNIGSNYVNWDSELPSQSYDASKNNLV,ESVLTQPPSVSGAPGQRVTISCSGSSSNIGSNYVNWYQQLPGTAPKLLISWDSELPSGVPDRFSGSKSGTSASLAITGLQAEDEADYYCQSYDASKNNLVFGGGTKLTVL,GSFDFSSYSSDGTTYSLYFAPGISTYMDY,EVQLVESGGGLVKPGGSLRLSCAASGSFDFSSYSMNWVRQAPGKGLEWVSSISSDGTTYISYADSVKGRFTISRDNAKNSLYLQMNSLRAEDTAVYFCARSLYFAPGISTYMDYWGQGTMVTVSS,362,0,362.0,362.0,0.0,0.08333,0.03333,0.0,0.26667,0.03333,0.05,0.03333,0.03333,0.08333,0.08333,0.05,0.01667,0.01667,0.01667,0.01667,0.0,0.05,0.0,0.11667,0.01667,100,11,9,2,0,0,0,0,0,0,0,0,-1,0,0,,,0,,0.0,-1,0,0,,,0,,0.0,-1,0,0,,,0,,0.0,0,-1,0,0,,,0,,0.0,-1,0,0,,47-99,2,,5.0,52,2,10,,,0,,0.0,-1,0,0,,17-106,6,,10.0,-1,0,0,,36-51,2,,10.0,"AspCleave(pos52,sev10); ProtTrypx6(pos17-106,sev10); TrpOxx2(pos36-51,sev10); HydroPatchx2(pos47-99,sev5)",0.0,0.0,0.0,0.0,3.49383,0.88704,4.77997,2.09762,3.62766,False,False,True,True,0.0,14.68527,7.4326,0.50996,0.60087,0.50996,0.44338,0.45686,0.6754,0.74402,0.11088,0.11088,0.13447,0.76181,0.70213,1.17049,4.1825,False,False,False,False,False,False,False,False,False,False,False,False,7727.02832,6894.90381,2,,0.88704,-7.98444,-45.3724,-7.4326,-3.49383,-0.88704,False,1,True,False,False,True,True,True,True,True,True,True,0.6968300850384562,1.2737309329646678,-0.17620781011015493,0.18688899180469257,-1.0426426488290577,0.13196424064121373,-0.919885955436252,0.020475644711429538,0.6039613446523779,5.0,12.0,5.0,6.5,3.0,11.5,12.0,3,0.8620689655172413
pdl1_10,6,GFSLTDGYYPGAGGLYGGGSDGRSYYVLDYRASQSVNSMHDASTLASQQYSGDPNVPLT,QVQLQESGPGLVKPSQTLSLTCTVSGFSLTDGYYWSWIRQPPGKGLEWIGYIYPGAGGLYTDYNPSLKSRVTMSVDTSKNQFSLKVNSVTAADTAVYYCARGGGSDGRSYYVLDYWGQGTLVTVSS,59,0.29502,13.51224,0.69823,17.40218,2,833.40137,51.8478,29.1447,0.89831,0.0,0.10169,pdl1_10.cif,GFSLTDGYYPGAGGLYGGGSDGRSYYVLDY,QVQLQESGPGLVKPSQTLSLTCTVSGFSLTDGYYWSWIRQPPGKGLEWIGYIYPGAGGLYTDYNPSLKSRVTMSVDTSKNQFSLKVNSVTAADTAVYYCARGGGSDGRSYYVLDYWGQGTLVTVSS,RASQSVNSMHDASTLASQQYSGDPNVPLT,EIVMTQSPATLSLSPGERATLSCRASQSVNSMHWYQQKPGQAPRLLIYDASTLASGIPARFSGSGSGTDFTLTISSLEPEDFAVYYCQQYSGDPNVPLTFGGGTKAEIK,362,0,362.0,362.0,0.0,0.16949,0.0678,0.0,0.15254,0.05085,0.05085,0.05085,0.0,0.0339,0.08475,0.08475,0.01695,0.05085,0.0,0.0,0.01695,0.01695,0.0339,0.11864,0.0,200,23,17,6,0,0,0,0,0,0,0,0,-1,0,0,,,0,,0.0,73,1,5,,,0,,0.0,-1,0,0,,80-87,2,,10.0,0,1,1,5,,,0,,0.0,-1,0,0,,33-110,4,,5.0,-1,0,0,,31-106,2,,10.0,-1,0,0,,13-108,9,,10.0,-1,0,0,,35-116,4,,10.0,"AspBridgex2(pos80-87,sev10); AspCleavex2(pos31-106,sev10); NTCycl(pos1,sev5); ProtTrypx9(pos13-108,sev10); MetOx(pos73,sev5); TrpOxx4(pos35-116,sev10); HydroPatchx4(pos33-110,sev5)",0.0,0.0,0.0,0.0,17.40218,2.13717,1.69703,4.02176,37.7271,False,False,False,True,0.0,20.57706,13.51224,0.43123,0.53696,0.43123,0.28928,0.2671,0.66913,0.72345,0.00481,0.00507,0.00481,0.71579,0.67455,1.33001,6.51326,False,False,False,False,False,False,False,False,False,False,False,False,7700.61133,6867.20996,1,,2.13717,-13.51224,-29.1447,-13.51224,-17.40218,-2.13717,False,1,True,False,False,True,True,True,True,True,True,True,-1.089651697297929,1.0335422951584547,1.254239534840465,-1.9580089257838407,-1.0401626219225049,-0.3894733852049158,-1.144264437357798,-0.04429540457626848,-0.7308480338236667,13.0,14.0,13.0,10.0,6.0,10.5,14.0,4,0.8275862068965517
pdl1_24,7,GRKVSDYVGSSLGAYLDYKSSQSLDSSSGGGTALAGASNLASVQYKSFSSSGLT,VQLVQSGAEVKKPGSSVMVSCQASGRKVSDYIINWVRQAPGQGPEWMGGIVGSSLVHYGPKFQGRVTITADESTDTAYMELSSLRSEDTAMYYCATGAYLDYWGQGTLVTVSS,54,0.40573,10.95637,0.69291,4.04147,6,899.46094,47.9026,32.1177,0.83333,0.05556,0.11111,pdl1_24.cif,GRKVSDYVGSSLGAYLDY,VQLVQSGAEVKKPGSSVMVSCQASGRKVSDYIINWVRQAPGQGPEWMGGIVGSSLVHYGPKFQGRVTITADESTDTAYMELSSLRSEDTAMYYCATGAYLDYWGQGTLVTVSS,KSSQSLDSSSGGGTALAGASNLASVQYKSFSSSGLT,DIQMTQSPSSLSAAVGDRVTITCKSSQSLDSSSGGGTALAWYQQKPGKAPKLLIYGASNLASGVPSRFSGSGSGTDFSLTISSLQPEDVATYYCVQYKSFSSSGLTFGGGTKVEIK,356,0,356.0,356.0,0.0,0.14815,0.09259,0.0,0.27778,0.0,0.03704,0.05556,0.0,0.01852,0.05556,0.11111,0.0,0.03704,0.0,0.05556,0.0,0.01852,0.01852,0.07407,0.0,135,16,11,5,0,0,0,0,0,0,0,0,-1,0,0,,,0,,0.0,-1,0,0,,18-91,4,,5.0,-1,0,0,,,0,,0.0,0,-1,0,0,,,0,,0.0,31,3,5,,,0,,0.0,-1,0,0,,,0,,0.0,-1,0,0,,11-85,8,,10.0,-1,0,0,,35-103,3,,10.0,"ProtTrypx8(pos11-85,sev10); MetOxx4(pos18-91,sev5); TrpOxx3(pos35-103,sev10); HydroPatch(pos31,sev5)",0.0,0.0,0.0,0.0,4.04147,1.13754,2.81251,2.0597,8.76967,False,False,True,True,0.0,18.2295,10.83767,0.47545,0.56281,0.47545,0.36013,0.40841,0.64964,0.72671,0.04353,0.05296,0.04353,0.73732,0.68972,1.36077,6.96726,False,False,False,False,False,False,False,False,False,False,False,False,7803.61572,6904.15479,2,,1.13754,-10.95637,-32.1177,-10.83767,-4.04147,-1.13754,False,1,True,False,False,True,True,True,True,True,True,True,0.24070106757324833,0.9066501846193239,0.5928484831492059,-1.5650523448148366,-0.9118560644022576,0.13196424064121373,-0.2467505096716142,0.000798977840346158,0.04047107069348175,7.0,15.0,10.0,2.5,3.0,6.0,15.0,5,0.7931034482758621
pdl1_28,8,SGSSSLLGSTSSNAMAGASKRPSQQISNGVTGFSLSDGYSGASSGSLYSGGFDV,QSVLTQPPSVSGAPGQRVTISCSGSSSLLGSTSSNAMAWYQQLPGTAPKLLIYGASKRPSGVPDRFSGSKSGTSASLAITGLQSEDEADYYCQQISNGVTFGGGTKLTVL,54,0.28043,14.58582,0.73841,15.46368,6,938.70361,43.338,36.5782,0.77778,0.12963,0.09259,pdl1_28.cif,SGSSSLLGSTSSNAMAGASKRPSQQISNGVT,QSVLTQPPSVSGAPGQRVTISCSGSSSLLGSTSSNAMAWYQQLPGTAPKLLIYGASKRPSGVPDRFSGSKSGTSASLAITGLQSEDEADYYCQQISNGVTFGGGTKLTVL,GFSLSDGYSGASSGSLYSGGFDV,EVQLVQSGAEVKKPGESLKISCKGSGFSLSDGYWIGWVRQMPGKGLEWMGIISGASSGSTRYSPSFQGQVTISADKSISTAYLQWSSLKASDTAMYYCARLYSGGFDVWGQGTLVTVSS,356,0,356.0,356.0,0.0,0.18519,0.07407,0.0,0.31481,0.01852,0.03704,0.03704,0.01852,0.03704,0.03704,0.07407,0.01852,0.03704,0.0,0.01852,0.0,0.03704,0.01852,0.03704,0.0,115,13,10,3,0,0,0,0,0,0,0,0,-1,0,0,,,0,,0.0,37,1,5,,,0,,0.0,-1,0,0,,35-97,2,,10.0,0,1,1,5,,,0,,0.0,50,4,5,,,0,,0.0,-1,0,0,,,0,,0.0,-1,0,0,,17-106,7,,10.0,39,1,10,,,0,,0.0,"AspBridgex2(pos35-97,sev10); NTCycl(pos1,sev5); ProtTrypx7(pos17-106,sev10); MetOx(pos37,sev5); TrpOx(pos39,sev10); HydroPatch(pos50,sev5)",0.0,0.0,0.0,0.0,15.46368,2.09709,2.87164,6.97118,26.7851,False,False,False,True,0.0,21.67918,14.58582,0.44976,0.55432,0.44976,0.26905,0.26899,0.69228,0.74642,0.0,0.00468,0.0,0.74245,0.69397,1.31917,7.33769,False,False,False,False,False,False,False,False,False,False,False,False,7838.78076,6900.07715,2,,2.09709,-14.58582,-36.5782,-14.58582,-15.46368,-2.09709,False,1,True,False,False,True,True,True,True,True,True,True,-1.0718584291243636,1.991911656335576,1.5320534319771353,-0.9754852982584139,-0.835635588010978,0.13196424064121373,-0.2467505096716142,-0.0343010116400349,-0.6431824131734843,16.0,4.0,18.0,2.5,3.0,3.0,18.0,6,0.7586206896551724
pdl1_29,9,GWSFKEDGGLAGPNPASSGGLTGGGMDYRASQSLSSSSALDSASTLASQQSDGGVPGT,VQLVQSGAEVKKPGSSVMVSCQASGWSFKEDGGIINWVRQAPGQGPEWMGGILAGPNPAVHYGPKFQGRVTITADESTDTAYMELSSLRSEDTAMYYCATSSGGLTGGGMDYWGQGTLVTVSS,58,0.27809,14.13081,0.68844,4.13533,5,1014.09863,47.265,26.0128,0.81034,0.12069,0.06897,pdl1_29.cif,GWSFKEDGGLAGPNPASSGGLTGGGMDY,VQLVQSGAEVKKPGSSVMVSCQASGWSFKEDGGIINWVRQAPGQGPEWMGGILAGPNPAVHYGPKFQGRVTITADESTDTAYMELSSLRSEDTAMYYCATSSGGLTGGGMDYWGQGTLVTVSS,RASQSLSSSSALDSASTLASQQSDGGVPGT,DIQMTQSPSSLSAAVGDRVTITCRASQSLSSSSALDWYQQKPGKAPKLLIYSASTLASGVPSRFSGSGSGTDFSLTISSLQPEDVATYYCQQSDGGVPGTFGGGTKVEIK,360,0,360.0,360.0,0.0,0.2069,0.10345,0.0,0.22414,0.05172,0.05172,0.01724,0.0,0.01724,0.06897,0.08621,0.01724,0.05172,0.01724,0.01724,0.0,0.01724,0.01724,0.01724,0.01724,145,17,12,5,0,0,0,0,0,0,0,0,-1,0,0,,,0,,0.0,-1,0,0,,18-110,5,,5.0,-1,0,0,,,0,,0.0,0,-1,0,0,,,0,,0.0,-1,0,0,,,0,,0.0,31,2,10,,,0,,0.0,-1,0,0,,11-89,7,,10.0,-1,0,0,,26-113,4,,10.0,"AspCleave(pos31,sev10); ProtTrypx7(pos11-89,sev10); MetOxx5(pos18-110,sev5); TrpOxx4(pos26-113,sev10)",0.0,0.0,0.0,0.0,4.13533,3.84666,2.8274,4.35733,6.29577,False,False,False,True,0.0,21.19266,14.13081,0.42681,0.52879,0.42681,0.25667,0.28989,0.68547,0.71264,0.0,0.0,0.00498,0.69091,0.63589,1.40748,6.84661,False,False,False,False,False,False,False,False,False,False,False,False,7717.92676,6703.82812,0,,3.84666,-14.13081,-26.0128,-14.13081,-4.13533,-3.84666,False,1,True,False,False,False,True,True,True,True,True,True,-0.8750968921785878,0.8000321894858817,1.4143089682798269,-2.3719681306061835,-0.6891969195429547,-0.9109110110510453,-0.47112899159316013,-0.004200403940172121,-0.7557559062861895,17.0,18.0,15.0,4.0,11.5,2.5,18.0,6,0.7241379310344828
pdl1_22,10,GASLSNNNYSGSGGGGDGGGYGLGIKSSQSLSLGSGYTALAAASTLASQQYYNSIPWT,VQLVQSGAEVKKPGSSVMVSCQASGASLSNNNYIINWVRQAPGQGPEWMGGISGSGGVHYGPKFQGRVTITADESTDTAYMELSSLRSEDTAMYYCATGGDGGGYGLGIWGQGTLVTVSS,58,0.25553,13.99876,0.6888,6.61904,7,926.69141,44.544,39.5232,0.87931,0.05172,0.06897,pdl1_22.cif,GASLSNNNYSGSGGGGDGGGYGLGI,VQLVQSGAEVKKPGSSVMVSCQASGASLSNNNYIINWVRQAPGQGPEWMGGISGSGGVHYGPKFQGRVTITADESTDTAYMELSSLRSEDTAMYYCATGGDGGGYGLGIWGQGTLVTVSS,KSSQSLSLGSGYTALAAASTLASQQYYNSIPWT,DIQMTQSPSSLSAAVGDRVTITCKSSQSLSLGSGYTALAWYQQKPGKAPKLLIYAASTLASGVPSRFSGSGSGTDFSLTISSLQPEDVATYYCQQYYNSIPWTFGGGTKVEIK,360,0,360.0,360.0,0.0,0.22414,0.10345,0.0,0.2069,0.01724,0.05172,0.0,0.03448,0.06897,0.01724,0.10345,0.0,0.05172,0.0,0.01724,0.0,0.0,0.0,0.08621,0.01724,125,15,10,5,0,0,0,0,0,0,0,0,-1,0,0,,,0,,0.0,-1,0,0,,18-93,4,,5.0,-1,0,0,,,0,,0.0,0,-1,0,0,,,0,,0.0,33,3,5,,,0,,0.0,101,2,10,,,0,,0.0,-1,0,0,,11-87,6,,10.0,-1,0,0,,37-110,3,,10.0,"AspCleave(pos101,sev10); ProtTrypx6(pos11-87,sev10); MetOxx4(pos18-93,sev5); TrpOxx3(pos37-110,sev10); HydroPatch(pos33,sev5)",0.0,0.0,0.0,0.0,6.61904,2.53902,2.80212,4.5323,20.45903,False,False,False,True,0.0,21.01165,13.75459,0.43026,0.53237,0.43026,0.25996,0.25996,0.6202,0.7231,0.0,0.005,0.0,0.73807,0.68023,1.36981,6.74866,False,False,False,False,False,False,False,False,False,False,False,False,7791.5415,6864.8501,0,,2.53902,-13.99876,-39.5232,-13.75459,-6.61904,-2.53902,False,1,True,False,False,False,True,True,True,True,True,True,-1.1568707103980647,0.8086188736577006,1.3801379469149568,-0.5862296201710552,-0.8589667121803409,-0.9109110110510453,-0.022372027750068284,-0.00499001583225503,-0.8530796881936684,20.0,17.0,14.0,2.0,11.5,4.5,20.0,7,0.6896551724137931
pdl1_21,11,TGSSSTIGSGNGYVAWDSKRPSAAWGSSDSGPVGYTFSGNSGNGYGGGDSNGESYGLALAGAFDY,QSVLTQPPSVSGAPGQRVTISCTGSSSTIGSGNGYVAWYQQLPGTAPKLLIYWDSKRPSGVPDRFSGSKSGTSASLAITGLQSEDEADYYCAAWGSSDSGPVFGGGTKLTVL,65,0.28616,14.44644,0.68446,16.07065,3,926.37842,44.8624,33.9533,0.81538,0.09231,0.09231,pdl1_21.cif,TGSSSTIGSGNGYVAWDSKRPSAAWGSSDSGPV,QSVLTQPPSVSGAPGQRVTISCTGSSSTIGSGNGYVAWYQQLPGTAPKLLIYWDSKRPSGVPDRFSGSKSGTSASLAITGLQSEDEADYYCAAWGSSDSGPVFGGGTKLTVL,GYTFSGNSGNGYGGGDSNGESYGLALAGAFDY,EVQLVQSGAEVKKPGESLKISCKGSGYTFSGNWIGWVRQMPGKGLEWMGIISGNGYTRYSPSFQGQVTISADKSISTAYLQWSSLKASDTAMYYCARGGGDSNGESYGLALAGAFDYWGQGTLVTVSS,367,0,367.0,367.0,0.0,0.24615,0.09231,0.0,0.2,0.03077,0.04615,0.03077,0.01538,0.06154,0.06154,0.03077,0.0,0.0,0.01538,0.01538,0.0,0.03077,0.01538,0.07692,0.03077,140,15,13,2,0,0,0,0,0,0,0,0,-1,0,0,,,0,,0.0,-1,0,0,,,0,,0.0,33,2,10,,,0,,0.0,0,1,1,5,,,0,,0.0,49,5,5,,,0,,0.0,-1,0,0,,54-98,2,,10.0,-1,0,0,,17-108,7,,10.0,-1,0,0,,38-94,3,,10.0,"AspBridge(pos33,sev10); AspCleavex2(pos54-98,sev10); NTCycl(pos1,sev5); ProtTrypx7(pos17-108,sev10); TrpOxx3(pos38-94,sev10); HydroPatch(pos49,sev5)",0.0,0.0,0.0,0.0,16.07065,3.96345,1.9293,8.13696,26.1533,False,False,False,True,0.0,21.00328,14.44644,0.42755,0.52608,0.42755,0.2516,0.26234,0.65374,0.72009,0.00469,0.00474,0.00469,0.70995,0.65456,1.38912,6.16394,False,False,False,False,False,False,False,False,False,False,False,False,7792.73242,6866.354,0,,3.96345,-14.44644,-33.9533,-14.44644,-16.07065,-3.96345,False,1,True,False,False,False,True,True,True,True,True,True,-1.1344643726980195,0.705101625586304,1.4959856019291566,-1.3224317259023899,-0.8595746281785568,-0.9109110110510453,-0.919885955436252,-0.005542662875149629,-0.9111596647336097,15.0,21.0,17.0,6.5,11.5,5.5,21.0,8,0.6551724137931034
pdl1_25,12,GFDFSTGGYGASGGGPIFDVSGVSSSDGIAGNSSRPSVQINHYPLT,VQLVQSGAEVKKPGASVKVSCKASGFDFSTGGGLSWVRQAPGQGLEWMGWIYGASGGTNYGQEFQGRVTMTTDTSTSTAYMELRSLRSDDTAVYYCARGPIFDVWGRGTLVTVSS,46,0.2777,14.8237,0.68613,11.37213,3,814.38672,48.0125,29.3496,0.8913,0.06522,0.04348,pdl1_25.cif,GFDFSTGGYGASGGGPIFDV,VQLVQSGAEVKKPGASVKVSCKASGFDFSTGGGLSWVRQAPGQGLEWMGWIYGASGGTNYGQEFQGRVTMTTDTSTSTAYMELRSLRSDDTAVYYCARGPIFDVWGRGTLVTVSS,SGVSSSDGIAGNSSRPSVQINHYPLT,YVLTQPPSVSVAPGKTARITCSGVSSSDGIAWYQQKPGQAPVLVIYGNSSRPSGIPERFSGSNSGNTATLTISRVEAGDEADYYCVQINHYPLTFGGGTKLTVL,346,0,346.0,346.0,0.0,0.21739,0.04348,0.0,0.19565,0.06522,0.04348,0.06522,0.06522,0.04348,0.06522,0.02174,0.0,0.02174,0.0,0.0,0.02174,0.06522,0.02174,0.04348,0.0,165,19,14,5,0,0,0,0,0,0,0,0,-1,0,0,,,0,,0.0,-1,0,0,,48-81,3,,5.0,-1,0,0,,,0,,0.0,0,-1,0,0,,,0,,0.0,-1,0,0,,50-93,2,,5.0,-1,0,0,,,0,,0.0,-1,0,0,,11-107,10,,10.0,-1,0,0,,36-105,4,,10.0,"ProtTrypx10(pos11-107,sev10); MetOxx3(pos48-81,sev5); TrpOxx4(pos36-105,sev10); HydroPatchx2(pos50-93,sev5)",0.0,0.0,0.0,0.0,11.37213,1.64533,0.80596,6.36228,20.79707,False,False,True,True,0.0,21.53354,14.69423,0.41022,0.52915,0.41022,0.25991,0.26835,0.66294,0.7298,0.0,0.00461,0.0,0.72716,0.68345,1.36864,7.37863,False,False,False,False,False,False,False,False,False,False,False,False,7756.85254,6942.46582,1,,1.64533,-14.8237,-29.3496,-14.69423,-11.37213,-1.64533,False,1,True,False,False,True,True,True,True,True,True,True,-1.0778836627916029,0.7449342993833634,1.5936104373711173,-1.9309262471963706,-1.077094504524108,-0.3894733852049158,-0.919885955436252,-0.05282138568881215,-0.9196107801884154,18.0,20.0,21.0,6.5,6.0,13.0,21.0,8,0.6206896551724138
pdl1_20,13,RASQSVSGDGYSALNAASNLYSQQSLGGSGGPGTGYTFSSGYYPGSNGEVYDGAYGGFGY,DIQMTQSPSSLSASVGDRVTITCRASQSVSGDGYSALNWYQQKPEKAPKSLIYAASNLYSGVPSRFSGSGSGTDFTLTISSLQPEDFATYYCQQSLGGSGGPGTFGQGTKLEIK,60,0.27588,14.76618,0.68345,2.82545,2,884.67578,43.4643,37.0397,0.76667,0.05,0.18333,pdl1_20.cif,RASQSVSGDGYSALNAASNLYSQQSLGGSGGPGT,DIQMTQSPSSLSASVGDRVTITCRASQSVSGDGYSALNWYQQKPEKAPKSLIYAASNLYSGVPSRFSGSGSGTDFTLTISSLQPEDFATYYCQQSLGGSGGPGTFGQGTKLEIK,GYTFSSGYYPGSNGEVYDGAYGGFGY,EVQLVQSGAEVKKPGESLKISCKGSGYTFSSGYWLGWVRQMPGKGLDWIGIMYPGSNGEVIRYSPSFQGQVTMSVDKSITTAYLQWNSLKASDTAMYYCARYDGAYGGFGYWGQGTLVTVSS,363,0,363.0,363.0,0.0,0.25,0.08333,0.0,0.18333,0.03333,0.03333,0.03333,0.0,0.05,0.03333,0.05,0.0,0.05,0.01667,0.0,0.0,0.03333,0.01667,0.13333,0.0,100,11,9,2,0,0,0,0,0,0,0,0,-1,0,0,,,0,,0.0,4,1,5,,,0,,0.0,-1,0,0,,,0,,0.0,0,-1,0,0,,,0,,0.0,51,3,5,,,0,,0.0,32,2,10,,,0,,0.0,-1,0,0,,18-110,7,,10.0,39,1,10,,,0,,0.0,"AspCleave(pos32,sev10); ProtTrypx7(pos18-110,sev10); MetOx(pos4,sev5); TrpOx(pos39,sev10); HydroPatch(pos51,sev5)",0.0,0.0,0.0,0.0,2.82545,2.28076,3.35239,2.39575,4.60171,False,False,False,True,0.0,21.41529,14.76618,0.41672,0.52625,0.41672,0.26456,0.26456,0.604,0.73213,0.0,0.00457,0.0,0.73265,0.68717,1.37748,6.79614,False,False,False,False,False,False,False,False,False,False,False,False,7565.66699,6680.99121,2,,2.28076,-14.76618,-37.0397,-14.76618,-2.82545,-2.28076,False,1,True,False,False,True,True,True,True,True,True,True,-1.113564343414784,0.6810112061042519,1.5787257940624666,-0.9144864882627207,-0.9405730690994735,0.13196424064121373,-1.144264437357798,-0.0542426276586328,-0.9407138137700498,19.0,22.0,19.0,10.0,3.0,7.0,22.0,9,0.5862068965517242
pdl1_06,14,RASQSVSNNALADASKLESQQYSSFPLTGFSPFSDGYNPVTGYGLGPPWYTYFDY,DIQMTQSPSSLSASVGDRVTITCRASQSVSNNALAWYQQKPEKAPKSLIYDASKLESGVPSRFSGSGSGTDFTLTISSLQPEDFATYYCQQYSSFPLTFGQGTKLEIK,55,0.32105,10.9468,0.6825,10.87521,3,659.83008,46.3514,48.928,0.89091,0.05455,0.05455,pdl1_06.cif,RASQSVSNNALADASKLESQQYSSFPLT,DIQMTQSPSSLSASVGDRVTITCRASQSVSNNALAWYQQKPEKAPKSLIYDASKLESGVPSRFSGSGSGTDFTLTISSLQPEDFATYYCQQYSSFPLTFGQGTKLEIK,GFSPFSDGYNPVTGYGLGPPWYTYFDY,EVQLVQSGAEVKKPGESLKISCKGSGFSPFSDGYWLGWVRQMPGKGLDWIGIMNPVTGYIRYSPSFQGQVTMSVDKSITTAYLQWNSLKASDTAMYYCARGLGPPWYTYFDYWGQGTLVTVSS,358,0,358.0,358.0,0.0,0.09091,0.07273,0.0,0.16364,0.09091,0.05455,0.03636,0.0,0.05455,0.05455,0.07273,0.0,0.05455,0.01818,0.01818,0.0,0.07273,0.01818,0.10909,0.01818,110,12,10,2,0,0,0,0,0,0,0,0,-1,0,0,,,0,,0.0,4,1,5,,,0,,0.0,32,2,10,,,0,,0.0,0,-1,0,0,,,0,,0.0,48,3,5,,,0,,0.0,-1,0,0,,,0,,0.0,-1,0,0,,18-104,8,,10.0,36,1,10,,,0,,0.0,"AspBridge(pos32,sev10); ProtTrypx8(pos18-104,sev10); MetOx(pos4,sev5); TrpOx(pos36,sev10); HydroPatch(pos48,sev5)",0.0,0.0,0.0,0.0,10.87521,1.17105,3.30335,7.65831,19.9383,False,False,True,True,0.0,19.05388,10.9468,0.43495,0.53244,0.43495,0.30669,0.3114,0.62357,0.70445,0.00535,0.01653,0.00535,0.74921,0.69838,1.23194,5.14174,False,False,False,False,False,False,False,False,False,False,False,False,7600.7373,6940.90723,1,,1.17105,-10.9468,-48.928,-10.9468,-10.87521,-1.17105,False,1,True,False,False,True,True,True,True,True,True,True,-0.6725925543937243,0.6583519006508355,0.5903720221536602,0.6568507877325065,-1.377287654741346,-0.3894733852049158,-0.919885955436252,-0.03358321837878923,-0.3735154504887867,11.0,23.0,9.0,6.5,6.0,15.0,23.0,10,0.5517241379310345
pdl1_15,15,SYSLSGAVMNANSSRPSQQPLYGLTGSYTFSSYSSKAGGYGEGYGGGFDY,SYVLTQPPSVSVAPGQTARITCSYSLSGAVMNWYQQKPGQAPVLVVYANSSRPSWIPERFSGSNSGNTATLTISRGEAGDEADYYCQQPLYGLTFGGGTKLTVL,50,0.2543,15.06925,0.68988,3.03969,5,847.84766,48.0996,31.4708,0.82,0.12,0.06,pdl1_15.cif,SYSLSGAVMNANSSRPSQQPLYGLT,SYVLTQPPSVSVAPGQTARITCSYSLSGAVMNWYQQKPGQAPVLVVYANSSRPSWIPERFSGSNSGNTATLTISRGEAGDEADYYCQQPLYGLTFGGGTKLTVL,GSYTFSSYSSKAGGYGEGYGGGFDY,QMQLVESGGGVVQPGRSLRLSCAASGSYTFSSYGMHWVRQAPGKGLEWVAVISSKAGGYGKHYADSVKGRFTITRDNSKNTLNLQMNSLRAEDTAVYYCAREGYGGGFDYWGQGTMVTVSS,352,0,352.0,352.0,0.0,0.2,0.06,0.0,0.22,0.04,0.04,0.02,0.0,0.04,0.02,0.06,0.02,0.04,0.02,0.02,0.0,0.04,0.02,0.14,0.0,115,13,10,3,0,0,0,0,0,0,0,0,-1,0,0,,,0,,0.0,31,1,5,,,0,,0.0,-1,0,0,,49-64,2,,10.0,0,-1,0,0,,,0,,0.0,-1,0,0,,2-43,2,,5.0,-1,0,0,,,0,,0.0,-1,0,0,,19-100,6,,10.0,-1,0,0,,33-55,2,,10.0,"AspBridgex2(pos49-64,sev10); ProtTrypx6(pos19-100,sev10); MetOx(pos31,sev5); TrpOxx2(pos33-55,sev10); HydroPatchx2(pos2-43,sev5)",0.0,0.0,0.0,0.0,3.03969,2.14614,3.17797,2.75044,5.36789,False,False,False,True,0.0,21.94371,15.06925,0.40213,0.51817,0.40213,0.24493,0.25828,0.63489,0.74588,0.0,0.0,0.0,0.74003,0.71198,1.35661,7.11411,False,False,False,False,False,False,False,False,False,False,False,False,7451.77441,6603.92676,2,,2.14614,-15.06925,-31.4708,-15.06925,-3.03969,-2.14614,False,1,True,False,False,True,True,True,True,True,True,True,-1.1726869487745675,0.8343789261731652,1.6571522343884886,-1.6505564188911395,-1.0121037995771707,0.13196424064121373,-0.47112899159316013,-0.0506297971213405,-0.9650598880305893,21.0,16.0,23.0,4.0,3.0,9.5,23.0,10,0.5172413793103448
pdl1_02,16,GFTFSSYSPSGGYYDGYRSSQSLTHSDGTTYLYYASNRGSAQRTSYYGPLY,EVQLVESGGGLEQPGGSLRLSCAGSGFTFSSYAMTWVRQAPGKGLEWVSSISPSGGYTYYADSVKGRFTISRDNSKNTLYLQMNSLRAEDTAVYYCAKYDGYWGQGTTVTVSS,51,0.24591,14.39322,0.7097,5.9875,2,1014.97754,47.5089,32.3059,0.82353,0.05882,0.11765,pdl1_02.cif,GFTFSSYSPSGGYYDGY,EVQLVESGGGLEQPGGSLRLSCAGSGFTFSSYAMTWVRQAPGKGLEWVSSISPSGGYTYYADSVKGRFTISRDNSKNTLYLQMNSLRAEDTAVYYCAKYDGYWGQGTTVTVSS,RSSQSLTHSDGTTYLYYASNRGSAQRTSYYGPLY,DIVMTQSPLSLPVTPGEPASISCRSSQSLTHSDGTTYLYWYLQKSGQSPQLLIYYASNRGSGVPDRFSGSGSGTDFTLKISRVEAEDVGFYYCAQRTSYYGPLYFGQGTKLEIK,354,0,353.0,354.0,0.0,0.13725,0.03922,0.0,0.21569,0.03922,0.09804,0.0,0.0,0.01961,0.03922,0.05882,0.0,0.03922,0.0,0.0,0.01961,0.03922,0.05882,0.19608,0.0,180,20,16,4,0,0,0,0,0,0,0,0,-1,0,0,,,0,,0.0,-1,0,0,,34-83,2,,5.0,-1,0,0,,74-84,2,,10.0,0,-1,0,0,,,0,,0.0,-1,0,0,,79-93,2,,5.0,-1,0,0,,62-100,2,,10.0,-1,0,0,,19-98,9,,10.0,-1,0,0,,36-103,3,,10.0,"AspBridgex2(pos74-84,sev10); AspCleavex2(pos62-100,sev10); ProtTrypx9(pos19-98,sev10); MetOxx2(pos34-83,sev5); TrpOxx3(pos36-103,sev10); HydroPatchx2(pos79-93,sev5)",0.0,0.0,0.0,0.0,5.9875,0.79793,1.50719,3.58741,12.19264,False,False,True,True,0.0,21.32286,13.9653,0.43006,0.53717,0.43006,0.25557,0.25454,0.67827,0.73138,0.0,0.0049,0.0,0.7115,0.67108,1.23141,6.24828,False,False,False,False,False,False,False,False,False,False,False,False,7720.97754,6706.0,1,,0.79793,-14.39322,-32.3059,-13.9653,-5.9875,-0.79793,False,1,True,False,False,True,True,True,True,True,True,True,-1.207896908017496,1.3071235936328591,1.4822136840417017,-1.5401769904460618,-0.6874898252268681,-0.3894733852049158,-1.144264437357798,-0.047747932007649874,-0.8146195180971073,23.0,11.0,16.0,10.0,6.0,2.0,23.0,10,0.48275862068965514
pdl1_14,17,GFSLSGSVPSNGNSMGTVEGKVGIPFAFDYRASQSVSYLNSNSNLYSQASTGLGRSYT,QVQLQESGPGLVKPSQTLSLTCTVSGFSLSGSYWSWIRQPPGKGLEWIGYIVPSNGNSTDYNPSLKSRVTMSVDTSKNQFSLKVNSVTAADTAVYYCARMGTVEGKVGIPFAFDYWGQGTLVTVSS,58,0.32175,11.24365,0.67905,17.38569,2,866.09033,52.4349,30.0457,0.81034,0.0,0.18966,pdl1_14.cif,GFSLSGSVPSNGNSMGTVEGKVGIPFAFDY,QVQLQESGPGLVKPSQTLSLTCTVSGFSLSGSYWSWIRQPPGKGLEWIGYIVPSNGNSTDYNPSLKSRVTMSVDTSKNQFSLKVNSVTAADTAVYYCARMGTVEGKVGIPFAFDYWGQGTLVTVSS,RASQSVSYLNSNSNLYSQASTGLGRSYT,EIVMTQSPATLSLSPGERATLSCRASQSVSYLNWYQQKPGQAPRLLIYSNSNLYSGIPARFSGSGSGTDFTLTISSLEPEDFAVYYCQASTGLGRSYTFGGGTKAEIK,361,0,361.0,361.0,0.0,0.13793,0.05172,0.0,0.22414,0.03448,0.05172,0.06897,0.01724,0.08621,0.01724,0.06897,0.01724,0.03448,0.01724,0.01724,0.0,0.05172,0.03448,0.06897,0.0,195,22,17,5,0,0,0,0,0,0,0,0,-1,0,0,,,0,,0.0,-1,0,0,,71-100,2,,5.0,-1,0,0,,55-85,4,,10.0,0,1,1,5,,,0,,0.0,-1,0,0,,50-94,2,,5.0,-1,0,0,,,0,,0.0,-1,0,0,,13-106,9,,10.0,-1,0,0,,34-116,4,,10.0,"AspBridgex4(pos55-85,sev10); NTCycl(pos1,sev5); ProtTrypx9(pos13-106,sev10); MetOxx2(pos71-100,sev5); TrpOxx4(pos34-116,sev10); HydroPatchx2(pos50-94,sev5)",0.0,0.0,0.0,0.0,17.38569,3.3138,2.49137,8.77705,23.64227,False,False,False,True,0.0,19.29027,11.24365,0.43012,0.53235,0.43012,0.29257,0.29583,0.63871,0.70491,0.00525,0.01948,0.00525,0.73141,0.67905,1.29561,4.99269,False,False,False,False,False,False,False,False,False,False,False,False,7782.35352,6916.26318,1,,3.3138,-11.24365,-30.0457,-11.24365,-17.38569,-3.3138,False,1,True,False,False,False,True,True,True,True,True,True,-0.8191751922045252,0.5760628440042197,0.6671888922192547,-1.8389191580566047,-0.9766713226827876,-0.3894733852049158,-1.144264437357798,-0.003176258813882527,-0.47933306496866807,10.0,24.0,11.0,10.0,6.0,8.5,24.0,11,0.4482758620689655
pdl1_09,18,GLSLSEHNVLVGGSKESYWAAYNSDGSRIPDAMDYRSSQSVDYNGKNYLHWASNLESQQYYSTPT,VQLVQSGAEVKKPGSSVMVSCQASGLSLSEHNVIINWVRQAPGQGPEWMGGILVGGSKEVHYGPKFQGRVTITADESTDTAYMELSSLRSEDTAMYYCATSYWAAYNSDGSRIPDAMDYWGQGTLVTVSS,65,0.29008,15.03137,0.67692,6.44187,6,935.22559,48.6156,32.4455,0.78462,0.0,0.21538,pdl1_09.cif,GLSLSEHNVLVGGSKESYWAAYNSDGSRIPDAMDY,VQLVQSGAEVKKPGSSVMVSCQASGLSLSEHNVIINWVRQAPGQGPEWMGGILVGGSKEVHYGPKFQGRVTITADESTDTAYMELSSLRSEDTAMYYCATSYWAAYNSDGSRIPDAMDYWGQGTLVTVSS,RSSQSVDYNGKNYLHWASNLESQQYYSTPT,DIQMTQSPSSLSAAVGDRVTITCRSSQSVDYNGKNYLHWYQQKPGKAPKLLIYWASNLESGVPSRFSGSGSGTDFSLTISSLQPEDVATYYCQQYYSTPTFGGGTKVEIK,367,0,367.0,367.0,0.0,0.07692,0.06154,0.0,0.18462,0.03077,0.03077,0.04615,0.01538,0.07692,0.06154,0.07692,0.01538,0.04615,0.04615,0.03077,0.03077,0.0,0.03077,0.10769,0.03077,175,21,14,7,0,0,0,0,0,0,0,0,-1,0,0,,,0,,0.0,-1,0,0,,18-117,5,,5.0,107,2,10,,,0,,0.0,0,-1,0,0,,,0,,0.0,-1,0,0,,33-52,2,,5.0,109,2,10,,,0,,0.0,-1,0,0,,11-112,8,,10.0,-1,0,0,,37-120,4,,10.0,"AspBridge(pos107,sev10); AspCleave(pos109,sev10); ProtTrypx8(pos11-112,sev10); MetOxx5(pos18-117,sev5); TrpOxx4(pos37-120,sev10); HydroPatchx2(pos33-52,sev5)",0.0,0.0,0.0,0.0,6.44187,2.66582,3.21864,5.76974,6.94679,False,False,False,True,0.0,21.86645,15.03137,0.40591,0.50927,0.40591,0.23668,0.2599,0.64343,0.72325,0.0,0.0,0.0,0.71734,0.66994,1.30815,6.75206,False,False,False,False,False,False,False,False,False,False,False,False,7768.21875,6832.99316,6,,2.66582,-15.03137,-32.4455,-15.03137,-6.44187,-2.66582,False,1,True,False,False,False,True,True,True,True,True,True,-1.1574355760543684,0.5252582959876109,1.6473498997478127,-1.5217253460790003,-0.8423908964876541,2.2177147440257317,-0.2467505096716142,-0.0041189996519042475,-1.0168625311233501,14.0,25.0,22.0,2.5,2.0,4.0,25.0,12,0.4137931034482759
pdl1_01,19,GFTFSSYSSGSNPVNIGSSATAGYMDYRASQSISTYLAYASKRASQHSDPASGSFT,EVQLVESGGGLEQPGGSLRLSCAGSGFTFSSYAMTWVRQAPGKGLEWVSSISSGSNPVTYYADSVKGRFTISRDNSKNTLYLQMNSLRAEDTAVYYCAKNIGSSATAGYMDYWGQGTTVTVSS,56,0.23552,15.64835,0.71243,5.53811,3,866.22021,46.8993,26.9617,0.85714,0.10714,0.03571,pdl1_01.cif,GFTFSSYSSGSNPVNIGSSATAGYMDY,EVQLVESGGGLEQPGGSLRLSCAGSGFTFSSYAMTWVRQAPGKGLEWVSSISSGSNPVTYYADSVKGRFTISRDNSKNTLYLQMNSLRAEDTAVYYCAKNIGSSATAGYMDYWGQGTTVTVSS,RASQSISTYLAYASKRASQHSDPASGSFT,DIVMTQSPLSLPVTPGEPASISCRASQSISTYLAWYLQKSGQSPQLLIYYASKRASGVPDRFSGSGSGTDFTLKISRVEAEDVGFYYCQHSDPASGSFTFGQGTKLEIK,359,0,358.0,359.0,0.0,0.08929,0.125,0.0,0.26786,0.03571,0.07143,0.01786,0.03571,0.03571,0.03571,0.01786,0.01786,0.03571,0.0,0.01786,0.01786,0.05357,0.03571,0.08929,0.0,175,20,15,5,0,0,0,0,0,0,0,0,-1,0,0,,,0,,0.0,-1,0,0,,34-110,3,,5.0,-1,0,0,,75-85,2,,10.0,0,-1,0,0,,,0,,0.0,-1,0,0,,80-94,2,,5.0,63,2,10,,,0,,0.0,-1,0,0,,19-99,9,,10.0,-1,0,0,,36-113,3,,10.0,"AspBridgex2(pos75-85,sev10); AspCleave(pos63,sev10); ProtTrypx9(pos19-99,sev10); MetOxx3(pos34-110,sev5); TrpOxx3(pos36-113,sev10); HydroPatchx2(pos80-94,sev5)",0.0,0.0,0.0,0.0,5.53811,1.31462,1.20833,3.77236,9.15713,False,False,True,True,0.0,22.59226,15.64835,0.41596,0.53237,0.41596,0.22177,0.22177,0.67692,0.73112,0.0,0.0,0.0,0.72886,0.69552,1.31863,6.92763,False,False,False,False,False,False,False,False,False,False,False,False,7707.18457,6840.96436,1,,1.31462,-15.64835,-26.9617,-15.64835,-5.53811,-1.31462,False,1,True,False,False,True,True,True,True,True,True,True,-1.5164077006353467,1.3722392819358344,1.8070078835546857,-2.2465471754492747,-0.9764190586173278,-0.3894733852049158,-0.919885955436252,-0.05826710738518566,-1.054918377288846,25.0,7.0,24.0,6.5,6.0,8.0,25.0,12,0.3793103448275862
pdl1_17,20,RASQSVSSGDGLSAASTLASAQGGSAGFDSGFTFSGSGPSGSSAFLYY,DIQMTQSPSSVSASVGDRVTITCRASQSVSSGDGLSWYQQKPGKAPKLLIYAASTLASGVPSRFSGSGSGTDFTLTISSLQPEDFASYYCAQGGSAGFDSFGQGTKLEIK,48,0.44425,8.79573,0.67197,3.14093,2,888.61377,44.1845,36.8573,0.75,0.125,0.125,pdl1_17.cif,RASQSVSSGDGLSAASTLASAQGGSAGFDS,DIQMTQSPSSVSASVGDRVTITCRASQSVSSGDGLSWYQQKPGKAPKLLIYAASTLASGVPSRFSGSGSGTDFTLTISSLQPEDFASYYCAQGGSAGFDSFGQGTKLEIK,GFTFSGSGPSGSSAFLYY,VQLVESGGGLVQPGRSLRLSCAASGFTFSGSAMHWVRQAPGKGLEWVSGIGPSGSSAFIGYADSVKGRFTISRDNAENSLFLQMNGLRAEDTALYYCAKLYYWGQGTMVTVSS,350,0,350.0,350.0,0.0,0.1875,0.14583,0.0,0.29167,0.02083,0.04167,0.02083,0.0,0.0,0.04167,0.0625,0.0,0.04167,0.0,0.0,0.0,0.08333,0.02083,0.04167,0.0,110,12,10,2,0,0,0,0,0,0,0,0,-1,0,0,,,0,,0.0,4,1,5,,,0,,0.0,-1,0,0,,,0,,0.0,0,-1,0,0,,,0,,0.0,48,4,5,,,0,,0.0,-1,0,0,,33-99,2,,10.0,-1,0,0,,18-106,7,,10.0,37,1,10,,,0,,0.0,"AspCleavex2(pos33-99,sev10); ProtTrypx7(pos18-106,sev10); MetOx(pos4,sev5); TrpOx(pos37,sev10); HydroPatch(pos48,sev5)",0.0,0.0,0.0,0.0,3.14093,1.95989,3.91897,2.36316,4.30336,False,False,True,True,0.0,15.5427,8.69571,0.46556,0.55678,0.46556,0.41941,0.41941,0.58742,0.72253,0.0959,0.09932,0.0959,0.7095,0.6495,1.31246,5.86614,False,False,False,False,False,False,False,False,False,False,False,False,7396.06885,6507.45508,1,,1.95989,-8.79573,-36.8573,-8.69571,-3.14093,-1.95989,False,1,True,False,False,True,True,True,True,True,True,True,0.34425977122892,0.40719138862507326,0.03373242406709265,-0.9385952270345831,-0.9329243674738171,-0.3894733852049158,-1.144264437357798,0.0002941671113344121,0.20564921658974558,6.0,26.0,6.0,10.0,6.0,6.5,26.0,13,0.3448275862068966
pdl1_12,21,TGDSSILSSSGNYVNDDNNRPSAAYDASENRWVGSTALSKGYNPSDSSLWPGDY,QSVLTQPPSVSGAPGQRVTISCTGDSSILSSSGNYVNWYQQLPGTAPKLLIYDDNNRPSGVPDRFSGSKSGTSASLAITGLQSEDEADYYCAAYDASENRWVFGGGTKLTVL,54,0.24075,15.98298,0.71077,14.10782,4,855.72656,44.7354,32.2256,0.81481,0.05556,0.12963,pdl1_12.cif,TGDSSILSSSGNYVNDDNNRPSAAYDASENRWV,QSVLTQPPSVSGAPGQRVTISCTGDSSILSSSGNYVNWYQQLPGTAPKLLIYDDNNRPSGVPDRFSGSKSGTSASLAITGLQSEDEADYYCAAYDASENRWVFGGGTKLTVL,GSTALSKGYNPSDSSLWPGDY,EVQLVQSGAEVKKPGESLKISCKGSGSTALSKGYWIGWVRQMPGKGLEWMGIINPSDSSLTRYSPSFQGQVTISADKSISTAYLQWSSLKASDTAMYYCARWPGDYWGQGTLVTVSS,356,0,356.0,356.0,0.0,0.09259,0.07407,0.0,0.22222,0.05556,0.03704,0.03704,0.01852,0.11111,0.11111,0.05556,0.0,0.0,0.01852,0.01852,0.0,0.0,0.03704,0.07407,0.03704,115,13,10,3,0,0,0,0,0,0,0,0,-1,0,0,,,0,,0.0,-1,0,0,,,0,,0.0,-1,0,0,,,0,,0.0,0,1,1,5,,,0,,0.0,-1,0,0,,49-101,2,,5.0,25,2,10,,,0,,0.0,-1,0,0,,17-108,7,,10.0,-1,0,0,,38-101,2,,10.0,"AspCleave(pos25,sev10); NTCycl(pos1,sev5); ProtTrypx7(pos17-108,sev10); TrpOxx2(pos38-101,sev10); HydroPatchx2(pos49-101,sev5)",0.0,0.0,0.0,0.0,14.10782,1.78953,3.30488,6.87263,44.61987,False,False,True,True,0.0,21.86414,15.98298,0.4203,0.53415,0.4203,0.22245,0.22523,0.68292,0.75106,0.0,0.0,0.0,0.74454,0.69245,1.32725,7.39168,False,False,False,False,False,False,False,False,False,False,False,False,7797.22852,6941.50195,0,,1.78953,-15.98298,-32.2256,-15.98298,-14.10782,-1.78953,False,1,True,False,False,True,True,True,True,True,True,True,-1.4838337811218352,1.3326451271435493,1.893601210925579,-1.5507906512102096,-0.9968007248516424,-0.9109110110510453,-0.695507473514706,-0.06304613730206392,-1.084444971390256,24.0,8.0,26.0,5.0,11.5,9.0,26.0,13,0.31034482758620685
pdl1_08,22,GSLSISAGDRNLNGQTIDDVSGSSSVLSSSGYGSYLNDGSKRPSATRSTSDGLV,VQLVQSGAEVKKPGASVKVSCKASGSLSISAGDGLSWVRQAPGQGLEWMGWIRNLNGQTITNYGQEFQGRVTMTTDTSTSTAYMELRSLRSDDTAVYYCARDDVWGRGTLVTVSS,54,0.25133,14.7678,0.66333,2.76426,4,845.64893,45.6391,27.6251,0.7037,0.07407,0.22222,pdl1_08.cif,GSLSISAGDRNLNGQTIDDV,VQLVQSGAEVKKPGASVKVSCKASGSLSISAGDGLSWVRQAPGQGLEWMGWIRNLNGQTITNYGQEFQGRVTMTTDTSTSTAYMELRSLRSDDTAVYYCARDDVWGRGTLVTVSS,SGSSSVLSSSGYGSYLNDGSKRPSATRSTSDGLV,YVLTQPPSVSVAPGKTARITCSGSSSVLSSSGYGSYLNWYQQKPGQAPVLVIYDGSKRPSGIPERFSGSNSGNTATLTISRVEAGDEADYYCATRSTSDGLVFGGGTKLTVL,354,0,354.0,354.0,0.0,0.14815,0.03704,0.0,0.27778,0.01852,0.05556,0.05556,0.03704,0.05556,0.09259,0.09259,0.0,0.01852,0.0,0.01852,0.0,0.0,0.05556,0.03704,0.0,190,21,17,4,0,0,0,0,0,0,0,0,-1,0,0,,,0,,0.0,-1,0,0,,49-84,3,,5.0,56,2,10,,,0,,0.0,0,-1,0,0,,,0,,0.0,96,3,5,,,0,,0.0,33,2,10,,,0,,0.0,-1,0,0,,11-107,11,,10.0,-1,0,0,,37-105,4,,10.0,"AspBridge(pos56,sev10); AspCleave(pos33,sev10); ProtTrypx11(pos11-107,sev10); MetOxx3(pos49-84,sev5); TrpOxx4(pos37-105,sev10); HydroPatch(pos96,sev5)",0.0,0.0,0.0,0.0,2.76426,3.69646,2.86555,3.80976,4.52424,False,False,False,True,0.0,21.45774,14.70263,0.4096,0.50915,0.4096,0.25093,0.25093,0.62617,0.70034,0.0,0.0046,0.0,0.69621,0.65859,1.35633,6.50594,False,False,False,False,False,False,False,False,False,False,False,False,7835.94336,6990.29443,5,,3.69646,-14.7678,-27.6251,-14.70263,-2.76426,-3.69646,False,1,True,False,False,False,True,True,True,True,True,True,-1.2418829916717664,0.20111096850137214,1.5791450068955681,-2.1588622121748595,-1.0163743613930667,1.6962771181796024,-0.695507473514706,-0.00488460879000365,-1.0881890057266594,22.0,27.0,20.0,5.0,2.5,10.0,27.0,14,0.27586206896551724
pdl1_19,23,KSSQSVYDTSTGNNYLANASNLQSQQGYSGPYTGYGFTDYSFGNPDLGGTLGTTGLGLAPGAFDY,DIQMTQSPSSLSASVGDRVTITCKSSQSVYDTSTGNNYLAWYQQKPEKAPKSLIYNASNLQSGVPSRFSGSGSGTDFTLTISSLQPEDFATYYCQQGYSGPYTFGQGTKLEIK,65,0.23343,16.05415,0.70698,12.16354,2,876.62939,43.4689,45.3443,0.84615,0.04615,0.10769,pdl1_19.cif,KSSQSVYDTSTGNNYLANASNLQSQQGYSGPYT,DIQMTQSPSSLSASVGDRVTITCKSSQSVYDTSTGNNYLAWYQQKPEKAPKSLIYNASNLQSGVPSRFSGSGSGTDFTLTISSLQPEDFATYYCQQGYSGPYTFGQGTKLEIK,GYGFTDYSFGNPDLGGTLGTTGLGLAPGAFDY,EVQLVQSGAEVKKPGESLKISCKGSGYGFTDYWLGWVRQMPGKGLDWIGIMSFGNPDLIRYSPSFQGQVTMSVDKSITTAYLQWNSLKASDTAMYYCARGGTLGTTGLGLAPGAFDYWGQGTLVTVSS,368,0,368.0,368.0,0.0,0.18462,0.06154,0.0,0.12308,0.04615,0.10769,0.01538,0.0,0.07692,0.06154,0.09231,0.0,0.06154,0.0,0.01538,0.0,0.04615,0.0,0.10769,0.0,100,11,9,2,0,0,0,0,0,0,0,0,-1,0,0,,,0,,0.0,4,1,5,,,0,,0.0,56,2,10,,,0,,0.0,0,-1,0,0,,,0,,0.0,53,3,5,,,0,,0.0,-1,0,0,,,0,,0.0,-1,0,0,,18-109,7,,10.0,41,1,10,,,0,,0.0,"AspBridge(pos56,sev10); ProtTrypx7(pos18-109,sev10); MetOx(pos4,sev5); TrpOx(pos41,sev10); HydroPatch(pos53,sev5)",0.0,0.0,0.0,0.0,12.16354,3.793,3.28914,9.18022,20.61002,False,False,False,True,0.0,22.29316,16.05318,0.41769,0.53328,0.41769,0.22564,0.2256,0.6548,0.71683,0.0,0.0,0.0,0.74475,0.68417,1.29371,5.92745,False,False,False,False,False,False,False,False,False,False,False,False,7813.47705,6936.84766,0,,3.793,-16.05415,-45.3443,-16.05318,-12.16354,-3.793,False,1,True,False,False,False,True,True,True,True,True,True,-1.4803504429079628,1.242246424334658,1.912018110513143,0.1831748714127552,-0.9562014572552752,-0.9109110110510453,-1.144264437357798,-0.007058679455913235,-1.1084981365015107,26.0,13.0,27.0,10.0,11.5,7.5,27.0,14,0.24137931034482762
pdl1_26,24,GFTFSDYSPSGSGGTGYRASQSVYGLAAGSSRASQQGSSYPLT,EVQLVESGGGLEQPGGSLRLSCAGSGFTFSDYAMTWVRQAPGKGLEWVSSISPSGSGTYYADSVKGRFTISRDNSKNTLYLQMNSLRAEDTAVYYCAKGTGYWGQGTTVTVSS,43,0.22149,15.73213,0.72096,4.92487,2,926.65479,46.0362,26.4955,0.88372,0.06977,0.04651,pdl1_26.cif,GFTFSDYSPSGSGGTGY,EVQLVESGGGLEQPGGSLRLSCAGSGFTFSDYAMTWVRQAPGKGLEWVSSISPSGSGTYYADSVKGRFTISRDNSKNTLYLQMNSLRAEDTAVYYCAKGTGYWGQGTTVTVSS,RASQSVYGLAAGSSRASQQGSSYPLT,DIVMTQSPLSLPVTPGEPASISCRASQSVYGLAWYLQKSGQSPQLLIYAGSSRASGVPDRFSGSGSGTDFTLKISRVEAEDVGFYYCQQGSSYPLTFGQGTKLEIK,346,0,345.0,346.0,0.0,0.18605,0.09302,0.0,0.25581,0.04651,0.06977,0.02326,0.0,0.0,0.02326,0.04651,0.0,0.06977,0.0,0.0,0.0,0.04651,0.04651,0.09302,0.0,170,19,15,4,0,0,0,0,0,0,0,0,-1,0,0,,,0,,0.0,-1,0,0,,34-83,2,,5.0,-1,0,0,,74-84,2,,10.0,0,-1,0,0,,,0,,0.0,-1,0,0,,79-93,2,,5.0,62,2,10,,,0,,0.0,-1,0,0,,19-98,9,,10.0,-1,0,0,,36-103,3,,10.0,"AspBridgex2(pos74-84,sev10); AspCleave(pos62,sev10); ProtTrypx9(pos19-98,sev10); MetOxx2(pos34-83,sev5); TrpOxx3(pos36-103,sev10); HydroPatchx2(pos79-93,sev5)",0.0,0.0,0.0,0.0,4.92487,1.00989,3.91616,2.13662,11.36327,False,False,True,True,0.0,22.39281,15.73213,0.41686,0.53059,0.41686,0.21482,0.21482,0.70898,0.74291,0.0,0.0,0.0,0.74221,0.7037,1.34578,7.8255,False,False,False,False,False,False,False,False,False,False,False,False,7372.4043,6445.74951,1,,1.00989,-15.73213,-26.4955,-15.73213,-4.92487,-1.00989,False,1,True,False,False,True,True,True,True,True,True,True,-1.5818379724905207,1.5756959930070362,1.8286879151332451,-2.3081672084286726,-0.8590378386823206,-0.3894733852049158,-1.144264437357798,-0.0583552418980681,-1.049071156448099,27.0,5.0,25.0,10.0,6.0,5.0,27.0,14,0.2068965517241379
pdl1_03,25,GSINLNNYSGSSSDPYVLPSPKLEALGLDTGALTGYKSSQSLLHSNGNTYLAKVSTRASMQYYHLYSFT,EVQLVESGGGLVQPGGSLRLSCAASGSINLNNYGMSWVRQAPGKGLELVASISGSSSDPYTYYPDSVKGRFTISRDNAKNSLYLQMNSLRAEDTAVYYCASVLPSPKLEALGLDTGALTGYWGQGTTVTVSS,69,0.35634,10.89934,0.6631,11.55765,4,936.52686,49.308,36.9444,0.78261,0.13043,0.08696,pdl1_03.cif,GSINLNNYSGSSSDPYVLPSPKLEALGLDTGALTGY,EVQLVESGGGLVQPGGSLRLSCAASGSINLNNYGMSWVRQAPGKGLELVASISGSSSDPYTYYPDSVKGRFTISRDNAKNSLYLQMNSLRAEDTAVYYCASVLPSPKLEALGLDTGALTGYWGQGTTVTVSS,KSSQSLLHSNGNTYLAKVSTRASMQYYHLYSFT,DIVMTQSPLSLPVTPGEPASISCKSSQSLLHSNGNTYLAWYLQKPGQSPQLLIYKVSTRASGVPDRFSGSGSGTDFTLKISRVEAEDVGVYYCMQYYHLYSFTFGQGTKVEIK,372,0,372.0,372.0,0.0,0.08696,0.05797,0.0,0.18841,0.04348,0.07246,0.02899,0.01449,0.07246,0.02899,0.14493,0.01449,0.02899,0.01449,0.04348,0.02899,0.01449,0.01449,0.10145,0.0,180,20,16,4,0,0,0,0,0,0,0,0,-1,0,0,,,0,,0.0,-1,0,0,,35-86,2,,5.0,-1,0,0,,77-87,3,,10.0,0,-1,0,0,,,0,,0.0,-1,0,0,,82-96,2,,5.0,-1,0,0,,58-65,2,,10.0,-1,0,0,,19-107,9,,10.0,-1,0,0,,37-122,2,,10.0,"AspBridgex3(pos77-87,sev10); AspCleavex2(pos58-65,sev10); ProtTrypx9(pos19-107,sev10); MetOxx2(pos35-86,sev5); TrpOxx2(pos37-122,sev10); HydroPatchx2(pos82-96,sev5)",0.0,0.0,0.0,0.0,11.55765,2.86729,0.79596,7.32563,21.12334,False,False,False,True,0.0,20.31713,10.89934,0.41948,0.52075,0.41948,0.35634,0.35634,0.62149,0.70866,0.00641,0.03866,0.00641,0.68401,0.63303,1.35569,5.81572,False,False,False,False,False,False,False,False,False,False,False,False,7667.36523,6730.83838,2,,2.86729,-10.89934,-36.9444,-10.89934,-11.55765,-2.86729,False,1,True,False,False,False,True,True,True,True,True,True,-0.24950817782228074,0.1956250313915988,0.578090638783901,-0.9270827755706073,-0.8398634583874004,0.13196424064121373,-0.695507473514706,-0.00191990572493389,-0.29191452036415294,9.0,28.0,8.0,5.0,3.0,3.5,28.0,15,0.1724137931034483
pdl1_23,26,GFTFSSSGSKDGGYGGGGALDYRASQSVGGMAATSGRASQQGTSGLT,EVQLVESGGGLVQPGGSLRLSCAASGFTFSSSWMNWVRQAPGKGLEWVAAIGSKDGGYGKYYVGSVKGRFTISRDNAKNSLYLQMNSLRVEDTAVYYCVRGGGALDYWGRGTLVTVSS,47,0.20652,18.35294,0.70988,7.30246,3,833.0752,50.5675,19.0749,0.93617,0.06383,0.0,pdl1_23.cif,GFTFSSSGSKDGGYGGGGALDY,EVQLVESGGGLVQPGGSLRLSCAASGFTFSSSWMNWVRQAPGKGLEWVAAIGSKDGGYGKYYVGSVKGRFTISRDNAKNSLYLQMNSLRVEDTAVYYCVRGGGALDYWGRGTLVTVSS,RASQSVGGMAATSGRASQQGTSGLT,EIVLTQSPGTLSLSPGERATLSCRASQSVGGMAWYQQKPGQAPRLLIYATSGRASGIPDRFSGSGSGTDFTLTISRLEPEDFAVYYCQQGTSGLTFGQGTRLEIK,350,0,350.0,350.0,0.0,0.2766,0.10638,0.0,0.19149,0.0,0.08511,0.02128,0.0,0.0,0.04255,0.04255,0.02128,0.06383,0.0,0.02128,0.0,0.04255,0.04255,0.04255,0.0,225,25,20,5,0,0,0,0,0,0,0,0,-1,0,0,,,0,,0.0,-1,0,0,,34-85,2,,5.0,-1,0,0,,76-86,3,,10.0,0,-1,0,0,,,0,,0.0,-1,0,0,,61-95,3,,5.0,55,2,10,,,0,,0.0,-1,0,0,,19-110,12,,10.0,-1,0,0,,33-108,4,,10.0,"AspBridgex3(pos76-86,sev10); AspCleave(pos55,sev10); ProtTrypx12(pos19-110,sev10); MetOxx2(pos34-85,sev5); TrpOxx4(pos33-108,sev10); HydroPatchx3(pos61-95,sev5)",0.0,0.0,0.0,0.0,7.30246,1.99151,4.11745,2.64106,22.64521,False,False,True,True,0.0,23.19627,18.35294,0.40172,0.51919,0.40172,0.20999,0.20999,0.69499,0.74264,0.0,0.0,0.0,0.75441,0.7244,1.38479,8.05882,False,False,False,False,False,False,False,False,False,False,False,False,7259.52148,6426.44629,1,,1.99151,-18.35294,-19.0749,-18.35294,-7.30246,-1.99151,False,1,True,False,False,True,True,True,True,True,True,True,-1.6273096578229658,1.3114169357187686,2.5068837084181026,-3.288985777126484,-1.0407961372461194,-0.3894733852049158,-0.919885955436252,-0.07273433921816308,-1.3913939593526736,28.0,10.0,28.0,6.5,6.0,11.0,28.0,15,0.13793103448275867
pdl1_00,27,GFSLSTSGYSWSGGKGGLGASLGIYGLDYRASQSVDYGNNYLHLASNRASAASASGDDPRVT,EVQLVESGGGLEQPGGSLRLSCAGSGFSLSTSGYAMTWVRQAPGKGLEWVSSISWSGGKTYYADSVKGRFTISRDNSKNTLYLQMNSLRAEDTAVYYCAKGGLGASLGIYGLDYWGQGTTVTVSS,62,0.32052,12.66857,0.65476,13.47273,2,822.21045,49.4597,25.1768,0.93548,0.0,0.06452,pdl1_00.cif,GFSLSTSGYSWSGGKGGLGASLGIYGLDY,EVQLVESGGGLEQPGGSLRLSCAGSGFSLSTSGYAMTWVRQAPGKGLEWVSSISWSGGKTYYADSVKGRFTISRDNSKNTLYLQMNSLRAEDTAVYYCAKGGLGASLGIYGLDYWGQGTTVTVSS,RASQSVDYGNNYLHLASNRASAASASGDDPRVT,DIVMTQSPLSLPVTPGEPASISCRASQSVDYGNNYLHWYLQKSGQSPQLLIYLASNRASGVPDRFSGSGSGTDFTLKISRVEAEDVGFYYCAASASGDDPRVTFGQGTKLEIK,365,0,364.0,365.0,0.0,0.17742,0.1129,0.0,0.19355,0.01613,0.03226,0.03226,0.01613,0.04839,0.06452,0.09677,0.0,0.01613,0.0,0.01613,0.01613,0.01613,0.04839,0.08065,0.01613,190,21,17,4,0,0,0,0,0,0,0,0,-1,0,0,,,0,,0.0,-1,0,0,,36-85,2,,5.0,-1,0,0,,76-86,2,,10.0,0,-1,0,0,,,0,,0.0,-1,0,0,,81-95,2,,5.0,64,2,10,,,0,,0.0,-1,0,0,,19-100,10,,10.0,-1,0,0,,38-115,4,,10.0,"AspBridgex2(pos76-86,sev10); AspCleave(pos64,sev10); ProtTrypx10(pos19-100,sev10); MetOxx2(pos36-85,sev5); TrpOxx4(pos38-115,sev10); HydroPatchx2(pos81-95,sev5)",0.0,0.0,0.0,0.0,13.47273,2.38766,4.30871,7.17111,27.01932,False,False,False,True,0.0,19.0912,12.44434,0.4253,0.52183,0.4253,0.3135,0.3135,0.64587,0.70746,0.00519,0.01029,0.00519,0.71013,0.66351,1.35264,5.4511,False,False,False,False,False,False,False,False,False,False,False,False,7457.00977,6634.79932,0,,2.38766,-12.66857,-25.1768,-12.44434,-13.47273,-2.38766,False,1,True,False,False,True,True,True,True,True,True,True,-0.6528222564230962,-0.0032998185889190376,1.0359202194682575,-2.482466516643885,-1.0618985857001149,-0.9109110110510453,-1.144264437357798,-0.04297219062950382,-0.6761569540743253,12.0,29.0,12.0,10.0,11.5,12.5,29.0,16,0.10344827586206895
pdl1_04,28,GFSLSGTTTGDGSLGIVLGDDIYASKSASRASQSVSNNDLADTSNRASMQYGGPFSSGVT,EVQLVESGGGLVQPGGSLRLSCAASGFSLSGTTGMSWVRQAPGKGLELVASITGDGSTYYPDSVKGRFTISRDNAKNSLYLQMNSLRAEDTAVYYCASLGIVLGDDIYASKSASWGQGTTVTVSS,60,0.40508,9.59626,0.64576,3.08492,2,754.0332,48.0754,26.8614,0.75,0.1,0.15,pdl1_04.cif,GFSLSGTTTGDGSLGIVLGDDIYASKSAS,EVQLVESGGGLVQPGGSLRLSCAASGFSLSGTTGMSWVRQAPGKGLELVASITGDGSTYYPDSVKGRFTISRDNAKNSLYLQMNSLRAEDTAVYYCASLGIVLGDDIYASKSASWGQGTTVTVSS,RASQSVSNNDLADTSNRASMQYGGPFSSGVT,DIVMTQSPLSLPVTPGEPASISCRASQSVSNNDLAWYLQKPGQSPQLLIYDTSNRASGVPDRFSGSGSGTDFTLKISRVEAEDVGVYYCMQYGGPFSSGVTFGQGTKVEIK,363,0,363.0,363.0,0.0,0.15,0.08333,0.0,0.21667,0.01667,0.08333,0.05,0.03333,0.05,0.08333,0.06667,0.01667,0.03333,0.0,0.01667,0.0,0.03333,0.03333,0.03333,0.0,185,21,16,5,0,0,0,0,0,0,0,0,-1,0,0,,,0,,0.0,-1,0,0,,35-83,2,,5.0,-1,0,0,,74-84,3,,10.0,0,-1,0,0,,,0,,0.0,-1,0,0,,79-101,3,,5.0,-1,0,0,,55-62,2,,10.0,-1,0,0,,19-111,9,,10.0,-1,0,0,,37-115,2,,10.0,"AspBridgex3(pos74-84,sev10); AspCleavex2(pos55-62,sev10); ProtTrypx9(pos19-111,sev10); MetOxx2(pos35-83,sev5); TrpOxx2(pos37-115,sev10); HydroPatchx3(pos79-101,sev5)",0.0,0.0,0.0,0.0,3.08492,1.25351,1.24318,2.83263,5.08259,False,False,True,True,0.0,17.29298,9.59626,0.43113,0.53579,0.43113,0.34582,0.3709,0.57595,0.70855,0.04461,0.04461,0.07335,0.68753,0.61433,1.2821,4.54743,False,False,False,False,False,False,False,False,False,False,False,False,7763.10645,7009.07324,1,,1.25351,-9.59626,-26.8614,-9.59626,-3.08492,-1.25351,False,1,True,False,False,True,True,True,True,True,True,True,-0.11243411189259166,-0.21796692288444172,0.24088825695781182,-2.2598043382717408,-1.1943182827810568,-0.3894733852049158,-1.144264437357798,-0.01715113063372337,-0.18492233211704973,8.0,30.0,7.0,10.0,6.0,14.0,30.0,17,0.06896551724137934
pdl1_27,29,GSYGFSGVSGGGGASLAGPLAAKSSQSLTGSQGGTALAGASTRASQQVAGVPT,EVQLVESGGGLVQPGGSLRLSCAASGSYGFSGVGMSWVRQAPGKGLELVASISGGGGATYYPDSVKGRFTISRDNAKNSLYLQMNSLRAEDTAVYYCASSLAGPLAAWGQGTTVTVSS,53,0.18371,19.14634,0.71012,12.48577,1,764.12793,46.8516,23.2085,0.81132,0.11321,0.07547,pdl1_27.cif,GSYGFSGVSGGGGASLAGPLAA,EVQLVESGGGLVQPGGSLRLSCAASGSYGFSGVGMSWVRQAPGKGLELVASISGGGGATYYPDSVKGRFTISRDNAKNSLYLQMNSLRAEDTAVYYCASSLAGPLAAWGQGTTVTVSS,KSSQSLTGSQGGTALAGASTRASQQVAGVPT,DIVMTQSPLSLPVTPGEPASISCKSSQSLTGSQGGTALAWYLQKPGQSPQLLIYGASTRASGVPDRFSGSGSGTDFTLKISRVEAEDVGVYYCQQVAGVPTFGQGTKVEIK,356,0,356.0,356.0,0.0,0.24528,0.16981,0.0,0.18868,0.03774,0.07547,0.0566,0.0,0.0,0.0,0.07547,0.0,0.07547,0.0,0.01887,0.0,0.01887,0.01887,0.01887,0.0,160,18,14,4,0,0,0,0,0,0,0,0,-1,0,0,,,0,,0.0,-1,0,0,,35-84,2,,5.0,-1,0,0,,75-85,3,,10.0,0,-1,0,0,,,0,,0.0,-1,0,0,,80-94,2,,5.0,63,2,10,,,0,,0.0,-1,0,0,,19-88,8,,10.0,-1,0,0,,37-108,2,,10.0,"AspBridgex3(pos75-85,sev10); AspCleave(pos63,sev10); ProtTrypx8(pos19-88,sev10); MetOxx2(pos35-84,sev5); TrpOxx2(pos37-108,sev10); HydroPatchx2(pos80-94,sev5)",0.0,0.0,0.0,0.0,12.48577,2.7791,1.07192,8.02521,34.81623,False,False,False,True,0.0,24.58775,19.14634,0.39201,0.51461,0.39201,0.18371,0.18371,0.64258,0.74131,0.0,0.0,0.0,0.69182,0.64639,1.53513,9.00922,False,False,False,False,False,False,False,False,False,False,False,False,7520.64648,6756.51855,0,,2.7791,-19.14634,-23.2085,-19.14634,-12.48577,-2.7791,False,1,True,False,False,False,True,True,True,True,True,True,-1.87472081528397,1.3171413918333164,2.7121944872964665,-2.742626771713273,-1.174711433154328,-0.9109110110510453,-1.3686429192793437,-0.008853895723523979,-1.5713378426655114,29.0,9.0,30.0,15.0,11.5,13.5,30.0,17,0.03448275862068961
pdl1_16,30,RSSQSVGSSETGASALASASTLASQQHAGGTYWTGFSLSDGNYATVGDATVQNLNTGAMDY,DIQMTQSPSSVSASVGDRVTITCRSSQSVGSSETGASALAWYQQKPGKAPKLLIYSASTLASGVPSRFSGSGSGTDFTLTISSLQPEDFASYYCQQHAGGTYWTFGQGTKLEIK,61,0.17625,19.05494,0.68683,15.61116,3,665.2207,44.2223,35.4935,0.81967,0.0,0.18033,pdl1_16.cif,RSSQSVGSSETGASALASASTLASQQHAGGTYWT,DIQMTQSPSSVSASVGDRVTITCRSSQSVGSSETGASALAWYQQKPGKAPKLLIYSASTLASGVPSRFSGSGSGTDFTLTISSLQPEDFASYYCQQHAGGTYWTFGQGTKLEIK,GFSLSDGNYATVGDATVQNLNTGAMDY,VQLVESGGGLVQPGRSLRLSCAASGFSLSDGNYAMHWVRQAPGKGLEWVSGIATVGDATVIGYADSVKGRFTISRDNAENSLFLQMNGLRAEDTALYYCAKQNLNTGAMDYWGQGTMVTVSS,363,0,363.0,363.0,0.0,0.13115,0.14754,0.0,0.18033,0.0,0.11475,0.04918,0.0,0.04918,0.04918,0.06557,0.01639,0.06557,0.01639,0.0,0.01639,0.01639,0.01639,0.04918,0.01639,100,11,9,2,0,0,0,0,0,0,0,0,-1,0,0,,,0,,0.0,4,1,5,,,0,,0.0,-1,0,0,,,0,,0.0,0,-1,0,0,,,0,,0.0,52,4,5,,,0,,0.0,-1,0,0,,,0,,0.0,-1,0,0,,18-110,7,,10.0,-1,0,0,,41-103,2,,10.0,"ProtTrypx7(pos18-110,sev10); MetOx(pos4,sev5); TrpOxx2(pos41-103,sev10); HydroPatch(pos52,sev5)",0.0,0.0,0.0,0.0,15.61116,2.50511,1.24573,6.40945,29.11926,False,False,False,True,0.0,25.20417,19.05494,0.37905,0.50149,0.37905,0.15735,0.16736,0.65165,0.72478,0.0,0.0,0.0,0.69606,0.65252,1.43541,8.19862,False,False,False,False,False,False,False,False,False,False,False,False,7693.29395,7028.07324,1,,2.50511,-19.05494,-35.4935,-19.05494,-15.61116,-2.50511,False,1,True,False,False,False,True,True,True,True,True,True,-2.028646706626718,0.7616306297174604,2.6885426027622055,-1.1188556323913035,-1.3668175306533479,-0.3894733852049158,-0.919885955436252,-0.009682708971751065,-1.7345495978120773,30.0,19.0,29.0,6.5,6.0,14.5,30.0,17,0.0
