pdb_id,released,resolution_A,method,heavy_chains,light_chains,ab_other_chains,antigen_chains,antigen_name,antigen_len,title
1FDL,1991-10-15,2.5,X-ray,H,L,,Y,HEN EGG WHITE LYSOZYME,129,CRYSTALLOGRAPHIC REFINEMENT OF THE THREE-DIMENSIONAL STRUCTURE OF THE FAB D1.3-LYSOZYME COMPLEX AT 2.5-ANGSTROMS RESOLUTION
1NCA,1994-01-31,2.5,X-ray,H,L,,N,INFLUENZA A SUBTYPE N9 NEURAMINIDASE,389,REFINED CRYSTAL STRUCTURE OF THE INFLUENZA VIRUS N9 NEURAMINIDASE-NC41 FAB COMPLEX
1NCB,1994-01-31,2.5,X-ray,H,L,,N,INFLUENZA A SUBTYPE N9 NEURAMINIDASE,389,CRYSTAL STRUCTURES OF TWO MUTANT NEURAMINIDASE-ANTIBODY COMPLEXES WITH AMINO ACID SUBSTITUTIONS IN THE INTERFACE
1NCC,1994-01-31,2.5,X-ray,H,L,,N,INFLUENZA A SUBTYPE N9 NEURAMINIDASE,389,CRYSTAL STRUCTURES OF TWO MUTANT NEURAMINIDASE-ANTIBODY COMPLEXES WITH AMINO ACID SUBSTITUTIONS IN THE INTERFACE
1TET,1994-01-31,2.3,X-ray,H,L,,P,CHOLERA TOXIN PEPTIDE 3 (CTP3),15,CRYSTAL STRUCTURE OF AN ANTICHOLERA TOXIN PEPTIDE COMPLEX AT 2.3 ANGSTROMS
1VFB,1994-05-31,1.8,X-ray,B,A,,C,HEN EGG WHITE LYSOZYME,129,BOUND WATER MOLECULES AND CONFORMATIONAL STABILIZATION HELP MEDIATE AN ANTIGEN-ANTIBODY ASSOCIATION
1IKF,1995-03-31,2.5,X-ray,H,L,,C,CYCLOSPORIN A,11,A CONFORMATION OF CYCLOSPORIN A IN AQUEOUS ENVIRONMENT REVEALED BY THE X-RAY STRUCTURE OF A CYCLOSPORIN-FAB COMPLEX
1MLC,1995-06-03,2.5,X-ray,B;D,A;C,,E;F,HEN EGG WHITE LYSOZYME,129,MONOCLONAL ANTIBODY FAB D44.1 RAISED AGAINST CHICKEN EGG-WHITE LYSOZYME COMPLEXED WITH LYSOZYME
1NMB,1995-09-15,2.2,X-ray,H,L,,N,N9 NEURAMINIDASE,470,THE STRUCTURE OF A COMPLEX BETWEEN THE NC10 ANTIBODY AND INFLUENZA VIRUS NEURAMINIDASE AND COMPARISON WITH THE OVERLAPPING BINDING SITE OF THE NC41 ANTIBODY
1OSP,1997-04-21,1.95,X-ray,H,L,,O,OUTER SURFACE PROTEIN A,257,CRYSTAL STRUCTURE OF OUTER SURFACE PROTEIN A OF BORRELIA BURGDORFERI COMPLEXED WITH A MURINE MONOCLONAL ANTIBODY FAB
2HRP,1997-12-31,2.2,X-ray,H,L,M;N,P;Q,HIV-1 PROTEASE PEPTIDE,10,ANTIGEN-ANTIBODY COMPLEX
1KB5,1998-04-08,2.5,X-ray,H,L,,B;A,KB5-C20 T-CELL ANTIGEN RECEPTOR,117,MURINE T-CELL RECEPTOR VARIABLE DOMAIN/FAB COMPLEX
