id,file_name,designed_sequence,designed_chain_sequence,num_prot_tokens,num_lig_atoms,num_resolved_tokens,num_tokens,num_design,UNK_fraction,GLY_fraction,ALA_fraction,CYS_fraction,SER_fraction,PRO_fraction,THR_fraction,VAL_fraction,ILE_fraction,ASN_fraction,ASP_fraction,LEU_fraction,MET_fraction,GLN_fraction,GLU_fraction,LYS_fraction,HIS_fraction,PHE_fraction,ARG_fraction,TYR_fraction,TRP_fraction,loop,helix,sheet,liability_score,liability_num_violations,liability_high_severity_violations,liability_medium_severity_violations,liability_low_severity_violations,liability_ProtTryp_count,liability_MetOx_count,liability_MetOx_position,liability_MetOx_length,liability_MetOx_severity,liability_MetOx_details,liability_MetOx_positions,liability_MetOx_num_positions,liability_MetOx_global_details,liability_MetOx_avg_severity,liability_AspCleave_count,liability_AspCleave_position,liability_AspCleave_length,liability_AspCleave_severity,liability_AspCleave_details,liability_AspCleave_positions,liability_AspCleave_num_positions,liability_AspCleave_global_details,liability_AspCleave_avg_severity,liability_DPP4_count,liability_DPP4_position,liability_DPP4_length,liability_DPP4_severity,liability_DPP4_details,liability_DPP4_positions,liability_DPP4_num_positions,liability_DPP4_global_details,liability_DPP4_avg_severity,liability_AspBridge_count,liability_AspBridge_position,liability_AspBridge_length,liability_AspBridge_severity,liability_AspBridge_details,liability_AspBridge_positions,liability_AspBridge_num_positions,liability_AspBridge_global_details,liability_AspBridge_avg_severity,liability_ProtTryp_position,liability_ProtTryp_length,liability_ProtTryp_severity,liability_ProtTryp_details,liability_ProtTryp_positions,liability_ProtTryp_num_positions,liability_ProtTryp_global_details,liability_ProtTryp_avg_severity,liability_NTCycl_count,liability_NTCycl_position,liability_NTCycl_length,liability_NTCycl_severity,liability_NTCycl_details,liability_NTCycl_positions,liability_NTCycl_num_positions,liability_NTCycl_global_details,liability_NTCycl_avg_severity,liability_HydroPatch_count,liability_HydroPatch_position,liability_HydroPatch_length,liability_HydroPatch_severity,liability_HydroPatch_details,liability_HydroPatch_positions,liability_HydroPatch_num_positions,liability_HydroPatch_global_details,liability_HydroPatch_avg_severity,liability_TrpOx_count,liability_TrpOx_position,liability_TrpOx_length,liability_TrpOx_severity,liability_TrpOx_details,liability_TrpOx_positions,liability_TrpOx_num_positions,liability_TrpOx_global_details,liability_TrpOx_avg_severity,liability_violations_summary,native_rmsd,native_rmsd_bb,native_rmsd_refolded,native_rmsd_bb_refolded,designfolding-bb_rmsd,designfolding-bb_rmsd_design,designfolding-bb_rmsd_target,designfolding-bb_rmsd_design_target,designfolding-bb_target_aligned_rmsd_design,designfolding-bb_rmsd<2.5,designfolding-bb_target_aligned<2.5,designfolding-bb_designability_rmsd_2,designfolding-bb_designability_rmsd_4,designfolding-ligand_iptm,designfolding-interaction_pae,designfolding-min_interaction_pae,designfolding-min_design_to_target_pae,designfolding-iptm,designfolding-ptm,designfolding-protein_iptm,designfolding-design_iptm,designfolding-design_iiptm,designfolding-design_to_target_iptm,designfolding-design_residue_iptm,designfolding-target_ptm,designfolding-design_ptm,designfolding-design_ipsae_min,designfolding-design_to_target_ipsae,designfolding-target_to_design_ipsae,designfolding-complex_plddt,designfolding-complex_iplddt,designfolding-complex_pde,designfolding-complex_ipde,designfolding-min_interaction_pae<1.5,designfolding-min_interaction_pae<2,designfolding-min_interaction_pae<2.5,designfolding-min_interaction_pae<3,designfolding-min_interaction_pae<4,designfolding-min_interaction_pae<5,designfolding-design_ptm>80,designfolding-design_ptm>75,designfolding-design_iptm>80,designfolding-design_iptm>70,designfolding-design_iptm>60,designfolding-design_iptm>50,bb_rmsd,bb_rmsd_design,bb_rmsd_target,bb_rmsd_design_target,bb_target_aligned_rmsd_design,bb_rmsd<2.5,bb_target_aligned<2.5,bb_designability_rmsd_2,bb_designability_rmsd_4,ligand_iptm,interaction_pae,min_interaction_pae,min_design_to_target_pae,iptm,ptm,protein_iptm,design_iptm,design_iiptm,design_to_target_iptm,design_residue_iptm,target_ptm,design_ptm,design_ipsae_min,design_to_target_ipsae,target_to_design_ipsae,complex_plddt,complex_iplddt,complex_pde,complex_ipde,min_interaction_pae<1.5,min_interaction_pae<2,min_interaction_pae<2.5,min_interaction_pae<3,min_interaction_pae<4,min_interaction_pae<5,design_ptm>80,design_ptm>75,design_iptm>80,design_iptm>70,design_iptm>60,design_iptm>50,design_largest_hydrophobic_patch_refolded,design_chain_hydrophobicity,design_hydrophobicity,delta_sasa_refolded,design_sasa_unbound_refolded,design_sasa_bound_refolded,plip_hbonds_refolded,plip_saltbridge_refolded,affinity_pred_value,affinity_probability_binary,affinity_probability_binary2,affinity_pred_value2,affinity_probability_binary1,affinity_pred_value1,affinity_probability_binary1>50,affinity_probability_binary1>75,liability_UnpairedCys_count,liability_UnpairedCys_position,liability_UnpairedCys_length,liability_UnpairedCys_severity,liability_UnpairedCys_details,liability_UnpairedCys_positions,liability_UnpairedCys_num_positions,liability_UnpairedCys_global_details,liability_UnpairedCys_avg_severity,liability_details
chorismite_01,chorismite_01.cif,GPAAALAEGLLAGAKAGGAAAGAALGVKVHSVTAEAERTGPRRLRGKVEVETDRGTSKTEYDVEFSPDLKSATVEYKAFSAILGAEVELTVTVGTTDEALAAAAIAAIADAYAAAGAAAGGAAAAAAARAAGEAFGAGLVEGVRAAAAAL,GPAAALAEGLLAGAKAGGAAAGAALGVKVHSVTAEAERTGPRRLRGKVEVETDRGTSKTEYDVEFSPDLKSATVEYKAFSAILGAEVELTVTVGTTDEALAAAAIAAIADAYAAAGAAAGGAAAAAAARAAGEAFGAGLVEGVRAAAAAL,150,16,166.00000,166.00000,150,0.00000,0.12667,0.32667,0.00000,0.03333,0.02000,0.06667,0.08000,0.02000,0.00000,0.03333,0.07333,0.00000,0.00000,0.08667,0.04000,0.00667,0.02000,0.04667,0.02000,0.00000,0.16667,0.50667,0.32667,130,13,13,0,0,0,0,-1,0,0,,,0,,0.00000,0,-1,0,0,,,0,,0.00000,0,-1,0,0,,,0,,0.00000,0,-1,0,0,,,0,,0.00000,-1,0,0,,15-144,13,,10.00000,0,-1,0,0,,,0,,0.00000,0,-1,0,0,,,0,,0.00000,0,-1,0,0,,,0,,0.00000,"ProtTrypx13(pos15-144,sev10)",0.00000,0.00000,0.00000,0.00000,1.10207,1.10207,,,,True,False,True,True,0.00000,0.00000,100000.25000,100000.25000,0.00000,0.79162,0.00000,0.00000,0.00000,0.00000,0.00000,0.00000,0.79162,0.00000,0.00000,0.00000,0.70982,0.70982,0.66727,0.00000,False,False,False,False,False,False,False,True,False,False,False,False,0.83600,0.83600,,0.83600,,True,False,True,True,0.66211,10.31453,4.45597,4.45597,0.66211,0.71384,0.00000,0.66211,0.66211,0.66211,0.66211,0.92746,0.71935,0.03426,0.03426,0.18708,0.71150,0.55115,0.97210,2.82978,False,False,False,False,False,True,False,False,False,False,True,True,2065.90576,42.35410,42.35410,348.03778,352.43646,4.39867,1,0,2.01239,0.18191,0.25737,1.52775,0.10645,2.49703,False,False,,,,,,,,,,
chorismite_02,chorismite_02.cif,ALPPLPAVTPDPGFKLEDLVGTWKLVSSDSEPYYKALGVPEEEIEKLKNTVTITKDGDTYTLTVENDIRNTTVTFKLGEEFEYTTVDGRKVKATVTLDGNVLVEVREYGDEKVVVLRFLKGDKLVVVLTLGDVVATRVYEKV,ALPPLPAVTPDPGFKLEDLVGTWKLVSSDSEPYYKALGVPEEEIEKLKNTVTITKDGDTYTLTVENDIRNTTVTFKLGEEFEYTTVDGRKVKATVTLDGNVLVEVREYGDEKVVVLRFLKGDKLVVVLTLGDVVATRVYEKV,142,16,158.00000,158.00000,142,0.00000,0.07042,0.03521,0.00000,0.02113,0.04930,0.11972,0.16197,0.02113,0.02817,0.07746,0.11268,0.00000,0.00000,0.09859,0.09155,0.00000,0.02817,0.03521,0.04225,0.00704,0.36620,0.11268,0.52113,260,28,24,4,0,0,0,-1,0,0,,,0,,0.00000,0,-1,0,0,,11-98,5,,10.00000,0,1,1,5,,,0,,0.00000,0,-1,0,0,,,0,,0.00000,-1,0,0,,15-141,18,,10.00000,0,-1,0,0,,,0,,0.00000,0,-1,0,0,,101-124,3,,5.00000,0,23,1,10,,,0,,0.00000,"AspCleavex5(pos11-98,sev10); ProtTrypx18(pos15-141,sev10); DPP4(pos1,sev5); TrpOx(pos23,sev10); HydroPatchx3(pos101-124,sev5)",0.00000,0.00000,0.00000,0.00000,0.77169,0.77169,,,,True,False,True,True,0.00000,0.00000,100000.25000,100000.25000,0.00000,0.72070,0.00000,0.00000,0.00000,0.00000,0.00000,0.00000,0.72070,0.00000,0.00000,0.00000,0.65466,0.65466,0.86417,0.00000,False,False,False,False,False,False,False,False,False,False,False,False,0.83027,0.83027,,0.83027,,True,False,True,True,0.77188,8.83442,2.73669,2.73669,0.77188,0.74237,0.00000,0.77188,0.76217,0.77188,0.77188,0.88128,0.74390,0.08446,0.08446,0.21371,0.62450,0.53498,0.93441,1.97177,False,False,False,True,True,True,False,False,False,True,True,True,1435.70264,55.75420,55.75420,351.34521,356.72998,5.38475,6,0,1.08682,0.53006,0.42212,0.93547,0.63799,1.23816,True,False,,,,,,,,,,
chorismite_03,chorismite_03.cif,EIKKLTDNLALGRASDRVFALGLKLPLTDEDAEELAKELGIKEGDVVLIIVGDRSVAGKELGEKLKEVTGAKVIVVTIPAGSTPEEAVAALREALAQTGGKVKAVIFALSSDPGLDFEVGYAVGEEAVRLAPDAVLVALTPPGRGAPGSTGAAAGAAEARGLSAERARELAVKASEAVL,EIKKLTDNLALGRASDRVFALGLKLPLTDEDAEELAKELGIKEGDVVLIIVGDRSVAGKELGEKLKEVTGAKVIVVTIPAGSTPEEAVAALREALAQTGGKVKAVIFALSSDPGLDFEVGYAVGEEAVRLAPDAVLVALTPPGRGAPGSTGAAAGAAEARGLSAERARELAVKASEAVL,179,16,195.00000,195.00000,179,0.00000,0.11173,0.17877,0.00000,0.04469,0.04469,0.04469,0.10615,0.03911,0.00559,0.05028,0.12291,0.00000,0.00559,0.10615,0.06704,0.00000,0.01676,0.05028,0.00559,0.00000,0.31285,0.44693,0.24022,240,26,22,4,0,0,0,-1,0,0,,,0,,0.00000,0,112,2,10,,,0,,0.00000,0,-1,0,0,,,0,,0.00000,0,-1,0,0,,,0,,0.00000,-1,0,0,,3-173,21,,10.00000,0,-1,0,0,,,0,,0.00000,0,-1,0,0,,46-135,4,,5.00000,0,-1,0,0,,,0,,0.00000,"AspCleave(pos112,sev10); ProtTrypx21(pos3-173,sev10); HydroPatchx4(pos46-135,sev5)",0.00000,0.00000,0.00000,0.00000,0.87316,0.87316,,,,True,False,True,True,0.00000,0.00000,100000.25000,100000.25000,0.00000,0.77499,0.00000,0.00000,0.00000,0.00000,0.00000,0.00000,0.77499,0.00000,0.00000,0.00000,0.63331,0.63331,0.62751,0.00000,False,False,False,False,False,False,False,True,False,False,False,False,0.96134,0.96134,,0.96134,,True,False,True,True,0.71906,10.69079,2.82949,2.82949,0.71906,0.77953,0.00000,0.71906,0.71906,0.71906,0.71906,0.91487,0.78637,0.05699,0.05699,0.19924,0.63287,0.47811,0.73315,2.02093,False,False,False,True,True,True,False,True,False,True,True,True,1476.12891,51.52440,51.52440,224.89159,359.97922,135.08763,2,0,2.05982,0.29428,0.37368,1.71409,0.21488,2.40556,False,False,,,,,,,,,,
chorismite_04,chorismite_04.cif,EVEQINDYVYLTQGSVEAAAKACKPDAVIVAVDANGNFGGSLGKQVEKLLTPEQLEKVREEVLTSDKKAFLSSVTITIAGVKIKIILAVTSSSDSLDEKLEVLEEALKIAKEAGIKKIITEAFGAEKDPVRTGRRIAELAKKYDIQVVVVEGDPAILEKLREALK,EVEQINDYVYLTQGSVEAAAKACKPDAVIVAVDANGNFGGSLGKQVEKLLTPEQLEKVREEVLTSDKKAFLSSVTITIAGVKIKIILAVTSSSDSLDEKLEVLEEALKIAKEAGIKKIITEAFGAEKDPVRTGRRIAELAKKYDIQVVVVEGDPAILEKLREALK,165,16,181.00000,181.00000,165,0.00000,0.06061,0.11515,0.00606,0.05455,0.02424,0.04848,0.10909,0.08485,0.01818,0.05455,0.09697,0.00000,0.03030,0.11515,0.11515,0.00000,0.01818,0.03030,0.01818,0.00000,0.31515,0.44848,0.23636,300,32,28,4,0,0,0,-1,0,0,,,0,,0.00000,0,-1,0,0,,94-153,3,,10.00000,0,-1,0,0,,,0,,0.00000,0,35,2,10,,,0,,0.00000,-1,0,0,,21-161,23,,10.00000,0,-1,0,0,,,0,,0.00000,0,-1,0,0,,8-147,4,,5.00000,0,-1,0,0,,,0,,0.00000,"AspBridge(pos35,sev10); AspCleavex3(pos94-153,sev10); ProtTrypx23(pos21-161,sev10); HydroPatchx4(pos8-147,sev5); UnpairedCys(pos23,sev10)",0.00000,0.00000,0.00000,0.00000,0.62190,0.62190,,,,True,False,True,True,0.00000,0.00000,100000.25000,100000.25000,0.00000,0.77270,0.00000,0.00000,0.00000,0.00000,0.00000,0.00000,0.77270,0.00000,0.00000,0.00000,0.67574,0.67574,0.59229,0.00000,False,False,False,False,False,False,False,True,False,False,False,False,0.78394,0.78394,,0.78394,,True,False,True,True,0.73912,9.41422,3.10579,3.10579,0.73912,0.76463,0.00000,0.73912,0.73912,0.73912,0.73912,0.92982,0.77082,0.06565,0.06565,0.23317,0.66169,0.52480,0.76947,2.13611,False,False,False,False,True,True,False,True,False,True,True,True,907.82678,52.14540,52.14540,300.12753,360.05664,59.92910,2,0,2.07565,0.24548,0.32875,1.55192,0.16222,2.59939,False,False,1.00000,23.00000,1.00000,10.00000,,,,,,
chorismite_05,chorismite_05.cif,AAPPAIDGEQLAPNVYAATAEAVLAAAQGRTLAVFFSAPFNADGGLGGAIDAADNGAFRAAAEAYEAENGPMKPGDIYVIPGTNVAKKIILVRGAEVGDADPEALTLAGFEAARAAGAQVIAVNPLGGNRDPEATVRAAVRFARAHPDVTIAFIADNEEELEKIKEIIA,AAPPAIDGEQLAPNVYAATAEAVLAAAQGRTLAVFFSAPFNADGGLGGAIDAADNGAFRAAAEAYEAENGPMKPGDIYVIPGTNVAKKIILVRGAEVGDADPEALTLAGFEAARAAGAQVIAVNPLGGNRDPEATVRAAVRFARAHPDVTIAFIADNEEELEKIKEIIA,169,16,185.00000,185.00000,169,0.00000,0.09467,0.24852,0.00000,0.00592,0.06509,0.03550,0.07101,0.07101,0.04734,0.05917,0.05325,0.00592,0.01775,0.08284,0.02959,0.00592,0.04142,0.04734,0.01775,0.00000,0.37870,0.40828,0.21302,225,25,20,5,0,0,0,72,1,5,,,0,,0.00000,0,-1,0,0,,7-131,4,,10.00000,0,1,1,5,,,0,,0.00000,0,-1,0,0,,41-69,3,,10.00000,-1,0,0,,30-165,13,,10.00000,0,-1,0,0,,,0,,0.00000,0,-1,0,0,,34-89,3,,5.00000,0,-1,0,0,,,0,,0.00000,"AspBridgex3(pos41-69,sev10); AspCleavex4(pos7-131,sev10); ProtTrypx13(pos30-165,sev10); DPP4(pos1,sev5); MetOx(pos72,sev5); HydroPatchx3(pos34-89,sev5)",0.00000,0.00000,0.00000,0.00000,1.64930,1.64930,,,,True,False,True,True,0.00000,0.00000,100000.25000,100000.25000,0.00000,0.75524,0.00000,0.00000,0.00000,0.00000,0.00000,0.00000,0.75524,0.00000,0.00000,0.00000,0.58725,0.58725,0.78913,0.00000,False,False,False,False,False,False,False,True,False,False,False,False,1.22353,1.22353,,1.22353,,True,False,True,True,0.69561,11.74622,5.49235,5.49235,0.69561,0.81128,0.00000,0.69561,0.69561,0.69561,0.69561,0.93490,0.82870,0.02014,0.02014,0.19590,0.58117,0.46787,1.45675,6.43254,False,False,False,False,False,False,True,True,False,False,True,True,2341.67163,50.32190,50.32190,307.17844,356.06213,48.88369,7,0,2.00144,0.34905,0.37410,1.33381,0.32400,2.66907,False,False,,,,,,,,,,
chorismite_06,chorismite_06.cif,MKIETELVEGTEDVEVVKKAIEEAKPDIILLVTGSNAEVSAALVKAVSEATGADIPFATNRIIVLAGNEIIGEKVNVKQEDYAEVVAELLSEALEKTGGKRLLLVTAVDGYEVGKKIGEAIGKVAKKYGVEKIVVGGPGGAGAAKGVLEGIKEATA,MKIETELVEGTEDVEVVKKAIEEAKPDIILLVTGSNAEVSAALVKAVSEATGADIPFATNRIIVLAGNEIIGEKVNVKQEDYAEVVAELLSEALEKTGGKRLLLVTAVDGYEVGKKIGEAIGKVAKKYGVEKIVVGGPGGAGAAKGVLEGIKEATA,156,16,172.00000,172.00000,156,0.00000,0.12179,0.13462,0.00000,0.02564,0.01923,0.05128,0.13462,0.08333,0.02564,0.03205,0.07692,0.00641,0.00641,0.13462,0.10897,0.00000,0.00641,0.01282,0.01923,0.00000,0.27564,0.48718,0.23718,235,26,21,5,0,0,0,1,1,5,,,0,,0.00000,0,109,2,10,,,0,,0.00000,0,-1,0,0,,,0,,0.00000,0,36,2,10,,,0,,0.00000,-1,0,0,,2-152,19,,10.00000,0,-1,0,0,,,0,,0.00000,0,-1,0,0,,28-133,4,,5.00000,0,-1,0,0,,,0,,0.00000,"AspBridge(pos36,sev10); AspCleave(pos109,sev10); ProtTrypx19(pos2-152,sev10); MetOx(pos1,sev5); HydroPatchx4(pos28-133,sev5)",0.00000,0.00000,0.00000,0.00000,0.72504,0.72504,,,,True,False,True,True,0.00000,0.00000,100000.25000,100000.25000,0.00000,0.78812,0.00000,0.00000,0.00000,0.00000,0.00000,0.00000,0.78812,0.00000,0.00000,0.00000,0.65631,0.65631,0.61828,0.00000,False,False,False,False,False,False,False,True,False,False,False,False,0.52861,0.52861,,0.52861,,True,False,True,True,0.76828,10.16095,2.90687,2.90687,0.76828,0.79189,0.00000,0.76828,0.76828,0.76828,0.76828,0.93459,0.79550,0.07623,0.07623,0.25492,0.69094,0.55520,0.81752,2.13605,False,False,False,True,True,True,False,True,False,True,True,True,880.08099,50.04770,50.04770,247.63927,355.69440,108.05513,1,0,2.22904,0.24497,0.32305,2.01786,0.16689,2.44022,False,False,,,,,,,,,,
chorismite_07,chorismite_07.cif,MNITKMVVKSATGTNLGAFFESLKTGKPADFTLTTDQELTFEDGKVVKLKITLKGTVDGKVVKVTLTSNITNQELEFELGEEFEAVTPDGRKAKAKLTLDGNKLILELKSGDTVITVTYELNEDGSWTLTVTVNDHTSTIEIEEV,MNITKMVVKSATGTNLGAFFESLKTGKPADFTLTTDQELTFEDGKVVKLKITLKGTVDGKVVKVTLTSNITNQELEFELGEEFEAVTPDGRKAKAKLTLDGNKLILELKSGDTVITVTYELNEDGSWTLTVTVNDHTSTIEIEEV,145,16,161.00000,161.00000,145,0.00000,0.07586,0.04138,0.00000,0.04138,0.01379,0.15862,0.09655,0.04828,0.04828,0.06207,0.11034,0.01379,0.01379,0.10345,0.10345,0.00690,0.04138,0.00690,0.00690,0.00690,0.26897,0.06897,0.66207,245,26,23,3,0,0,0,-1,0,0,,1-6,2,,5.00000,0,-1,0,0,,43-124,5,,10.00000,0,-1,0,0,,,0,,0.00000,0,72,2,10,,,0,,0.00000,-1,0,0,,5-109,16,,10.00000,0,-1,0,0,,,0,,0.00000,0,104,3,5,,,0,,0.00000,0,127,1,10,,,0,,0.00000,"AspBridge(pos72,sev10); AspCleavex5(pos43-124,sev10); ProtTrypx16(pos5-109,sev10); MetOxx2(pos1-6,sev5); TrpOx(pos127,sev10); HydroPatch(pos104,sev5)",0.00000,0.00000,0.00000,0.00000,2.27650,2.27650,,,,True,False,False,True,0.00000,0.00000,100000.25000,100000.25000,0.00000,0.63599,0.00000,0.00000,0.00000,0.00000,0.00000,0.00000,0.63599,0.00000,0.00000,0.00000,0.58491,0.58491,1.23397,0.00000,False,False,False,False,False,False,False,False,False,False,False,False,0.91840,0.91840,,0.91840,,True,False,True,True,0.62336,10.85139,4.61395,4.61395,0.62336,0.67473,0.00000,0.62336,0.62336,0.62336,0.62336,0.91381,0.68529,0.03496,0.03496,0.15254,0.58799,0.46262,1.09148,2.84017,False,False,False,False,False,True,False,False,False,False,True,True,833.44641,53.58790,53.58790,354.19775,366.37869,12.18092,0,0,1.92765,0.22433,0.20833,1.27167,0.24032,2.58363,False,False,,,,,,,,,,
chorismite_08,chorismite_08.cif,MKVQLADLNTVDLSADIIVLTGKASPEEIAELILKVAEKKKAKKIAFLVDKKNKKGIENAKEIIEILKKKDPSIETKIIEVDFNDLEAFREALEKAFEEGYDLIVILPNSDALTEEQAYEIGRIIGEILKEKKRDIPVLVLTNNEKLAEAFYKGLVEAL,MKVQLADLNTVDLSADIIVLTGKASPEEIAELILKVAEKKKAKKIAFLVDKKNKKGIENAKEIIEILKKKDPSIETKIIEVDFNDLEAFREALEKAFEEGYDLIVILPNSDALTEEQAYEIGRIIGEILKEKKRDIPVLVLTNNEKLAEAFYKGLVEAL,159,16,175.00000,175.00000,159,0.00000,0.03774,0.10063,0.00000,0.02516,0.02516,0.03145,0.06289,0.11950,0.04403,0.06289,0.11950,0.00629,0.01258,0.13836,0.14465,0.00000,0.03145,0.01887,0.01887,0.00000,0.30818,0.47799,0.21384,320,35,29,6,0,0,0,1,1,5,,,0,,0.00000,0,71,2,10,,,0,,0.00000,0,-1,0,0,,,0,,0.00000,0,-1,0,0,,59-109,2,,10.00000,-1,0,0,,2-153,26,,10.00000,0,-1,0,0,,,0,,0.00000,0,-1,0,0,,17-138,5,,5.00000,0,-1,0,0,,,0,,0.00000,"AspBridgex2(pos59-109,sev10); AspCleave(pos71,sev10); ProtTrypx26(pos2-153,sev10); MetOx(pos1,sev5); HydroPatchx5(pos17-138,sev5)",0.00000,0.00000,0.00000,0.00000,0.60394,0.60394,,,,True,False,True,True,0.00000,0.00000,100000.25000,100000.25000,0.00000,0.81365,0.00000,0.00000,0.00000,0.00000,0.00000,0.00000,0.81365,0.00000,0.00000,0.00000,0.69747,0.69747,0.54579,0.00000,False,False,False,False,False,False,True,True,False,False,False,False,0.57369,0.57369,,0.57369,,True,False,True,True,0.76983,9.35064,2.52628,2.52628,0.76983,0.79984,0.00000,0.76983,0.76983,0.76983,0.76983,0.90698,0.80706,0.06083,0.06083,0.21979,0.73403,0.60604,0.84301,2.48236,False,False,False,True,True,True,True,True,False,True,True,True,400.27530,59.25640,59.25640,343.65381,359.50540,15.85158,2,0,2.49388,0.28666,0.35578,1.97453,0.21755,3.01322,False,False,,,,,,,,,,
chorismite_09,chorismite_09.cif,MKRIAVVTSGGPFGIGMGIGAAEKLKEAGCDVAAIVTDADPAARAAARARLEARGIRAVTVPDGDAAAIRAAIEAFAPDGLIATGGTGGNLAAVKVAKELGIKTVAAGVEGDPGAKAVAEVADAAVFVPGEIGDEEAGLKAGKEAAELLLELLK,MKRIAVVTSGGPFGIGMGIGAAEKLKEAGCDVAAIVTDADPAARAAARARLEARGIRAVTVPDGDAAAIRAAIEAFAPDGLIATGGTGGNLAAVKVAKELGIKTVAAGVEGDPGAKAVAEVADAAVFVPGEIGDEEAGLKAGKEAAELLLELLK,154,16,170.00000,170.00000,154,0.00000,0.14286,0.24675,0.00649,0.00649,0.03896,0.03896,0.09091,0.06494,0.00649,0.05844,0.07143,0.01299,0.00000,0.08442,0.06494,0.00000,0.01948,0.04545,0.00000,0.00000,0.25325,0.51299,0.23377,230,25,21,4,0,0,0,-1,0,0,,1-17,2,,5.00000,0,-1,0,0,,40-112,4,,10.00000,0,-1,0,0,,,0,,0.00000,0,-1,0,0,,,0,,0.00000,-1,0,0,,2-143,16,,10.00000,0,-1,0,0,,,0,,0.00000,0,-1,0,0,,126-148,2,,5.00000,0,-1,0,0,,,0,,0.00000,"AspCleavex4(pos40-112,sev10); ProtTrypx16(pos2-143,sev10); MetOxx2(pos1-17,sev5); HydroPatchx2(pos126-148,sev5); UnpairedCys(pos30,sev10)",0.00000,0.00000,0.00000,0.00000,0.83694,0.83694,,,,True,False,True,True,0.00000,0.00000,100000.25000,100000.25000,0.00000,0.75609,0.00000,0.00000,0.00000,0.00000,0.00000,0.00000,0.75609,0.00000,0.00000,0.00000,0.63749,0.63749,0.72354,0.00000,False,False,False,False,False,False,False,True,False,False,False,False,0.73202,0.73202,,0.73202,,True,False,True,True,0.75924,9.26947,3.15447,3.15447,0.75924,0.73703,0.00000,0.75924,0.75924,0.75924,0.75924,0.91594,0.74309,0.07338,0.07338,0.22451,0.66052,0.52771,0.85777,1.94044,False,False,False,False,True,True,False,False,False,True,True,True,1888.92407,47.23380,47.23380,252.24373,360.34384,108.10011,4,0,2.14337,0.31511,0.38254,1.59016,0.24768,2.69657,False,False,1.00000,30.00000,1.00000,10.00000,,,,,,
chorismite_10,chorismite_10.cif,ACKVEIIEISSAEEAVEIIRKYKPDLVVIGGSVPRDIAEAVIAEAHKLGAKVLGVARNQEAADYLLALGADEAVVGDPKEAAEVARKYKAKRVIAVGGGGGRTGAAAVGAIGADPEEITLKPGDSAEETAAYALEQNVEGTIVFLVPV,ACKVEIIEISSAEEAVEIIRKYKPDLVVIGGSVPRDIAEAVIAEAHKLGAKVLGVARNQEAADYLLALGADEAVVGDPKEAAEVARKYKAKRVIAVGGGGGRTGAAAVGAIGADPEEITLKPGDSAEETAAYALEQNVEGTIVFLVPV,148,16,164.00000,164.00000,148,0.00000,0.10811,0.18919,0.00676,0.02703,0.04054,0.02703,0.12162,0.08108,0.01351,0.04730,0.06081,0.00000,0.01351,0.11486,0.06757,0.00676,0.00676,0.04054,0.02703,0.00000,0.30405,0.45270,0.24324,230,25,21,4,0,0,0,-1,0,0,,,0,,0.00000,0,-1,0,0,,77-124,3,,10.00000,0,1,1,5,,,0,,0.00000,0,58,2,10,,,0,,0.00000,-1,0,0,,3-121,16,,10.00000,0,-1,0,0,,,0,,0.00000,0,-1,0,0,,26-142,3,,5.00000,0,-1,0,0,,,0,,0.00000,"AspBridge(pos58,sev10); AspCleavex3(pos77-124,sev10); ProtTrypx16(pos3-121,sev10); DPP4(pos1,sev5); HydroPatchx3(pos26-142,sev5); UnpairedCys(pos2,sev10)",0.00000,0.00000,0.00000,0.00000,0.76146,0.76146,,,,True,False,True,True,0.00000,0.00000,100000.25000,100000.25000,0.00000,0.78949,0.00000,0.00000,0.00000,0.00000,0.00000,0.00000,0.78949,0.00000,0.00000,0.00000,0.65049,0.65049,0.61649,0.00000,False,False,False,False,False,False,False,True,False,False,False,False,0.67875,0.67875,,0.67875,,True,False,True,True,0.78085,8.45524,2.50400,2.50400,0.78085,0.75701,0.00000,0.78085,0.78085,0.78085,0.78085,0.92395,0.76018,0.09045,0.09045,0.24045,0.62991,0.49787,0.79273,1.66487,False,False,False,True,True,True,False,True,False,True,True,True,900.06458,48.01320,48.01320,336.31177,357.84949,21.53773,7,0,1.62331,0.36851,0.38730,1.30686,0.34971,1.93975,False,False,1.00000,2.00000,1.00000,10.00000,,,,,,
chorismite_11,chorismite_11.cif,AAPATLTITSNIPLFEPFNGTWELESLESNFSPKTLERLSANTTLEYKLEGDTLIIKLENDVVNVTETFEILERTEDEIKGKGKFYDFVTEKLLPAEVTIKREGDELIVTQKVGDETYTIVYKREGDKLIVEYTYGDESAKRVYRRV,AAPATLTITSNIPLFEPFNGTWELESLESNFSPKTLERLSANTTLEYKLEGDTLIIKLENDVVNVTETFEILERTEDEIKGKGKFYDFVTEKLLPAEVTIKREGDELIVTQKVGDETYTIVYKREGDKLIVEYTYGDESAKRVYRRV,147,16,163.00000,163.00000,147,0.00000,0.05442,0.04082,0.00000,0.04082,0.03401,0.11565,0.07483,0.06803,0.04082,0.05442,0.10204,0.00000,0.00680,0.14286,0.08163,0.00000,0.04082,0.04762,0.04762,0.00680,0.24490,0.08844,0.66667,235,26,21,5,0,0,0,-1,0,0,,,0,,0.00000,0,-1,0,0,,,0,,0.00000,0,1,1,5,,,0,,0.00000,0,19,2,10,,,0,,0.00000,-1,0,0,,34-146,19,,10.00000,0,-1,0,0,,,0,,0.00000,0,-1,0,0,,54-129,4,,5.00000,0,22,1,10,,,0,,0.00000,"AspBridge(pos19,sev10); ProtTrypx19(pos34-146,sev10); DPP4(pos1,sev5); TrpOx(pos22,sev10); HydroPatchx4(pos54-129,sev5)",0.00000,0.00000,0.00000,0.00000,1.60955,1.60955,,,,True,False,True,True,0.00000,0.00000,100000.25000,100000.25000,0.00000,0.70320,0.00000,0.00000,0.00000,0.00000,0.00000,0.00000,0.70320,0.00000,0.00000,0.00000,0.67906,0.67906,0.80666,0.00000,False,False,False,False,False,False,False,False,False,False,False,False,1.12448,1.12448,,1.12448,,True,False,True,True,0.76175,8.50836,2.76155,2.76155,0.76175,0.74743,0.00000,0.76175,0.76175,0.76175,0.76175,0.89541,0.74947,0.09426,0.09426,0.20917,0.68385,0.55719,0.79456,1.57631,False,False,False,True,True,True,False,False,False,True,True,True,1393.99463,56.48500,56.48500,337.20758,354.97729,17.76971,2,0,2.05638,0.39713,0.31368,1.81104,0.48058,2.30172,False,False,,,,,,,,,,
chorismite_12,chorismite_12.cif,MKVAIVMAGGGGGGEGCARGAAELLVEQGCEVVLLAAAGVTTTEEEALETAREIAAEVGLPASRVHRVPGKITTYETGLEAGKLAAELGVDAVIVCAGIGATGLENAEKTVEGVREGLAEEGKDIPVFLALAPAGDFEAGVAAGREAAERALAALK,MKVAIVMAGGGGGGEGCARGAAELLVEQGCEVVLLAAAGVTTTEEEALETAREIAAEVGLPASRVHRVPGKITTYETGLEAGKLAAELGVDAVIVCAGIGATGLENAEKTVEGVREGLAEEGKDIPVFLALAPAGDFEAGVAAGREAAERALAALK,156,16,172.00000,172.00000,156,0.00000,0.15385,0.20513,0.01923,0.00641,0.02564,0.05769,0.10256,0.03846,0.00641,0.01923,0.09615,0.01282,0.00641,0.14103,0.03846,0.00641,0.01282,0.04487,0.00641,0.00000,0.27564,0.52564,0.19872,190,22,16,6,0,0,0,-1,0,0,,1-7,2,,5.00000,0,-1,0,0,,,0,,0.00000,0,-1,0,0,,,0,,0.00000,0,106,2,10,,,0,,0.00000,-1,0,0,,2-150,12,,10.00000,0,-1,0,0,,,0,,0.00000,0,-1,0,0,,24-127,4,,5.00000,0,-1,0,0,,,0,,0.00000,"AspBridge(pos106,sev10); ProtTrypx12(pos2-150,sev10); MetOxx2(pos1-7,sev5); HydroPatchx4(pos24-127,sev5); UnpairedCysx3(pos17-96,sev10)",0.00000,0.00000,0.00000,0.00000,1.18148,1.18148,,,,True,False,True,True,0.00000,0.00000,100000.25000,100000.25000,0.00000,0.77437,0.00000,0.00000,0.00000,0.00000,0.00000,0.00000,0.77437,0.00000,0.00000,0.00000,0.67945,0.67945,0.66317,0.00000,False,False,False,False,False,False,False,True,False,False,False,False,0.79833,0.79833,,0.79833,,True,False,True,True,0.84147,8.49427,1.40539,1.40539,0.84147,0.77138,0.00000,0.84147,0.84147,0.84147,0.84147,0.92807,0.76710,0.17184,0.17184,0.28228,0.69657,0.59801,0.72289,1.16927,True,True,True,True,True,True,False,True,True,True,True,True,1088.48853,48.58590,48.58590,335.46036,356.44073,20.98039,9,0,2.34186,0.40305,0.55239,2.24646,0.25372,2.43725,False,False,3.00000,,,,,17-96,3.00000,,10.00000,
chorismite_13,chorismite_13.cif,MEIPPPQPNFDIKDLEGTWRLVYRTEEYLRALGADEETIEKLLKARPTVTIKIDGDVITVTIKSDFRNTTVTFKIGEKFEYTTMDGRKVESTLTIEDGVLVEELEWDGEKVTVKKYVVGDKLYVEVVRGDIRGLAVYERV,MEIPPPQPNFDIKDLEGTWRLVYRTEEYLRALGADEETIEKLLKARPTVTIKIDGDVITVTIKSDFRNTTVTFKIGEKFEYTTMDGRKVESTLTIEDGVLVEELEWDGEKVTVKKYVVGDKLYVEVVRGDIRGLAVYERV,140,16,156.00000,156.00000,140,0.00000,0.07143,0.02857,0.00000,0.01429,0.03571,0.10714,0.12143,0.07143,0.01429,0.07857,0.07857,0.01429,0.00714,0.12143,0.08571,0.00000,0.02857,0.06429,0.04286,0.01429,0.33571,0.12143,0.54286,300,33,27,6,0,0,0,-1,0,0,,1-84,2,,5.00000,0,-1,0,0,,54-107,4,,10.00000,0,-1,0,0,,,0,,0.00000,0,-1,0,0,,,0,,0.00000,-1,0,0,,13-139,21,,10.00000,0,-1,0,0,,,0,,0.00000,0,-1,0,0,,21-122,4,,5.00000,0,-1,0,0,,19-106,2,,10.00000,"AspCleavex4(pos54-107,sev10); ProtTrypx21(pos13-139,sev10); MetOxx2(pos1-84,sev5); TrpOxx2(pos19-106,sev10); HydroPatchx4(pos21-122,sev5)",0.00000,0.00000,0.00000,0.00000,1.15307,1.15307,,,,True,False,True,True,0.00000,0.00000,100000.25000,100000.25000,0.00000,0.69536,0.00000,0.00000,0.00000,0.00000,0.00000,0.00000,0.69536,0.00000,0.00000,0.00000,0.65129,0.65129,0.88665,0.00000,False,False,False,False,False,False,False,False,False,False,False,False,1.42626,1.42626,,1.42626,,True,False,True,True,0.72340,8.88280,3.35118,3.35118,0.72340,0.73701,0.00000,0.72340,0.71561,0.72340,0.72340,0.89791,0.74147,0.06254,0.06254,0.19366,0.61541,0.49673,0.94844,2.16879,False,False,False,False,True,True,False,False,False,True,True,True,1124.36096,55.82700,55.82700,342.13647,359.95197,17.81550,1,0,2.71260,0.38564,0.28711,2.61782,0.48417,2.80738,False,False,,,,,,,,,,
chorismite_14,chorismite_14.cif,ALPPLRVLARAGLVEVVLVPSGTDGLARGRALGRLLREEGIRKVLILSHRSEEYAKEIAKGLAEEGIEADVKVIPRPATFEQLKAAIREAVETAKENGYDAVVVLPEVAGLTLEQAYELGRELARLAAETGVRVVVVVGEDHREKAEALARGVREEVAAL,ALPPLRVLARAGLVEVVLVPSGTDGLARGRALGRLLREEGIRKVLILSHRSEEYAKEIAKGLAEEGIEADVKVIPRPATFEQLKAAIREAVETAKENGYDAVVVLPEVAGLTLEQAYELGRELARLAAETGVRVVVVVGEDHREKAEALARGVREEVAAL,160,16,176.00000,176.00000,160,0.00000,0.08750,0.15625,0.00000,0.01875,0.03750,0.03125,0.13125,0.03750,0.00625,0.02500,0.13125,0.00000,0.01250,0.14375,0.04375,0.01250,0.00625,0.10000,0.01875,0.00000,0.26250,0.51875,0.21875,275,30,25,5,0,0,0,-1,0,0,,,0,,0.00000,0,24,2,10,,,0,,0.00000,0,1,1,5,,,0,,0.00000,0,97,2,10,,,0,,0.00000,-1,0,0,,6-154,23,,10.00000,0,-1,0,0,,,0,,0.00000,0,-1,0,0,,16-134,4,,5.00000,0,-1,0,0,,,0,,0.00000,"AspBridge(pos97,sev10); AspCleave(pos24,sev10); ProtTrypx23(pos6-154,sev10); DPP4(pos1,sev5); HydroPatchx4(pos16-134,sev5)",0.00000,0.00000,0.00000,0.00000,0.97221,0.97221,,,,True,False,True,True,0.00000,0.00000,100000.25000,100000.25000,0.00000,0.79746,0.00000,0.00000,0.00000,0.00000,0.00000,0.00000,0.79746,0.00000,0.00000,0.00000,0.70931,0.70931,0.56358,0.00000,False,False,False,False,False,False,False,True,False,False,False,False,0.80313,0.80313,,0.80313,,True,False,True,True,0.75726,9.19272,3.02807,3.02807,0.75726,0.80140,0.00000,0.75726,0.75018,0.75726,0.75726,0.89658,0.81319,0.07176,0.07176,0.18406,0.70358,0.55097,0.71261,1.96210,False,False,False,False,True,True,True,True,False,True,True,True,1343.00171,52.54630,52.54630,313.95618,345.38727,31.43109,3,0,2.00914,0.34637,0.37590,1.50429,0.31685,2.51398,False,False,,,,,,,,,,
chorismite_15,chorismite_15.cif,MAKPEDFTGVWRQVTPGEGLAEYLAAIGVSEEQRAAFVAGGPATLKITVEGDKITITAENDYRTVTNTFTLGVESEMTTLDGLKVKAIVTLDGDVLVVTQKNGDRTATVKRWLDGDKLVVETTAGDAVATNTYEKVEDVPS,MAKPEDFTGVWRQVTPGEGLAEYLAAIGVSEEQRAAFVAGGPATLKITVEGDKITITAENDYRTVTNTFTLGVESEMTTLDGLKVKAIVTLDGDVLVVTQKNGDRTATVKRWLDGDKLVVETTAGDAVATNTYEKVEDVPS,141,16,157.00000,157.00000,141,0.00000,0.09220,0.09929,0.00000,0.02128,0.02837,0.14184,0.12766,0.03546,0.02837,0.07801,0.07092,0.01418,0.02128,0.08511,0.06383,0.00000,0.02128,0.03546,0.02128,0.01418,0.31915,0.14184,0.53901,220,24,20,4,0,0,0,-1,0,0,,1-77,2,,5.00000,0,-1,0,0,,81-114,3,,10.00000,0,-1,0,0,,,0,,0.00000,0,102,2,10,,,0,,0.00000,-1,0,0,,3-135,14,,10.00000,0,-1,0,0,,,0,,0.00000,0,-1,0,0,,95-118,2,,5.00000,0,-1,0,0,,11-112,2,,10.00000,"AspBridge(pos102,sev10); AspCleavex3(pos81-114,sev10); ProtTrypx14(pos3-135,sev10); MetOxx2(pos1-77,sev5); TrpOxx2(pos11-112,sev10); HydroPatchx2(pos95-118,sev5)",0.00000,0.00000,0.00000,0.00000,0.86875,0.86875,,,,True,False,True,True,0.00000,0.00000,100000.25000,100000.25000,0.00000,0.66406,0.00000,0.00000,0.00000,0.00000,0.00000,0.00000,0.66406,0.00000,0.00000,0.00000,0.63889,0.63889,0.99303,0.00000,False,False,False,False,False,False,False,False,False,False,False,False,3.04653,3.04653,,3.04653,,False,False,False,True,0.71023,9.68906,3.49810,3.49810,0.71023,0.72963,0.00000,0.71023,0.70159,0.71023,0.71023,0.87376,0.73574,0.05519,0.05519,0.15815,0.62674,0.52466,1.14896,2.87438,False,False,False,False,True,True,False,False,False,True,True,True,1055.17017,49.15490,49.15490,348.93738,358.75537,9.81799,0,0,2.41663,0.40613,0.34168,2.18058,0.47058,2.65267,False,False,,,,,,,,,,
chorismite_16,chorismite_16.cif,GAVAVAVAGGGAAGTAGAAAGAAAGAKEAGATAAAGGGGAGGAAGTAGAAAGAAAAEAAGAAPAAAIAPGSGAEAGAAAGAAAARAAGARAAAVAAGGGGGAAAGAAAAAGAAAGAREAGAAVAAGGAGATGAARAGAAAAAAAGAAAAAVGDPFAGGAAAGRAAAELAA,GAVAVAVAGGGAAGTAGAAAGAAAGAKEAGATAAAGGGGAGGAAGTAGAAAGAAAAEAAGAAPAAAIAPGSGAEAGAAAGAAAARAAGARAAAVAAGGGGGAAAGAAAAAGAAAGAREAGAAVAAGGAGATGAARAGAAAAAAAGAAAAAVGDPFAGGAAAGRAAAELAA,170,16,186.00000,186.00000,170,0.00000,0.25294,0.57647,0.00000,0.00588,0.01765,0.02353,0.03529,0.00588,0.00000,0.00588,0.00588,0.00000,0.00000,0.02941,0.00588,0.00000,0.00588,0.02941,0.00000,0.00000,0.24118,0.55882,0.20000,70,7,7,0,0,0,0,-1,0,0,,,0,,0.00000,0,153,2,10,,,0,,0.00000,0,-1,0,0,,,0,,0.00000,0,-1,0,0,,,0,,0.00000,-1,0,0,,27-163,6,,10.00000,0,-1,0,0,,,0,,0.00000,0,-1,0,0,,,0,,0.00000,0,-1,0,0,,,0,,0.00000,"AspCleave(pos153,sev10); ProtTrypx6(pos27-163,sev10)",0.00000,0.00000,0.00000,0.00000,1.27562,1.27562,,,,True,False,True,True,0.00000,0.00000,100000.25000,100000.25000,0.00000,0.56248,0.00000,0.00000,0.00000,0.00000,0.00000,0.00000,0.56248,0.00000,0.00000,0.00000,0.61171,0.61171,1.80681,0.00000,False,False,False,False,False,False,False,False,False,False,False,False,1.21810,1.21810,,1.21810,,True,False,True,True,0.41828,16.60890,8.44413,8.44413,0.41828,0.56757,0.00000,0.41828,0.41824,0.41828,0.41828,0.87607,0.58506,0.01069,0.01069,0.03800,0.58330,0.45358,1.82366,4.86455,False,False,False,False,False,False,False,False,False,False,False,False,2450.46143,26.41150,26.41150,236.08301,360.69336,124.61035,4,0,1.98550,0.38836,0.35445,1.81533,0.42227,2.15566,False,False,,,,,,,,,,
chorismite_17,chorismite_17.cif,APATAAAVTAAAGAGPGAVAAGAAAGAAVAAAGARAAAVGVGGPGAGAAGAAAAAAAGAAAAGAAAAEAAAAAGAGEELARKAAEAAAAAGATGGAGAAGAGPTGAGGAAGARLAAEGAAAAAGGDAAASTAAAASGDAADAAAAGRAAGAAAGAQAAAAA,APATAAAVTAAAGAGPGAVAAGAAAGAAVAAAGARAAAVGVGGPGAGAAGAAAAAAAGAAAAGAAAAEAAAAAGAGEELARKAAEAAAAAGATGGAGAAGAGPTGAGGAAGARLAAEGAAAAAGGDAAASTAAAASGDAADAAAAGRAAGAAAGAQAAAAA,161,16,177.00000,177.00000,161,0.00000,0.20497,0.59627,0.00000,0.01242,0.02484,0.03106,0.03106,0.00000,0.00000,0.01863,0.01242,0.00000,0.00621,0.03106,0.00621,0.00000,0.00000,0.02484,0.00000,0.00000,0.25466,0.55901,0.18634,55,6,5,1,0,0,0,-1,0,0,,,0,,0.00000,0,-1,0,0,,,0,,0.00000,0,1,1,5,,,0,,0.00000,0,-1,0,0,,,0,,0.00000,-1,0,0,,35-147,5,,10.00000,0,-1,0,0,,,0,,0.00000,0,-1,0,0,,,0,,0.00000,0,-1,0,0,,,0,,0.00000,"ProtTrypx5(pos35-147,sev10); DPP4(pos1,sev5)",0.00000,0.00000,0.00000,0.00000,17.44794,17.44794,,,,False,False,False,False,0.00000,0.00000,100000.25000,100000.25000,0.00000,0.25314,0.00000,0.00000,0.00000,0.00000,0.00000,0.00000,0.25314,0.00000,0.00000,0.00000,0.42305,0.42305,3.46651,0.00000,False,False,False,False,False,False,False,False,False,False,False,False,17.26817,17.26817,,17.26817,,False,False,False,False,0.15229,23.58111,17.76558,17.76558,0.15229,0.24588,0.00000,0.15229,0.15229,0.15229,0.15229,0.91339,0.25695,0.00000,0.00000,0.00000,0.39655,0.27999,4.16772,11.36131,False,False,False,False,False,False,False,False,False,False,False,False,3371.48438,26.71290,26.71290,253.66916,366.08893,112.41976,0,0,1.31553,0.47922,0.33277,0.62377,0.62566,2.00729,True,False,,,,,,,,,,
chorismite_18,chorismite_18.cif,PAVAVVNAGGAAGGGVAGAAGAARGAREAGARAAAGGAAGGGGGAEEGAAGGARGAAAAGGEVAAPAGAGTGFAAGYGGGKRAAEAAGALAAAAAGGGGSGFSGGAGGAAGAALGAKEAGAAAAGGSGTGGAAAAAVGDAAGAASPDGAPAAAAFAAGYAGGRAAAAAAAARA,PAVAVVNAGGAAGGGVAGAAGAARGAREAGARAAAGGAAGGGGGAEEGAAGGARGAAAAGGEVAAPAGAGTGFAAGYGGGKRAAEAAGALAAAAAGGGGSGFSGGAGGAAGAALGAKEAGAAAAGGSGTGGAAAAAVGDAAGAASPDGAPAAAAFAAGYAGGRAAAAAAAARA,173,16,189.00000,189.00000,173,0.00000,0.30636,0.45665,0.00000,0.02312,0.02312,0.01156,0.03468,0.00000,0.00578,0.01156,0.01156,0.00000,0.00000,0.03468,0.01156,0.00000,0.01734,0.04046,0.01156,0.00000,0.31214,0.53179,0.15607,115,12,11,1,0,0,0,-1,0,0,,,0,,0.00000,0,147,2,10,,,0,,0.00000,0,1,2,5,,,0,,0.00000,0,7,2,10,,,0,,0.00000,-1,0,0,,24-172,9,,10.00000,0,-1,0,0,,,0,,0.00000,0,-1,0,0,,,0,,0.00000,0,-1,0,0,,,0,,0.00000,"AspBridge(pos7,sev10); AspCleave(pos147,sev10); ProtTrypx9(pos24-172,sev10); DPP4(pos1,sev5)",0.00000,0.00000,0.00000,0.00000,2.01371,2.01371,,,,True,False,False,True,0.00000,0.00000,100000.25000,100000.25000,0.00000,0.57701,0.00000,0.00000,0.00000,0.00000,0.00000,0.00000,0.57701,0.00000,0.00000,0.00000,0.61112,0.61112,1.86814,0.00000,False,False,False,False,False,False,False,False,False,False,False,False,2.96240,2.96240,,2.96240,,False,False,False,True,0.47339,15.46630,6.69034,6.69034,0.47339,0.53723,0.00000,0.47339,0.46737,0.47339,0.47339,0.89335,0.54614,0.01557,0.01557,0.07228,0.56418,0.44113,2.18507,4.06394,False,False,False,False,False,False,False,False,False,False,False,False,2544.16260,26.75430,26.75430,270.54584,362.76193,92.21608,3,0,1.79110,0.38470,0.30533,1.34475,0.46407,2.23744,False,False,,,,,,,,,,
chorismite_19,chorismite_19.cif,APAVRKVPGSDPAAVAAAARAVGPAAVAAAGGGAGEAAYGAGRGLADAGHAVGAAGVGSGGGGGGGRGARKAAEGAGERGVFAGGAGVGEAGGRAAGEAAAAAARAAGGGGAVVAGGGSGGDAGGGAAAGRAAGVGAARAAALDPRLRGIIAAGGGGGAGGGGVGADAAAEAAEAEA,APAVRKVPGSDPAAVAAAARAVGPAAVAAAGGGAGEAAYGAGRGLADAGHAVGAAGVGSGGGGGGGRGARKAAEGAGERGVFAGGAGVGEAGGRAAGEAAAAAARAAGGGGAVVAGGGSGGDAGGGAAAGRAAGVGAARAAALDPRLRGIIAAGGGGGAGGGGVGADAAAEAAEAEA,177,16,193.00000,193.00000,177,0.00000,0.32203,0.36158,0.00000,0.01695,0.02825,0.00000,0.07345,0.01130,0.00000,0.02825,0.01695,0.00000,0.00000,0.04520,0.01130,0.00565,0.00565,0.06780,0.00565,0.00000,0.24294,0.57062,0.18644,165,17,16,1,0,0,0,-1,0,0,,,0,,0.00000,0,-1,0,0,,11-144,2,,10.00000,0,1,1,5,,,0,,0.00000,0,-1,0,0,,,0,,0.00000,-1,0,0,,5-148,14,,10.00000,0,-1,0,0,,,0,,0.00000,0,-1,0,0,,,0,,0.00000,0,-1,0,0,,,0,,0.00000,"AspCleavex2(pos11-144,sev10); ProtTrypx14(pos5-148,sev10); DPP4(pos1,sev5)",0.00000,0.00000,0.00000,0.00000,3.19894,3.19894,,,,False,False,False,True,0.00000,0.00000,100000.25000,100000.25000,0.00000,0.62466,0.00000,0.00000,0.00000,0.00000,0.00000,0.00000,0.62466,0.00000,0.00000,0.00000,0.66926,0.66926,1.42938,0.00000,False,False,False,False,False,False,False,False,False,False,False,False,3.57166,3.57166,,3.57166,,False,False,False,True,0.49832,15.26390,6.34905,6.34905,0.49832,0.56846,0.00000,0.49832,0.49832,0.49832,0.49832,0.90735,0.58399,0.01706,0.01706,0.08973,0.58352,0.45835,1.80517,3.92663,False,False,False,False,False,False,False,False,False,False,False,False,1534.35889,27.46980,27.46980,215.65234,348.01746,132.36511,1,0,1.88983,0.39264,0.35366,1.51613,0.43161,2.26353,False,False,,,,,,,,,,
chorismite_20,chorismite_20.cif,APAVAVVGGGGTAGGFAARGAVEGARAAGARAAGGGSGGGAAAGAAAGGARVAGGAGGAGAAAAARAAGGEVGGAGGFGAGKGAAELAGAAAAAACGGGIGGAAAAAAAARGAAEAAPGAPVAAGGGPGGGGAAGAAAAAAAAVAGGADAAAAGFGAANDPAAAFAAGAAAGAAAAALAA,APAVAVVGGGGTAGGFAARGAVEGARAAGARAAGGGSGGGAAAGAAAGGARVAGGAGGAGAAAAARAAGGEVGGAGGFGAGKGAAELAGAAAAAACGGGIGGAAAAAAAARGAAEAAPGAPVAAGGGPGGGGAAGAAAAAAAAVAGGADAAAAGFGAANDPAAAFAAGAAAGAAAAALAA,180,16,196.00000,196.00000,180,0.00000,0.30000,0.49444,0.00556,0.00556,0.02778,0.00556,0.04444,0.00556,0.00556,0.01111,0.01111,0.00000,0.00000,0.02222,0.00556,0.00000,0.02222,0.03333,0.00000,0.00000,0.23333,0.54444,0.22222,95,10,9,1,0,0,0,-1,0,0,,,0,,0.00000,0,160,2,10,,,0,,0.00000,0,1,1,5,,,0,,0.00000,0,-1,0,0,,,0,,0.00000,-1,0,0,,19-111,7,,10.00000,0,-1,0,0,,,0,,0.00000,0,-1,0,0,,,0,,0.00000,0,-1,0,0,,,0,,0.00000,"AspCleave(pos160,sev10); ProtTrypx7(pos19-111,sev10); DPP4(pos1,sev5); UnpairedCys(pos96,sev10)",0.00000,0.00000,0.00000,0.00000,2.37759,2.37759,,,,True,False,False,True,0.00000,0.00000,100000.25000,100000.25000,0.00000,0.62747,0.00000,0.00000,0.00000,0.00000,0.00000,0.00000,0.62747,0.00000,0.00000,0.00000,0.62822,0.62822,1.62200,0.00000,False,False,False,False,False,False,False,False,False,False,False,False,2.35755,2.35755,,2.35755,,True,False,False,True,0.43073,15.71594,7.91212,7.91212,0.43073,0.62619,0.00000,0.43073,0.43073,0.43073,0.43073,0.90504,0.64849,0.01113,0.01113,0.06096,0.60911,0.46533,1.69277,4.36430,False,False,False,False,False,False,False,False,False,False,False,False,2656.67993,30.03230,30.03230,182.96088,361.18512,178.22424,3,0,1.86467,0.32644,0.31706,1.43706,0.33581,2.29227,False,False,1.00000,96.00000,1.00000,10.00000,,,,,,
chorismite_21,chorismite_21.cif,GAPRTAVGATAAEGARKAAELGADAVAATGGATPAAAAAAAKGAREAGARAGGAGAGADAAAGAAAAAGALAGGAVAAAASAGGVAGAAAAAAAAAAAVTPPGGGAGGAAAASGGAAGAFELGRGGALGAAAGAAAAGGRLVAAGGGAGAGAGAAAAVAAGLGAGEGAREAAA,GAPRTAVGATAAEGARKAAELGADAVAATGGATPAAAAAAAKGAREAGARAGGAGAGADAAAGAAAAAGALAGGAVAAAASAGGVAGAAAAAAAAAAAVTPPGGGAGGAAAASGGAAGAFELGRGGALGAAAGAAAAGGRLVAAGGGAGAGAGAAAAVAAGLGAGEGAREAAA,173,16,189.00000,189.00000,173,0.00000,0.25434,0.50289,0.00000,0.01156,0.02312,0.02890,0.04046,0.00000,0.00000,0.01156,0.03468,0.00000,0.00000,0.03468,0.01156,0.00000,0.00578,0.04046,0.00000,0.00000,0.24277,0.53179,0.22543,90,9,9,0,0,0,0,-1,0,0,,,0,,0.00000,0,-1,0,0,,,0,,0.00000,0,-1,0,0,,,0,,0.00000,0,-1,0,0,,,0,,0.00000,-1,0,0,,4-169,9,,10.00000,0,-1,0,0,,,0,,0.00000,0,-1,0,0,,,0,,0.00000,0,-1,0,0,,,0,,0.00000,"ProtTrypx9(pos4-169,sev10)",0.00000,0.00000,0.00000,0.00000,9.65388,9.65388,,,,False,False,False,False,0.00000,0.00000,100000.25000,100000.25000,0.00000,0.27238,0.00000,0.00000,0.00000,0.00000,0.00000,0.00000,0.27238,0.00000,0.00000,0.00000,0.37590,0.37590,3.66935,0.00000,False,False,False,False,False,False,False,False,False,False,False,False,12.11379,12.11379,,12.11379,,False,False,False,False,0.35527,18.07291,9.37347,9.37347,0.35527,0.26811,0.00000,0.35527,0.35527,0.35527,0.35527,0.87358,0.26182,0.00540,0.00866,0.00540,0.38816,0.31634,3.66728,5.42701,False,False,False,False,False,False,False,False,False,False,False,False,2703.66016,29.79680,29.79680,310.81635,369.85645,59.04012,4,0,1.53270,0.43754,0.31533,1.29434,0.55975,1.77106,True,False,,,,,,,,,,
chorismite_22,chorismite_22.cif,GPAVGAAGAAGGGGGTSTTGAARAGAEGAAEGAEAAGHKAVAATGAAGADAAGAFAGGLAAGRAAAAGGAEAVVAAVAGGGGGTAGAVAAGIGAAEGALEGGGPAGGAGVGSGAGGAAGAAGAAAAAARGGAPAAGAARGLAGAAAADAEGRASAAAAGKRAAEGAGG,GPAVGAAGAAGGGGGTSTTGAARAGAEGAAEGAEAAGHKAVAATGAAGADAAGAFAGGLAAGRAAAAGGAEAVVAAVAGGGGGTAGAVAAGIGAAEGALEGGGPAGGAGVGSGAGGAAGAAGAAAAAARGGAPAAGAARGLAGAAAADAEGRASAAAAGKRAAEGAGG,168,16,184.00000,184.00000,168,0.00000,0.30952,0.44048,0.00000,0.01786,0.01786,0.02976,0.04167,0.00595,0.00000,0.01190,0.01786,0.00000,0.00000,0.04762,0.01190,0.00595,0.00595,0.03571,0.00000,0.00000,0.24405,0.56548,0.19048,80,8,8,0,0,0,0,-1,0,0,,,0,,0.00000,0,-1,0,0,,,0,,0.00000,0,-1,0,0,,,0,,0.00000,0,-1,0,0,,,0,,0.00000,-1,0,0,,23-161,8,,10.00000,0,-1,0,0,,,0,,0.00000,0,-1,0,0,,,0,,0.00000,0,-1,0,0,,,0,,0.00000,"ProtTrypx8(pos23-161,sev10)",0.00000,0.00000,0.00000,0.00000,2.64884,2.64884,,,,False,False,False,True,0.00000,0.00000,100000.25000,100000.25000,0.00000,0.56226,0.00000,0.00000,0.00000,0.00000,0.00000,0.00000,0.56226,0.00000,0.00000,0.00000,0.59751,0.59751,1.90855,0.00000,False,False,False,False,False,False,False,False,False,False,False,False,2.81201,2.81201,,2.81201,,False,False,False,True,0.36627,18.07879,9.22955,9.22955,0.36627,0.56050,0.00000,0.36627,0.36627,0.36627,0.36627,0.89486,0.58175,0.00815,0.00815,0.00842,0.57689,0.43498,1.96990,4.86109,False,False,False,False,False,False,False,False,False,False,False,False,1901.93579,26.52180,26.52180,195.90756,347.16422,151.25665,4,0,1.64237,0.41251,0.34938,1.15993,0.47565,2.12482,False,False,,,,,,,,,,
chorismite_23,chorismite_23.cif,GGPTRAKIEVEAEGAASGTATLTGRGASLTATGTVTGEPFSGTTSDGGTISGIGGPLGTIGAVSVTTPSGDVLAVSAGGHAEVATNNGAGGGIGGKDGVAGIGLNTSVLPARAYASGGGSGGTSDSKEITVGGTATVTATSAGAGKVTGTITALD,GGPTRAKIEVEAEGAASGTATLTGRGASLTATGTVTGEPFSGTTSDGGTISGIGGPLGTIGAVSVTTPSGDVLAVSAGGHAEVATNNGAGGGIGGKDGVAGIGLNTSVLPARAYASGGGSGGTSDSKEITVGGTATVTATSAGAGKVTGTITALD,155,16,171.00000,171.00000,155,0.00000,0.24516,0.14194,0.00000,0.09032,0.03226,0.16129,0.07742,0.05161,0.01935,0.03226,0.04516,0.00000,0.00000,0.03871,0.02581,0.00645,0.00645,0.01935,0.00645,0.00000,0.40000,0.03871,0.56129,110,11,11,0,0,0,0,-1,0,0,,,0,,0.00000,0,-1,0,0,,46-125,3,,10.00000,0,-1,0,0,,,0,,0.00000,0,87,2,10,,,0,,0.00000,-1,0,0,,5-146,7,,10.00000,0,-1,0,0,,,0,,0.00000,0,-1,0,0,,,0,,0.00000,0,-1,0,0,,,0,,0.00000,"AspBridge(pos87,sev10); AspCleavex3(pos46-125,sev10); ProtTrypx7(pos5-146,sev10)",0.00000,0.00000,0.00000,0.00000,10.94809,10.94809,,,,False,False,False,False,0.00000,0.00000,100000.25000,100000.25000,0.00000,0.48999,0.00000,0.00000,0.00000,0.00000,0.00000,0.00000,0.48999,0.00000,0.00000,0.00000,0.50361,0.50361,2.41207,0.00000,False,False,False,False,False,False,False,False,False,False,False,False,8.26448,8.26448,,8.26448,,False,False,False,False,0.54791,16.10905,5.76912,5.76912,0.54791,0.45427,0.00000,0.54791,0.54791,0.54791,0.54791,0.92643,0.44652,0.02059,0.02059,0.08658,0.44837,0.38967,2.57634,3.96784,False,False,False,False,False,False,False,False,False,False,False,True,840.22858,37.69320,37.69320,171.58989,358.76315,187.17326,1,0,1.77412,0.38230,0.27092,0.85573,0.49369,2.69252,False,False,,,,,,,,,,
chorismite_24,chorismite_24.cif,AAGVAAVAAGSGAAAAAAGAVAGAQAAGARAAAGGAGAGGGAGAAAGAAAAGAAGAAAGAGGSAAAGAAAGARAAELAGGAAGVGAAGGSGGGGSGVGGGRAAAAGAAAAAAAGGGAVAGGGPAGGAGGAACAAGAAAAGGAAAFGAPGVAGAAAAAAAAAAEAAKAGA,AAGVAAVAAGSGAAAAAAGAVAGAQAAGARAAAGGAGAGGGAGAAAGAAAAGAAGAAAGAGGSAAAGAAAGARAAELAGGAAGVGAAGGSGGGGSGVGGGRAAAAGAAAAAAAGGGAVAGGGPAGGAGGAACAAGAAAAGGAAAFGAPGVAGAAAAAAAAAAEAAKAGA,169,16,185.00000,185.00000,169,0.00000,0.31361,0.55030,0.00592,0.02367,0.01183,0.00000,0.04142,0.00000,0.00000,0.00000,0.00592,0.00000,0.00592,0.01183,0.00592,0.00000,0.00592,0.01775,0.00000,0.00000,0.20118,0.58580,0.21302,55,6,5,1,0,0,0,-1,0,0,,,0,,0.00000,0,-1,0,0,,,0,,0.00000,0,1,1,5,,,0,,0.00000,0,-1,0,0,,,0,,0.00000,-1,0,0,,30-166,4,,10.00000,0,-1,0,0,,,0,,0.00000,0,-1,0,0,,,0,,0.00000,0,-1,0,0,,,0,,0.00000,"ProtTrypx4(pos30-166,sev10); DPP4(pos1,sev5); UnpairedCys(pos132,sev10)",0.00000,0.00000,0.00000,0.00000,3.71170,3.71170,,,,False,False,False,True,0.00000,0.00000,100000.25000,100000.25000,0.00000,0.28967,0.00000,0.00000,0.00000,0.00000,0.00000,0.00000,0.28967,0.00000,0.00000,0.00000,0.42914,0.42914,3.34135,0.00000,False,False,False,False,False,False,False,False,False,False,False,False,5.91243,5.91243,,5.91243,,False,False,False,False,0.31297,17.44076,8.97294,8.97294,0.31297,0.31346,0.00000,0.31297,0.31297,0.31297,0.31297,0.88496,0.31792,0.00940,0.00940,0.01366,0.42804,0.34515,3.06786,4.33035,False,False,False,False,False,False,False,False,False,False,False,False,2752.19434,24.70500,24.70500,243.41522,359.26733,115.85211,1,0,1.89437,0.34385,0.32684,1.45924,0.36086,2.32950,False,False,1.00000,132.00000,1.00000,10.00000,,,,,,
chorismite_25,chorismite_25.cif,AAGVAVAAGGGGGGAATAAAAAVAAARAAGARAAAGGAGAAASGAAAAAAGAAAGGAAAVGAGVAGGAAAGAAAAAAAGAGAAAAVGGAGASAADAAAAAAGAVAAAEAGGGAVAGAGAGAPAGACAGVAGAAAAAGAAACAGGSNVAAGAAAGRAAAALAA,AAGVAVAAGGGGGGAATAAAAAVAAARAAGARAAAGGAGAAASGAAAAAAGAAAGGAAAVGAGVAGGAAAGAAAAAAAGAGAAAAVGGAGASAADAAAAAAGAVAAAEAGGGAVAGAGAGAPAGACAGVAGAAAAAGAAACAGGSNVAAGAAAGRAAAALAA,162,16,178.00000,178.00000,162,0.00000,0.24691,0.60494,0.01235,0.01852,0.00617,0.00617,0.06173,0.00000,0.00617,0.00617,0.00617,0.00000,0.00000,0.00617,0.00000,0.00000,0.00000,0.01852,0.00000,0.00000,0.22222,0.53704,0.24074,35,4,3,1,0,0,0,-1,0,0,,,0,,0.00000,0,-1,0,0,,,0,,0.00000,0,1,1,5,,,0,,0.00000,0,-1,0,0,,,0,,0.00000,-1,0,0,,27-155,3,,10.00000,0,-1,0,0,,,0,,0.00000,0,-1,0,0,,,0,,0.00000,0,-1,0,0,,,0,,0.00000,"ProtTrypx3(pos27-155,sev10); DPP4(pos1,sev5)",0.00000,0.00000,0.00000,0.00000,6.95451,6.95451,,,,False,False,False,False,0.00000,0.00000,100000.25000,100000.25000,0.00000,0.36091,0.00000,0.00000,0.00000,0.00000,0.00000,0.00000,0.36091,0.00000,0.00000,0.00000,0.48301,0.48301,2.66674,0.00000,False,False,False,False,False,False,False,False,False,False,False,False,7.22000,7.22000,,7.22000,,False,False,False,False,0.32595,15.75815,8.66565,8.66565,0.32595,0.33823,0.00000,0.32595,0.32595,0.32595,0.32595,0.86779,0.34040,0.01006,0.01006,0.03274,0.47122,0.41448,2.59762,3.70872,False,False,False,False,False,False,False,False,False,False,False,False,2773.00708,26.70250,26.70250,215.45340,359.51862,144.06522,2,0,1.74172,0.35361,0.29816,1.52346,0.40906,1.95997,False,False,,,,,,,,,,
chorismite_26,chorismite_26.cif,SAAPFVGTWRSVSQSGSKRAFLAAIGASDEVAAALSGPVTVTITLEGDTLTVTVTTPYRTATTTFALPPVGGSSTFKNTGADGIPATVTATLESDTTLVLTNTYENGVVAKTVYTVQPDGTLVVKLYVDGEELYTGVYERVS,SAAPFVGTWRSVSQSGSKRAFLAAIGASDEVAAALSGPVTVTITLEGDTLTVTVTTPYRTATTTFALPPVGGSSTFKNTGADGIPATVTATLESDTTLVLTNTYENGVVAKTVYTVQPDGTLVVKLYVDGEELYTGVYERVS,142,16,158.00000,158.00000,142,0.00000,0.09155,0.10563,0.00000,0.07746,0.04930,0.18310,0.13380,0.02113,0.02113,0.04225,0.07746,0.00000,0.01408,0.04930,0.02817,0.00000,0.02817,0.02817,0.04225,0.00704,0.33803,0.11972,0.54225,145,16,13,3,0,0,0,-1,0,0,,,0,,0.00000,0,-1,0,0,,82-129,3,,10.00000,0,-1,0,0,,,0,,0.00000,0,106,2,10,,,0,,0.00000,-1,0,0,,10-140,8,,10.00000,0,-1,0,0,,,0,,0.00000,0,-1,0,0,,98-126,3,,5.00000,0,9,1,10,,,0,,0.00000,"AspBridge(pos106,sev10); AspCleavex3(pos82-129,sev10); ProtTrypx8(pos10-140,sev10); TrpOx(pos9,sev10); HydroPatchx3(pos98-126,sev5)",0.00000,0.00000,0.00000,0.00000,3.41083,3.41083,,,,False,False,False,True,0.00000,0.00000,100000.25000,100000.25000,0.00000,0.71244,0.00000,0.00000,0.00000,0.00000,0.00000,0.00000,0.71244,0.00000,0.00000,0.00000,0.61900,0.61900,1.03379,0.00000,False,False,False,False,False,False,False,False,False,False,False,False,1.56469,1.56469,,1.56469,,True,False,True,True,0.76619,9.16571,2.47836,2.47836,0.76619,0.74820,0.00000,0.76619,0.76619,0.76619,0.76619,0.88476,0.74871,0.09803,0.09803,0.19352,0.60854,0.51060,0.99755,1.85137,False,False,True,True,True,True,False,False,False,True,True,True,1233.75171,51.30470,51.30470,348.40201,359.07440,10.67239,2,0,2.18476,0.36563,0.27718,1.78123,0.45408,2.58829,False,False,,,,,,,,,,
chorismite_27,chorismite_27.cif,GGAAAGPAAGGGGSGGAGAAGAAAAGAGLVKGAIEAGKRAGGGGAGTGAAAAAGGAAGAAAGGGAAAAGGGSFAAGFAAGLAAGLRGDVGAAAGAGAGAAFGAGLGVGAGARARGGGAAAGAAGGAGAAAAATAGAALGAGAAASAAAAAAAAAGAGAAGGFAGGYEGGKAAAEGAA,GGAAAGPAAGGGGSGGAGAAGAAAAGAGLVKGAIEAGKRAGGGGAGTGAAAAAGGAAGAAAGGGAAAAGGGSFAAGFAAGLAAGLRGDVGAAAGAGAGAAFGAGLGVGAGARARGGGAAAGAAGGAGAAAAATAGAALGAGAAASAAAAAAAAAGAGAAGGFAGGYEGGKAAAEGAA,177,16,193.00000,193.00000,177,0.00000,0.35028,0.47458,0.00000,0.01695,0.00565,0.01130,0.01695,0.00565,0.00000,0.00565,0.02825,0.00000,0.00000,0.01695,0.01695,0.00000,0.02260,0.02260,0.00565,0.00000,0.22599,0.58192,0.19209,70,7,7,0,0,0,0,-1,0,0,,,0,,0.00000,0,-1,0,0,,,0,,0.00000,0,-1,0,0,,,0,,0.00000,0,-1,0,0,,,0,,0.00000,-1,0,0,,31-170,7,,10.00000,0,-1,0,0,,,0,,0.00000,0,-1,0,0,,,0,,0.00000,0,-1,0,0,,,0,,0.00000,"ProtTrypx7(pos31-170,sev10)",0.00000,0.00000,0.00000,0.00000,14.25912,14.25912,,,,False,False,False,False,0.00000,0.00000,100000.25000,100000.25000,0.00000,0.15474,0.00000,0.00000,0.00000,0.00000,0.00000,0.00000,0.15474,0.00000,0.00000,0.00000,0.38848,0.38848,4.60706,0.00000,False,False,False,False,False,False,False,False,False,False,False,False,14.38052,14.38052,,14.38052,,False,False,False,False,0.13632,24.22530,19.33988,19.33988,0.13632,0.15975,0.00000,0.13632,0.13632,0.13632,0.13632,0.90886,0.16241,0.00000,0.00000,0.00000,0.36214,0.28002,4.79333,12.06842,False,False,False,False,False,False,False,False,False,False,False,False,3167.06982,29.24100,29.24100,231.73091,358.54382,126.81291,0,0,0.91583,0.43462,0.27232,-0.11788,0.59692,1.94953,True,False,,,,,,,,,,
chorismite_28,chorismite_28.cif,MWENFVGTWKLVSSEGFEKYLKALGVPEEVAKKAAKMKPTLEITLDGDVLTVVTKSEYGNVTNTWPLALGVTQPVELTLWDGTVVKADVEVSLDGDVLVVTLRSGDLVVRIEYELEGDKLVVRFVVNGEEVATNVYERVE,MWENFVGTWKLVSSEGFEKYLKALGVPEEVAKKAAKMKPTLEITLDGDVLTVVTKSEYGNVTNTWPLALGVTQPVELTLWDGTVVKADVEVSLDGDVLVVTLRSGDLVVRIEYELEGDKLVVRFVVNGEEVATNVYERVE,140,16,156.00000,156.00000,140,0.00000,0.07857,0.05000,0.00000,0.03571,0.02857,0.08571,0.18571,0.01429,0.03571,0.05714,0.11429,0.01429,0.00714,0.11429,0.07143,0.00000,0.02143,0.02857,0.02857,0.02857,0.26429,0.14286,0.59286,250,28,22,6,0,0,0,-1,0,0,,1-37,2,,5.00000,0,-1,0,0,,46-94,3,,10.00000,0,-1,0,0,,,0,,0.00000,0,127,2,10,,,0,,0.00000,-1,0,0,,10-138,14,,10.00000,0,-1,0,0,,,0,,0.00000,0,-1,0,0,,97-124,4,,5.00000,0,-1,0,0,,2-80,4,,10.00000,"AspBridge(pos127,sev10); AspCleavex3(pos46-94,sev10); ProtTrypx14(pos10-138,sev10); MetOxx2(pos1-37,sev5); TrpOxx4(pos2-80,sev10); HydroPatchx4(pos97-124,sev5)",0.00000,0.00000,0.00000,0.00000,1.09366,1.09366,,,,True,False,True,True,0.00000,0.00000,100000.25000,100000.25000,0.00000,0.71270,0.00000,0.00000,0.00000,0.00000,0.00000,0.00000,0.71270,0.00000,0.00000,0.00000,0.66883,0.66883,0.86391,0.00000,False,False,False,False,False,False,False,False,False,False,False,False,0.78774,0.78774,,0.78774,,True,False,True,True,0.76072,8.76911,2.62717,2.62717,0.76072,0.76277,0.00000,0.76072,0.76072,0.76072,0.76072,0.88675,0.76779,0.08268,0.08268,0.18612,0.64483,0.55603,0.94302,2.36826,False,False,False,True,True,True,False,True,False,True,True,True,1166.18152,61.22660,61.22660,361.73297,361.73297,0.00000,2,0,2.39202,0.40792,0.29926,2.31104,0.51658,2.47301,True,False,,,,,,,,,,
chorismite_29,chorismite_29.cif,SIDDLVGKWKGTLEGDVSAATGLPAGTYEVEVTVVRDGDTLHRLIKLYKDGVLVQENEDVWTRDGDVWKLERTTTLADGRVVTAKGTLEKVSDNTFRRELEWDNGAKVTVIYTKVSDDTVEVKVYVDGKLVATATLTKVEKA,SIDDLVGKWKGTLEGDVSAATGLPAGTYEVEVTVVRDGDTLHRLIKLYKDGVLVQENEDVWTRDGDVWKLERTTTLADGRVVTAKGTLEKVSDNTFRRELEWDNGAKVTVIYTKVSDDTVEVKVYVDGKLVATATLTKVEKA,142,16,158.00000,158.00000,142,0.00000,0.08451,0.06338,0.00000,0.02817,0.00704,0.12676,0.15493,0.02113,0.02113,0.10563,0.09155,0.00000,0.00704,0.07746,0.09155,0.00704,0.00704,0.04930,0.02817,0.02817,0.26056,0.05634,0.68310,315,33,30,3,0,0,0,-1,0,0,,,0,,0.00000,0,-1,0,0,,37-127,5,,10.00000,0,-1,0,0,,,0,,0.00000,0,104,2,10,,,0,,0.00000,-1,0,0,,8-141,20,,10.00000,0,-1,0,0,,,0,,0.00000,0,-1,0,0,,52-124,3,,5.00000,0,-1,0,0,,9-102,4,,10.00000,"AspBridge(pos104,sev10); AspCleavex5(pos37-127,sev10); ProtTrypx20(pos8-141,sev10); TrpOxx4(pos9-102,sev10); HydroPatchx3(pos52-124,sev5)",0.00000,0.00000,0.00000,0.00000,1.29228,1.29228,,,,True,False,True,True,0.00000,0.00000,100000.25000,100000.25000,0.00000,0.74731,0.00000,0.00000,0.00000,0.00000,0.00000,0.00000,0.74731,0.00000,0.00000,0.00000,0.68166,0.68166,0.74603,0.00000,False,False,False,False,False,False,False,False,False,False,False,False,1.76438,1.76438,,1.76438,,True,False,True,True,0.77555,8.51497,2.62925,2.62925,0.77555,0.77854,0.00000,0.77555,0.77555,0.77555,0.77555,0.87879,0.77978,0.09776,0.09776,0.19851,0.65999,0.58696,0.86882,1.92127,False,False,False,True,True,True,False,True,False,True,True,True,1157.59448,49.41800,49.41800,345.14151,348.50345,3.36194,6,0,2.10969,0.38115,0.32305,2.06475,0.43925,2.15463,False,False,,,,,,,,,,
