id,final_rank,designed_sequence,designed_chain_sequence,num_design,design_to_target_iptm,min_design_to_target_pae,design_ptm,filter_rmsd,plip_hbonds_refolded,delta_sasa_refolded,design_chain_hydrophobicity,design_hydrophobicity,loop,helix,sheet,file_name,num_prot_tokens,num_lig_atoms,num_resolved_tokens,num_tokens,UNK_fraction,GLY_fraction,ALA_fraction,CYS_fraction,SER_fraction,PRO_fraction,THR_fraction,VAL_fraction,ILE_fraction,ASN_fraction,ASP_fraction,LEU_fraction,MET_fraction,GLN_fraction,GLU_fraction,LYS_fraction,HIS_fraction,PHE_fraction,ARG_fraction,TYR_fraction,TRP_fraction,liability_score,liability_num_violations,liability_high_severity_violations,liability_medium_severity_violations,liability_low_severity_violations,liability_AspBridge_count,liability_AspCleave_count,liability_ProtTryp_count,liability_MetOx_count,liability_TrpOx_count,liability_HydroPatch_count,liability_ProtTryp_position,liability_ProtTryp_length,liability_ProtTryp_severity,liability_ProtTryp_details,liability_ProtTryp_positions,liability_ProtTryp_num_positions,liability_ProtTryp_global_details,liability_ProtTryp_avg_severity,liability_TrpOx_position,liability_TrpOx_length,liability_TrpOx_severity,liability_TrpOx_details,liability_TrpOx_positions,liability_TrpOx_num_positions,liability_TrpOx_global_details,liability_TrpOx_avg_severity,liability_AspBridge_position,liability_AspBridge_length,liability_AspBridge_severity,liability_AspBridge_details,liability_AspBridge_positions,liability_AspBridge_num_positions,liability_AspBridge_global_details,liability_AspBridge_avg_severity,liability_MetOx_position,liability_MetOx_length,liability_MetOx_severity,liability_MetOx_details,liability_MetOx_positions,liability_MetOx_num_positions,liability_MetOx_global_details,liability_MetOx_avg_severity,liability_AspCleave_position,liability_AspCleave_length,liability_AspCleave_severity,liability_AspCleave_details,liability_AspCleave_positions,liability_AspCleave_num_positions,liability_AspCleave_global_details,liability_AspCleave_avg_severity,liability_NTCycl_count,liability_NTCycl_position,liability_NTCycl_length,liability_NTCycl_severity,liability_NTCycl_details,liability_NTCycl_positions,liability_NTCycl_num_positions,liability_NTCycl_global_details,liability_NTCycl_avg_severity,liability_DPP4_count,liability_DPP4_position,liability_DPP4_length,liability_DPP4_severity,liability_DPP4_details,liability_DPP4_positions,liability_DPP4_num_positions,liability_DPP4_global_details,liability_DPP4_avg_severity,liability_HydroPatch_position,liability_HydroPatch_length,liability_HydroPatch_severity,liability_HydroPatch_details,liability_HydroPatch_positions,liability_HydroPatch_num_positions,liability_HydroPatch_global_details,liability_HydroPatch_avg_severity,liability_violations_summary,native_rmsd,native_rmsd_bb,native_rmsd_refolded,native_rmsd_bb_refolded,bb_rmsd,bb_rmsd_design,bb_rmsd_target,bb_rmsd_design_target,bb_target_aligned_rmsd_design,bb_rmsd<2.5,bb_target_aligned<2.5,bb_designability_rmsd_2,bb_designability_rmsd_4,ligand_iptm,interaction_pae,min_interaction_pae,iptm,ptm,protein_iptm,design_iptm,design_iiptm,design_residue_iptm,target_ptm,design_ipsae_min,design_to_target_ipsae,target_to_design_ipsae,complex_plddt,complex_iplddt,complex_pde,complex_ipde,min_interaction_pae<1.5,min_interaction_pae<2,min_interaction_pae<2.5,min_interaction_pae<3,min_interaction_pae<4,min_interaction_pae<5,design_ptm>80,design_ptm>75,design_iptm>80,design_iptm>70,design_iptm>60,design_iptm>50,design_sasa_unbound_refolded,design_sasa_bound_refolded,plip_saltbridge_refolded,liability_details,filter_rmsd_design,neg_min_design_to_target_pae,neg_design_hydrophobicity,neg_min_interaction_pae,neg_filter_rmsd,neg_filter_rmsd_design,has_x,num_filters_passed,pass_has_x_filter,pass_filters,pass_filter_rmsd_filter,pass_filter_rmsd_design_filter,pass_CYS_fraction_filter,pass_ALA_fraction_filter,pass_GLY_fraction_filter,pass_GLU_fraction_filter,pass_LEU_fraction_filter,pass_VAL_fraction_filter,design_iiptm_z,design_ptm_z,min_design_to_target_pae_z,design_hydrophobicity_z,delta_sasa_refolded_z,plip_saltbridge_refolded_z,plip_hbonds_refolded_z,absolute_score,structure_confidence,rank_design_to_target_iptm,rank_design_ptm,rank_neg_min_design_to_target_pae,rank_plip_hbonds_refolded,rank_plip_saltbridge_refolded,rank_delta_sasa_refolded,max_rank,secondary_rank,quality_score
penguinpox_07,1,GATLPSSSLIKGSSTVGSGGFSEGSFVY,EVQLVESGGGLVQPGGSLRLSCAASGATLPSSSLMAWYRQAPGKGRELVAGIKGSSTSYADSVKGRFTISRDNAKNTLYLQMNSLRPEDTAVYYCAVGSGGFSEGSFVYWGQGTLVTVSS,28,0.25244,15.31615,0.7472,1.43477,4,657.58984,47.3912,36.4009,0.71429,0.10714,0.17857,penguinpox_07.cif,321,0,321.0,321.0,0.0,0.21429,0.03571,0.0,0.28571,0.03571,0.07143,0.07143,0.03571,0.0,0.0,0.07143,0.0,0.0,0.03571,0.03571,0.0,0.07143,0.0,0.03571,0.0,175,20,15,5,0,0,0,0,0,0,0,-1,0,0,,19-86,10,,10.0,-1,0,0,,37-110,2,,10.0,-1,0,0,,73-83,2,,10.0,-1,0,0,,35-82,2,,5.0,61,2,10,,,0,,0.0,0,-1,0,0,,,0,,0.0,0,-1,0,0,,,0,,0.0,-1,0,0,,78-107,3,,5.0,"AspBridgex2(pos73-83,sev10); AspCleave(pos61,sev10); ProtTrypx10(pos19-86,sev10); MetOxx2(pos35-82,sev5); TrpOxx2(pos37-110,sev10); HydroPatchx3(pos78-107,sev5)",0.0,0.0,0.0,0.0,1.43477,1.39769,1.33501,1.83677,1.65485,True,True,True,True,0.0,22.66887,15.31615,0.1979,0.45708,0.1979,0.1979,0.21995,0.25244,0.63233,0.0,0.0,0.0,0.67001,0.61938,1.5339,12.57122,False,False,False,False,False,False,False,False,False,False,False,False,12372.58203,11714.99219,0,,1.39769,-15.31615,-36.4009,-15.31615,-1.43477,-1.39769,False,9,True,True,True,True,True,True,True,True,True,True,-1.5335419588765575,2.201569861530869,1.7210433754334447,-0.9989199440054053,-1.3816388408362472,-0.9109110110510453,-0.695507473514706,-0.5524278093322172,-0.8615201614178272,1.0,1.0,1.0,0.5,0.5,0.5,1.0,1,1.0
penguinpox_29,2,GFSGGFSNHSGYSPYYGGADGSLVDEPGGADYWGQG,EVQLVESGGGVVQPGNSLRLSCAASGFSGGFSNHGMSWVRQAPGKGLEWVSSISGYSPYYTLYADSVKGRFTISRDNAKTTLYLQMNSLRPEDTALYYCTIGGADGSLVDEPGGADYWGQGTLVTVSS,36,0.22807,15.61747,0.76133,13.2462,6,1370.28613,49.6763,35.7185,0.83333,0.16667,0.0,penguinpox_29.cif,329,0,329.0,329.0,0.0,0.30556,0.05556,0.0,0.13889,0.05556,0.0,0.02778,0.0,0.02778,0.08333,0.02778,0.0,0.02778,0.02778,0.0,0.02778,0.05556,0.0,0.11111,0.02778,180,20,16,4,0,0,0,0,0,0,0,-1,0,0,,19-90,8,,10.0,-1,0,0,,38-118,3,,10.0,-1,0,0,,16-87,3,,10.0,-1,0,0,,36-86,2,,5.0,-1,0,0,,65-105,2,,10.0,0,-1,0,0,,,0,,0.0,0,-1,0,0,,,0,,0.0,-1,0,0,,82-96,2,,5.0,"AspBridgex3(pos16-87,sev10); AspCleavex2(pos65-105,sev10); ProtTrypx8(pos19-90,sev10); MetOxx2(pos36-86,sev5); TrpOxx3(pos38-118,sev10); HydroPatchx2(pos82-96,sev5)",0.0,0.0,0.0,0.0,13.2462,5.18896,4.74879,16.77915,26.46084,False,False,False,False,0.0,22.37356,15.61747,0.20597,0.42335,0.20597,0.20597,0.20147,0.22807,0.58146,0.0,0.0,0.0,0.63852,0.54091,1.69644,10.68186,False,False,False,False,False,False,False,True,False,False,False,False,12121.42383,10751.1377,0,,5.18896,-15.61747,-35.7185,-15.61747,-13.2462,-5.18896,False,1,True,False,False,False,True,True,False,True,True,True,-1.7075205810180858,2.5385972152748386,1.7990169623903753,-1.0891162342352232,0.0026209647808922475,-0.9109110110510453,-0.2467505096716142,-0.000475593939398424,-0.8948955743084166,3.0,11.0,4.0,1.5,11.0,1.0,11.0,2,0.9655172413793104
penguinpox_06,3,GFTFSSYSGSGSYSSYPDAGGLSTGGYDY,EVQLVESGGGLVQPGGSLRLSCAASGFTFSSYAMGWLRQAPGKEREFVAAISGSGSYTYYADSVKGRFTISRDNSKNTLYLQMNSLRPEDTAVYYCATSSYPDAGGLSTGGYDYWGQGTLVTVSS,29,0.19539,17.30045,0.78473,19.30753,3,1012.85742,48.1043,34.2736,0.7931,0.2069,0.0,penguinpox_06.cif,326,0,326.0,326.0,0.0,0.24138,0.03448,0.0,0.27586,0.03448,0.06897,0.0,0.0,0.0,0.06897,0.03448,0.0,0.0,0.0,0.0,0.0,0.06897,0.0,0.17241,0.0,160,18,14,4,0,0,0,0,0,0,0,-1,0,0,,19-87,9,,10.0,-1,0,0,,36-115,2,,10.0,-1,0,0,,74-84,2,,10.0,-1,0,0,,34-83,2,,5.0,62,2,10,,,0,,0.0,0,-1,0,0,,,0,,0.0,0,-1,0,0,,,0,,0.0,-1,0,0,,79-93,2,,5.0,"AspBridgex2(pos74-84,sev10); AspCleave(pos62,sev10); ProtTrypx9(pos19-87,sev10); MetOxx2(pos34-83,sev5); TrpOxx2(pos36-115,sev10); HydroPatchx2(pos79-93,sev5)",0.0,0.0,0.0,0.0,19.30753,2.21924,4.0857,12.90644,38.05288,False,False,False,True,0.0,23.15577,17.30045,0.17799,0.41427,0.17799,0.17799,0.18093,0.19539,0.58053,0.0,0.0,0.0,0.64305,0.54155,1.6913,12.28751,False,False,False,False,False,False,False,True,False,False,False,False,11325.3584,10312.50098,1,,2.21924,-17.30045,-34.2736,-17.30045,-19.30753,-2.21924,False,1,True,False,False,True,True,True,True,True,True,True,-1.90089292402604,3.0967316864431993,2.2345273413123685,-1.2800960404384232,-0.691607703964647,-0.3894733852049158,-0.919885955436252,-0.05825441150673552,-1.0348217688467236,11.0,4.0,8.0,6.0,5.5,3.0,11.0,2,0.9310344827586207
penguinpox_15,4,GGTPGDGPGGSGKTEGVSAEDAKYEGGFEYW,EVQLVESGGGLVQAGGSLSISCAASGGTPGVLGWFRQAPGKEREFVAAIDGPGGSGKTTIGPPNVEGRFTISRDNAKNTGYLQMNSLAPDDTAVYYCGAGEGVSAEDAKYEGGFEYWGRGTQVTVSS,31,0.20006,18.06871,0.7613,21.11404,2,627.83203,42.5783,27.7912,0.80645,0.19355,0.0,penguinpox_15.cif,328,0,328.0,328.0,0.0,0.32258,0.06452,0.0,0.06452,0.06452,0.06452,0.03226,0.0,0.0,0.06452,0.0,0.0,0.0,0.12903,0.06452,0.0,0.03226,0.0,0.06452,0.03226,150,16,14,2,0,0,0,0,0,0,0,-1,0,0,,36-119,9,,10.0,-1,0,0,,34-117,2,,10.0,-1,0,0,,75-85,2,,10.0,84,1,5,,,0,,0.0,50,2,10,,,0,,0.0,0,-1,0,0,,,0,,0.0,0,-1,0,0,,,0,,0.0,94,3,5,,,0,,0.0,"AspBridgex2(pos75-85,sev10); AspCleave(pos50,sev10); ProtTrypx9(pos36-119,sev10); MetOx(pos84,sev5); TrpOxx2(pos34-117,sev10); HydroPatch(pos94,sev5)",0.0,0.0,0.0,0.0,21.11404,1.66967,2.2625,11.28524,37.4817,False,False,True,True,0.0,23.63791,17.9702,0.17934,0.4348,0.17934,0.17934,0.19358,0.20006,0.60896,0.0,0.0,0.0,0.65839,0.60599,1.51453,12.79617,False,False,False,False,False,False,False,True,False,False,False,False,11828.81445,11200.98242,2,,1.66967,-18.06871,-27.7912,-17.9702,-21.11404,-1.66967,False,1,True,False,False,True,True,True,False,True,True,True,-1.7818004148220177,2.537881658260521,2.433332558077042,-2.1369079275805265,-1.4394370093747584,0.13196424064121373,-1.144264437357798,-0.00655126956088372,-1.1784768575075197,9.0,12.0,11.0,8.0,2.5,10.0,12.0,3,0.896551724137931
penguinpox_14,5,TVSGHDFSNYTISSDSYGYGTARADYSVSPSQLPQLTKESHFDY,EVQLVESGGGLVQPGGSLRLSCAATVSGHDFSNYTMGWFRQAPGKGRELVAAISSDSYGYGTYYPDSVEGRFTISRDNAKRMVYLQMNSLRAEDTAVYYCARADYSVSPSQLPQLTKESHFDYWGQGTQVTVSS,44,0.19276,17.3521,0.75448,23.01987,4,900.10352,46.9648,37.1628,0.65909,0.29545,0.04545,penguinpox_14.cif,335,0,335.0,335.0,0.0,0.06818,0.04545,0.0,0.20455,0.04545,0.09091,0.04545,0.02273,0.02273,0.09091,0.04545,0.0,0.04545,0.02273,0.02273,0.04545,0.04545,0.02273,0.11364,0.0,195,22,17,5,0,0,0,0,0,0,0,-1,0,0,,19-117,11,,10.0,-1,0,0,,38-124,2,,10.0,-1,0,0,,78-88,2,,10.0,-1,0,0,,36-87,3,,5.0,-1,0,0,,56-66,2,,10.0,0,-1,0,0,,,0,,0.0,0,-1,0,0,,,0,,0.0,-1,0,0,,83-97,2,,5.0,"AspBridgex2(pos78-88,sev10); AspCleavex2(pos56-66,sev10); ProtTrypx11(pos19-117,sev10); MetOxx3(pos36-87,sev5); TrpOxx2(pos38-124,sev10); HydroPatchx2(pos83-97,sev5)",0.0,0.0,0.0,0.0,23.01987,2.128,4.518,9.9528,35.24741,False,False,False,True,0.0,23.53885,17.3521,0.18357,0.41125,0.18357,0.18357,0.18357,0.19276,0.59038,0.0,0.0,0.0,0.65115,0.57908,1.64588,13.21348,False,False,False,False,False,False,False,True,False,False,False,False,12435.02734,11534.92383,0,,2.128,-17.3521,-37.1628,-17.3521,-23.01987,-2.128,False,1,True,False,False,True,True,True,True,True,True,True,-1.8760388351486788,2.375211697005471,2.2478929850344094,-0.8982157330937729,-0.9106079904633665,-0.9109110110510453,-0.695507473514706,-0.06872249997613752,-1.174530388672141,12.0,16.0,9.0,4.0,11.0,4.5,16.0,4,0.8620689655172413
penguinpox_18,6,SGFSVPFSNSGINSKGTAANGSSGAGGDDEDAFDY,EVQLVESGGGLVQPGGSLRLSCAASGFSVPFSNSGMGWFRQAPGKGRELVAAINSKGTYYPDSVEGRFTISRDNAKRMVYLQMNSLRAEDTAVYYCAANGSSGAGGDDEDAFDYWGQGTQVTVSS,35,0.14612,19.82214,0.75342,21.48687,5,812.98438,44.8814,30.7133,0.71429,0.17143,0.11429,penguinpox_18.cif,326,0,326.0,326.0,0.0,0.2,0.11429,0.0,0.2,0.02857,0.02857,0.02857,0.02857,0.08571,0.11429,0.0,0.0,0.0,0.02857,0.02857,0.0,0.08571,0.0,0.02857,0.0,205,23,18,5,0,0,0,0,0,0,0,-1,0,0,,19-87,10,,10.0,-1,0,0,,38-115,2,,10.0,-1,0,0,,33-99,5,,10.0,-1,0,0,,36-83,3,,5.0,62,2,10,,,0,,0.0,0,-1,0,0,,,0,,0.0,0,-1,0,0,,,0,,0.0,-1,0,0,,79-93,2,,5.0,"AspBridgex5(pos33-99,sev10); AspCleave(pos62,sev10); ProtTrypx10(pos19-87,sev10); MetOxx3(pos36-83,sev5); TrpOxx2(pos38-115,sev10); HydroPatchx2(pos79-93,sev5)",0.0,0.0,0.0,0.0,21.48687,4.21192,2.86161,17.45033,32.45031,False,False,False,False,0.0,25.62779,19.82214,0.13224,0.41656,0.13224,0.13224,0.13735,0.14612,0.59943,0.0,0.0,0.0,0.64965,0.58115,1.60834,12.81625,False,False,False,False,False,False,False,True,False,False,False,False,12342.54297,11529.55859,4,,4.21192,-19.82214,-30.7133,-19.82214,-21.48687,-4.21192,False,1,True,False,False,False,True,True,True,True,True,True,-2.3111736790546007,2.3499286824995522,2.8870735197718873,-1.7506790593499422,-1.079818249439083,1.1748394923334728,-0.47112899159316013,-0.007758159029517735,-1.6093131430306848,17.0,17.0,15.0,2.5,1.5,6.0,17.0,5,0.8275862068965517
penguinpox_24,7,SGSATGGIGPGGTAAGGSGGGGDDESGYDY,EVQLVESGGGLVQPGGSLRLSCAASGSATGGMGWFRQAPGKGRELVAAIGPGGTYYPDSVEGRFTISRDNAKRMVYLQMNSLRAEDTAVYYCAAGGSGGGGDDESGYDYWGQGTQVTVSS,30,0.20624,16.15718,0.75142,21.42428,2,900.6084,41.6669,16.8898,0.76667,0.1,0.13333,penguinpox_24.cif,321,0,321.0,321.0,0.0,0.43333,0.1,0.0,0.13333,0.03333,0.06667,0.0,0.03333,0.0,0.1,0.0,0.0,0.0,0.03333,0.0,0.0,0.0,0.0,0.06667,0.0,165,19,14,5,0,0,0,0,0,0,0,-1,0,0,,19-83,9,,10.0,-1,0,0,,34-110,2,,10.0,-1,0,0,,70-80,2,,10.0,-1,0,0,,32-79,3,,5.0,58,2,10,,,0,,0.0,0,-1,0,0,,,0,,0.0,0,-1,0,0,,,0,,0.0,-1,0,0,,75-89,2,,5.0,"AspBridgex2(pos70-80,sev10); AspCleave(pos58,sev10); ProtTrypx9(pos19-83,sev10); MetOxx3(pos32-79,sev5); TrpOxx2(pos34-110,sev10); HydroPatchx2(pos75-89,sev5)",0.0,0.0,0.0,0.0,21.42428,3.59839,1.2283,8.0414,32.22482,False,False,False,True,0.0,22.88848,16.15718,0.17083,0.4413,0.17083,0.17083,0.18377,0.20624,0.61677,0.0,0.0,0.0,0.64695,0.56993,1.63889,11.32919,False,False,False,False,False,False,False,True,False,False,False,False,12068.6582,11168.0498,0,,3.59839,-16.15718,-16.8898,-16.15718,-21.42428,-3.59839,False,1,True,False,False,False,True,True,False,True,True,True,-1.8741559496276667,2.302224881544992,1.9386795291517087,-3.5778015945080415,-0.9096273692640335,-0.9109110110510453,-1.144264437357798,-0.0005881987150470833,-1.0646892152027518,6.0,18.0,7.0,8.0,11.0,4.0,18.0,6,0.7931034482758621
penguinpox_26,8,GHGSYSGSLTRGPFGKTSAADPSSWDY,EVQLVESGGGLVQPGGSLRLSCAASGHGAMGWLRQAPGKEREFVAAISYSGSTYYADSVKGRFTISRDNSKNTLYLQMNSLRPEDTAVYYCATLTRGPFGKTSAADPSSWDYWGQGTLVTVSS,27,0.14651,20.7964,0.7719,12.94076,2,616.04785,46.6434,30.5931,0.74074,0.25926,0.0,penguinpox_26.cif,324,0,324.0,324.0,0.0,0.18519,0.07407,0.0,0.22222,0.07407,0.07407,0.0,0.0,0.0,0.07407,0.03704,0.0,0.0,0.0,0.03704,0.03704,0.03704,0.03704,0.07407,0.03704,200,22,18,4,0,0,0,0,0,0,0,-1,0,0,,19-101,11,,10.0,-1,0,0,,32-113,3,,10.0,-1,0,0,,69-79,2,,10.0,-1,0,0,,30-78,2,,5.0,-1,0,0,,57-106,2,,10.0,0,-1,0,0,,,0,,0.0,0,-1,0,0,,,0,,0.0,-1,0,0,,74-88,2,,5.0,"AspBridgex2(pos69-79,sev10); AspCleavex2(pos57-106,sev10); ProtTrypx11(pos19-101,sev10); MetOxx2(pos30-78,sev5); TrpOxx3(pos32-113,sev10); HydroPatchx2(pos74-88,sev5)",0.0,0.0,0.0,0.0,12.94076,1.1861,5.09691,9.50388,31.62937,False,False,True,True,0.0,25.74398,20.7964,0.11679,0.42755,0.11679,0.11679,0.15416,0.14651,0.62629,0.0,0.0,0.0,0.65761,0.60596,1.55883,13.36085,False,False,False,False,False,False,False,True,False,False,False,False,11990.07617,11374.02832,0,,1.1861,-20.7964,-30.5931,-20.7964,-12.94076,-1.1861,False,1,True,False,False,True,True,True,True,True,True,True,-2.1529171510135243,2.790711803319693,3.1391860474124655,-1.7665665067204348,-1.4623252535610125,-0.9109110110510453,-1.144264437357798,-0.09065276933171251,-1.5586989187064575,16.0,8.0,18.0,8.0,11.0,10.5,18.0,6,0.7586206896551724
penguinpox_03,9,GSFYKGSKSDTIGTDYSDTSKYKY,EVQLVESGGGLVQPGGSLRLSCAASGSFYAMGWLRQAPGKEREFVAAIKGSKTYYADSVKGRFTISRDNSKNTLYLQMNSLRPEDTAVYYCATSDTIGTDYSDTSKYKYWGQGTLVTVSS,24,0.1406,19.94506,0.77666,14.97947,2,564.08887,45.6649,25.7454,0.79167,0.125,0.08333,penguinpox_03.cif,321,0,321.0,321.0,0.0,0.125,0.0,0.0,0.20833,0.0,0.125,0.0,0.04167,0.0,0.125,0.0,0.0,0.0,0.0,0.16667,0.0,0.04167,0.0,0.16667,0.0,200,22,18,4,0,0,0,0,0,0,0,-1,0,0,,19-108,13,,10.0,-1,0,0,,33-110,2,,10.0,-1,0,0,,69-79,2,,10.0,-1,0,0,,31-78,2,,5.0,57,2,10,,,0,,0.0,0,-1,0,0,,,0,,0.0,0,-1,0,0,,,0,,0.0,-1,0,0,,74-88,2,,5.0,"AspBridgex2(pos69-79,sev10); AspCleave(pos57,sev10); ProtTrypx13(pos19-108,sev10); MetOxx2(pos31-78,sev5); TrpOxx2(pos33-110,sev10); HydroPatchx2(pos74-88,sev5)",0.0,0.0,0.0,0.0,14.97947,2.14993,1.73425,15.78261,29.12179,False,False,False,True,0.0,25.59672,19.94506,0.12792,0.44209,0.12792,0.12792,0.13779,0.1406,0.64197,0.0,0.0,0.0,0.66203,0.61934,1.43069,13.39256,False,False,False,False,False,False,False,True,False,False,False,False,11956.02148,11391.93262,1,,2.14993,-19.94506,-25.7454,-19.94506,-14.97947,-2.14993,False,1,True,False,False,True,True,True,True,True,True,True,-2.307031330908374,2.904246849591547,2.9188819404168695,-2.407311753125898,-1.563244436899072,-0.3894733852049158,-1.144264437357798,-0.08451982969660057,-1.509515938611788,18.0,6.0,16.0,8.0,5.5,12.5,18.0,6,0.7241379310344828
penguinpox_22,10,GGTLSGIGAYTGGNGGVYNGDYGTESQFGY,EVQLVESGGGLVQPGGSLRLSCAASGGTLSGMAWYRQAPGKGRELVAGIGAYTSYADSVKGRFTISRDNAKNTLYLQMNSLRPEDTAVYYCAGGNGGVYNGDYGTESQFGYWGQGTLVTVSS,30,0.15298,20.01463,0.75104,17.59145,0,682.34766,44.9544,31.8353,0.83333,0.1,0.06667,penguinpox_22.cif,323,0,323.0,323.0,0.0,0.36667,0.03333,0.0,0.06667,0.0,0.1,0.03333,0.03333,0.06667,0.03333,0.03333,0.0,0.03333,0.03333,0.0,0.0,0.03333,0.0,0.13333,0.0,180,20,16,4,0,0,0,0,0,0,0,-1,0,0,,19-82,9,,10.0,-1,0,0,,34-112,2,,10.0,-1,0,0,,69-100,4,,10.0,-1,0,0,,32-78,2,,5.0,57,2,10,,,0,,0.0,0,-1,0,0,,,0,,0.0,0,-1,0,0,,,0,,0.0,-1,0,0,,74-88,2,,5.0,"AspBridgex4(pos69-100,sev10); AspCleave(pos57,sev10); ProtTrypx9(pos19-82,sev10); MetOxx2(pos32-78,sev5); TrpOxx2(pos34-112,sev10); HydroPatchx2(pos74-88,sev5)",0.0,0.0,0.0,0.0,17.59145,3.9194,3.82952,19.95743,35.27462,False,False,False,True,0.0,25.60138,20.01463,0.12032,0.4059,0.12032,0.12032,0.15161,0.15298,0.59341,0.0,0.0,0.0,0.63635,0.56782,1.71994,12.96437,False,False,False,False,False,False,False,True,False,False,False,False,11210.48828,10528.14062,0,,3.9194,-20.01463,-31.8353,-20.01463,-17.59145,-3.9194,False,1,True,False,False,False,True,True,False,True,True,True,-2.17692394140643,2.2931611593636267,2.9368848026384065,-1.6023785938782897,-1.333552081326521,-0.9109110110510453,-1.5930214012008896,-0.0009405576046811644,-1.5868912657452092,14.0,19.0,17.0,14.5,11.0,8.0,19.0,7,0.6896551724137931
penguinpox_23,11,GSSSNGGTYDSNGSASASFPLAGAWGQG,EVQLVESGGGVVQPGNSLRLSCAASGSSSNGMSWVRQAPGKGLEWVSSIGGTYDSNTLYADSVKGRFTISRDNAKTTLYLQMNSLRPEDTALYYCTIGSASASFPLAGAWGQGTLVTVSS,28,0.21252,17.42929,0.7471,10.15205,3,635.5127,47.735,27.3734,1.0,0.0,0.0,penguinpox_23.cif,321,0,321.0,321.0,0.0,0.25,0.14286,0.0,0.25,0.03571,0.03571,0.0,0.0,0.07143,0.03571,0.03571,0.0,0.03571,0.0,0.0,0.0,0.03571,0.0,0.03571,0.03571,190,21,17,4,0,0,0,0,0,0,0,-1,0,0,,19-86,8,,10.0,-1,0,0,,34-110,3,,10.0,-1,0,0,,16-83,4,,10.0,-1,0,0,,32-82,2,,5.0,-1,0,0,,54-61,2,,10.0,0,-1,0,0,,,0,,0.0,0,-1,0,0,,,0,,0.0,-1,0,0,,78-92,2,,5.0,"AspBridgex4(pos16-83,sev10); AspCleavex2(pos54-61,sev10); ProtTrypx8(pos19-86,sev10); MetOxx2(pos32-82,sev5); TrpOxx3(pos34-110,sev10); HydroPatchx2(pos78-92,sev5)",0.0,0.0,0.0,0.0,10.15205,5.45093,2.35098,11.28074,13.53607,False,False,False,False,0.0,23.78188,17.17862,0.17803,0.44066,0.17803,0.17803,0.19933,0.21252,0.61882,0.0,0.0,0.0,0.63584,0.55184,1.63005,11.21957,False,False,False,False,False,False,False,False,False,False,False,False,11943.59277,11308.08008,1,,5.45093,-17.42929,-27.3734,-17.17862,-10.15205,-5.45093,False,1,True,False,False,False,True,True,True,True,True,True,-1.7276674560929166,2.1991846714831413,2.2678677002116485,-2.1921306855787943,-1.4245189539416239,-0.3894733852049158,-0.919885955436252,-0.006577902604002671,-1.1583771282251978,4.0,22.0,10.0,6.0,5.5,9.5,22.0,8,0.6551724137931034
penguinpox_20,12,GYGRLESSGGALRSPDGFEY,EVQLVESGGGLVQPGGSLRLSCAASGYGAMGWLRQAPGKEREFVAAIRLETYYADSVKGRFTISRDNSKNTLYLQMNSLRPEDTAVYYCATSSGGALRSPDGFEYWGQGTLVTVSS,20,0.13013,21.51819,0.75593,13.19916,3,378.17383,48.0738,31.4,1.0,0.0,0.0,penguinpox_20.cif,317,0,317.0,317.0,0.0,0.25,0.05,0.0,0.15,0.05,0.0,0.0,0.0,0.0,0.05,0.1,0.0,0.0,0.1,0.0,0.0,0.05,0.1,0.1,0.0,190,21,17,4,0,0,0,0,0,0,0,-1,0,0,,19-98,11,,10.0,-1,0,0,,32-106,2,,10.0,-1,0,0,,67-77,2,,10.0,-1,0,0,,30-76,2,,5.0,-1,0,0,,55-101,2,,10.0,0,-1,0,0,,,0,,0.0,0,-1,0,0,,,0,,0.0,-1,0,0,,72-86,2,,5.0,"AspBridgex2(pos67-77,sev10); AspCleavex2(pos55-101,sev10); ProtTrypx11(pos19-98,sev10); MetOxx2(pos30-76,sev5); TrpOxx2(pos32-106,sev10); HydroPatchx2(pos72-86,sev5)",0.0,0.0,0.0,0.0,13.19916,1.3444,2.14098,12.67662,26.09595,False,False,True,True,0.0,25.9284,21.51819,0.11365,0.43218,0.11365,0.11365,0.12167,0.13013,0.62203,0.0,0.0,0.0,0.64432,0.61251,1.55631,12.83042,False,False,False,False,False,False,False,True,False,False,False,False,12174.98438,11796.81055,2,,1.3444,-21.51819,-31.4,-21.51819,-13.19916,-1.3444,False,1,True,False,False,True,True,True,True,True,True,True,-2.458791903901958,2.4097969526975263,3.3259660664276094,-1.659914416177586,-1.9243445587079044,0.13196424064121373,-0.919885955436252,-0.10050620418575805,-1.8319437975923214,20.0,15.0,22.0,6.0,2.5,15.0,22.0,8,0.6206896551724138
penguinpox_11,13,GGSLSTPGTSRDLDGEATRGSSYLSTAAENAEAAKDESAFDYW,EVQLVESGGGLVQAGGSLSISCAASGGSLSTPGTVLGWFRQAPGKEREFVAAISRDLDGEATTIGPPNVEGRFTISRDNAKNTGYLQMNSLAPDDTAVYYCGAGRGSSYLSTAAENAEAAKDESAFDYWGRGTQVTVSS,43,0.19043,18.17935,0.74593,19.5067,4,1185.49316,43.5126,33.4797,0.62791,0.23256,0.13953,penguinpox_11.cif,340,0,340.0,340.0,0.0,0.11628,0.16279,0.0,0.16279,0.02326,0.09302,0.0,0.0,0.02326,0.09302,0.06977,0.0,0.0,0.09302,0.02326,0.0,0.02326,0.04651,0.04651,0.02326,170,18,16,2,0,0,0,0,0,0,0,-1,0,0,,40-131,10,,10.0,-1,0,0,,38-129,2,,10.0,-1,0,0,,79-116,3,,10.0,88,1,5,,,0,,0.0,58,2,10,,,0,,0.0,0,-1,0,0,,,0,,0.0,0,-1,0,0,,,0,,0.0,98,3,5,,,0,,0.0,"AspBridgex3(pos79-116,sev10); AspCleave(pos58,sev10); ProtTrypx10(pos40-131,sev10); MetOx(pos88,sev5); TrpOxx2(pos38-129,sev10); HydroPatch(pos98,sev5)",0.0,0.0,0.0,0.0,19.5067,2.18063,2.22985,16.0981,41.29081,False,False,False,True,0.0,23.33248,18.17935,0.18956,0.41947,0.18956,0.18956,0.18956,0.19043,0.60877,0.0,0.0,0.0,0.64507,0.56159,1.68997,13.46309,False,False,False,False,False,False,False,False,False,False,False,False,12133.42383,10947.93066,4,,2.18063,-18.17935,-33.4797,-18.17935,-19.5067,-2.18063,False,1,True,False,False,True,True,True,True,True,True,True,-1.819646413794363,2.171277947924723,2.4619632419377706,-1.385029854643365,-0.356299776523393,1.1748394923334728,-0.695507473514706,-0.05954395799732355,-1.2783882727079088,13.0,23.0,12.0,4.0,1.5,2.0,23.0,9,0.5862068965517242
penguinpox_09,14,SGSFTFSSYAISPDGSYTARHGTAGVQGLSTDTSDWSY,EVQLVESGGGLVQPGGSLRLSCAASGSFTFSSYAMGWFRQAPGKGRELVAAISPDGSYTYYPDSVEGRFTISRDNAKRMVYLQMNSLRAEDTAVYYCARHGTAGVQGLSTDTSDWSYWGQGTQVTVSS,38,0.12898,21.81372,0.76381,21.3916,6,866.39746,47.2969,37.7357,0.73684,0.15789,0.10526,penguinpox_09.cif,329,0,329.0,329.0,0.0,0.13158,0.07895,0.0,0.23684,0.02632,0.13158,0.02632,0.02632,0.0,0.07895,0.02632,0.0,0.02632,0.0,0.0,0.02632,0.05263,0.02632,0.07895,0.02632,195,22,17,5,0,0,0,0,0,0,0,-1,0,0,,19-99,10,,10.0,-1,0,0,,37-118,3,,10.0,-1,0,0,,75-85,2,,10.0,-1,0,0,,35-84,3,,5.0,-1,0,0,,55-63,2,,10.0,0,-1,0,0,,,0,,0.0,0,-1,0,0,,,0,,0.0,-1,0,0,,80-94,2,,5.0,"AspBridgex2(pos75-85,sev10); AspCleavex2(pos55-63,sev10); ProtTrypx10(pos19-99,sev10); MetOxx3(pos35-84,sev5); TrpOxx3(pos37-118,sev10); HydroPatchx2(pos80-94,sev5)",0.0,0.0,0.0,0.0,21.3916,0.68213,4.19349,15.00347,40.81318,False,False,True,True,0.0,26.10161,21.81372,0.11756,0.40746,0.11756,0.11756,0.12042,0.12898,0.6035,0.0,0.0,0.0,0.66338,0.60997,1.60504,13.66961,False,False,False,False,False,False,False,True,False,False,False,False,11705.55176,10839.1543,2,,0.68213,-21.81372,-37.7357,-21.81372,-21.3916,-0.68213,False,1,True,False,False,True,True,True,True,True,True,True,-2.470559938408284,2.597749928458495,3.402441355666231,-0.8224926166332467,-0.976074788478717,0.13196424064121373,-0.2467505096716142,-0.09440855755509237,-1.8296505319381073,22.0,9.0,23.0,1.5,2.5,5.0,23.0,9,0.5517241379310345
penguinpox_08,15,GGTPSTSSGSTPTPSDDSAYKNEGFYEYW,EVQLVESGGGLVQAGGSLSISCAASGGTPSVLGWFRQAPGKEREFVAAITSSGSTTIGPPNVEGRFTISRDNAKNTGYLQMNSLAPDDTAVYYCGAGPTPSDDSAYKNEGFYEYWGRGTQVTVSS,29,0.12578,21.47174,0.77412,20.45102,5,686.31055,43.4899,30.3306,0.72414,0.27586,0.0,penguinpox_08.cif,326,0,326.0,326.0,0.0,0.13793,0.03448,0.0,0.2069,0.10345,0.13793,0.0,0.0,0.03448,0.06897,0.0,0.0,0.0,0.06897,0.03448,0.0,0.03448,0.0,0.10345,0.03448,140,15,13,2,0,0,0,0,0,0,0,-1,0,0,,36-117,8,,10.0,-1,0,0,,34-115,2,,10.0,-1,0,0,,72-82,2,,10.0,81,1,5,,,0,,0.0,103,2,10,,,0,,0.0,0,-1,0,0,,,0,,0.0,0,-1,0,0,,,0,,0.0,91,3,5,,,0,,0.0,"AspBridgex2(pos72-82,sev10); AspCleave(pos103,sev10); ProtTrypx8(pos36-117,sev10); MetOx(pos81,sev5); TrpOxx2(pos34-115,sev10); HydroPatch(pos91,sev5)",0.0,0.0,0.0,0.0,20.45102,0.79144,1.32813,24.23149,45.16581,False,False,True,True,0.0,26.28708,21.47174,0.11279,0.421,0.11279,0.11279,0.11882,0.12578,0.61628,0.0,0.0,0.0,0.67656,0.63344,1.57287,13.69405,False,False,False,False,False,False,False,True,False,False,False,False,11913.94727,11227.63672,2,,0.79144,-21.47174,-30.3306,-21.47174,-20.45102,-0.79144,False,1,True,False,False,True,True,True,True,True,True,True,-2.485623022576382,2.843663022379255,3.313946044145154,-1.8012624712358614,-1.3258550167871754,0.13196424064121373,-0.47112899159316013,-0.09092208335447177,-1.7510950222127633,23.0,7.0,20.0,2.5,2.5,7.5,23.0,9,0.5172413793103448
penguinpox_19,16,GAKNVGNIDPGGSTAYASGGLTEGSTLA,EVQLVESGGGLVQPGGSLRLSCAASGAKNVGNMAWYRQAPGKGRELVAGIDPGGSTSYADSVKGRFTISRDNAKNTLYLQMNSLRPEDTAVYYCAAYASGGLTEGSTLAWGQGTLVTVSS,28,0.15074,19.24589,0.74491,12.39542,5,932.25781,43.8266,27.5938,0.75,0.0,0.25,penguinpox_19.cif,321,0,321.0,321.0,0.0,0.25,0.14286,0.0,0.10714,0.03571,0.10714,0.03571,0.03571,0.07143,0.03571,0.07143,0.0,0.0,0.03571,0.03571,0.0,0.0,0.0,0.03571,0.0,180,20,16,4,0,0,0,0,0,0,0,-1,0,0,,19-85,10,,10.0,-1,0,0,,35-110,2,,10.0,-1,0,0,,72-82,2,,10.0,-1,0,0,,33-81,2,,5.0,-1,0,0,,51-60,2,,10.0,0,-1,0,0,,,0,,0.0,0,-1,0,0,,,0,,0.0,-1,0,0,,77-91,2,,5.0,"AspBridgex2(pos72-82,sev10); AspCleavex2(pos51-60,sev10); ProtTrypx10(pos19-85,sev10); MetOxx2(pos33-81,sev5); TrpOxx2(pos35-110,sev10); HydroPatchx2(pos77-91,sev5)",0.0,0.0,0.0,0.0,12.39542,2.61054,5.32633,16.40185,21.31084,False,False,False,True,0.0,24.57271,19.24589,0.13467,0.40207,0.13467,0.13467,0.13467,0.15074,0.57469,0.0,0.0,0.0,0.65738,0.56354,1.74633,13.12261,False,False,False,False,False,False,False,False,False,False,False,False,11720.67969,10788.42188,0,,2.61054,-19.24589,-27.5938,-19.24589,-12.39542,-2.61054,False,1,True,False,False,False,True,True,True,True,True,True,-2.336404345036164,2.146949009437897,2.7379553746639247,-2.162999292896127,-0.848155173113697,-0.9109110110510453,-0.47112899159316013,-0.008533450939917614,-1.6003540859924563,15.0,24.0,14.0,2.5,11.0,3.5,24.0,10,0.48275862068965514
penguinpox_00,17,GTSGITLNNINYDGSTATTVGRVNIPTDESYYDY,EVQLVESGGGLVQPGGSLRLSCAASGTSGITLNNMAWYRQAPGKGRELVAGINYDGSTSYADSVKGRFTISRDNAKNTLYLQMNSLRPEDTAVYYCAATTVGRVNIPTDESYYDYWGQGTLVTVSS,34,0.13273,21.9727,0.79102,22.98055,2,848.28613,45.9055,35.7253,0.85294,0.08824,0.05882,penguinpox_00.cif,327,0,327.0,327.0,0.0,0.11765,0.02941,0.0,0.08824,0.02941,0.17647,0.05882,0.08824,0.11765,0.08824,0.02941,0.0,0.0,0.02941,0.0,0.0,0.0,0.02941,0.11765,0.0,180,20,16,4,0,0,0,0,0,0,0,-1,0,0,,19-103,10,,10.0,-1,0,0,,37-116,2,,10.0,-1,0,0,,74-84,2,,10.0,-1,0,0,,35-83,2,,5.0,-1,0,0,,55-62,2,,10.0,0,-1,0,0,,,0,,0.0,0,-1,0,0,,,0,,0.0,-1,0,0,,79-93,2,,5.0,"AspBridgex2(pos74-84,sev10); AspCleavex2(pos55-62,sev10); ProtTrypx10(pos19-103,sev10); MetOxx2(pos35-83,sev5); TrpOxx2(pos37-116,sev10); HydroPatchx2(pos79-93,sev5)",0.0,0.0,0.0,0.0,22.98055,1.56963,3.62139,8.21192,37.8979,False,False,True,True,0.0,25.99403,21.46563,0.12656,0.41904,0.12656,0.12656,0.12656,0.13273,0.61461,0.0,0.0,0.0,0.65398,0.58377,1.6058,14.5307,False,False,False,False,False,False,False,True,False,False,False,False,12822.03223,11973.74609,1,,1.56963,-21.9727,-35.7253,-21.46563,-22.98055,-1.56963,False,1,True,False,False,True,True,True,True,True,True,True,-2.4127553529132095,3.24676014044529,3.443581143448034,-1.0882174435353953,-1.0112521655705324,-0.3894733852049158,-1.144264437357798,-0.09419257199462655,-1.693182570455439,19.0,3.0,24.0,8.0,5.5,5.5,24.0,10,0.4482758620689655
penguinpox_21,18,GFNFGYGGGTGSGGRGGGTKYLGQG,EVQLVESGGGVVQPGNSLRLSCAASGFNFGYGMSWVRQAPGKGLEWVSSIGGGTGSGGTLYADSVKGRFTISRDNAKTTLYLQMNSLRPEDTALYYCTIRGGGTKYLGQGTLVTVSS,25,0.23302,14.84293,0.74258,22.41678,3,592.93359,47.63,24.8626,0.88,0.12,0.0,penguinpox_21.cif,318,0,318.0,318.0,0.0,0.52,0.0,0.0,0.04,0.0,0.08,0.0,0.0,0.04,0.0,0.04,0.0,0.04,0.0,0.04,0.0,0.08,0.04,0.08,0.0,180,20,16,4,0,0,0,0,0,0,0,-1,0,0,,19-105,10,,10.0,-1,0,0,,35-46,2,,10.0,-1,0,0,,16-85,3,,10.0,-1,0,0,,33-84,2,,5.0,63,2,10,,,0,,0.0,0,-1,0,0,,,0,,0.0,0,-1,0,0,,,0,,0.0,-1,0,0,,80-94,2,,5.0,"AspBridgex3(pos16-85,sev10); AspCleave(pos63,sev10); ProtTrypx10(pos19-105,sev10); MetOxx2(pos33-84,sev5); TrpOxx2(pos35-46,sev10); HydroPatchx2(pos80-94,sev5)",0.0,0.0,0.0,0.0,22.41678,3.88161,1.21867,12.13813,49.2493,False,False,False,True,0.0,22.43431,14.3522,0.19934,0.47808,0.19934,0.19934,0.2267,0.23302,0.65762,0.00452,0.00483,0.00452,0.6561,0.59295,1.42037,9.69514,False,False,False,False,False,False,False,False,False,False,False,False,11839.53711,11246.60352,1,,3.88161,-14.84293,-24.8626,-14.3522,-22.41678,-3.88161,False,1,True,False,False,False,True,True,False,True,True,True,-1.4699945725423955,2.091374081325835,1.598586648964048,-2.523995933980064,-1.5072197500015427,-0.3894733852049158,-0.919885955436252,-0.0004799083505983473,-0.8091576723374103,2.0,25.0,2.0,6.0,5.5,11.0,25.0,11,0.4137931034482759
penguinpox_16,19,GVSSSSSGGTPPRAPGGGASAGKAANPSYFGY,EVQLVESGGGLVQPGGSLRLSCAASGVSSSSAMGWLRQAPGKEREFVAAISGGTPPRTYYADSVKGRFTISRDNSKNTLYLQMNSLRPEDTAVYYCATAPGGGASAGKAANPSYFGYWGQGTLVTVSS,32,0.12565,22.15538,0.748,10.3854,1,664.96777,43.6464,21.07,0.75,0.25,0.0,penguinpox_16.cif,329,0,329.0,329.0,0.0,0.25,0.15625,0.0,0.21875,0.125,0.03125,0.03125,0.0,0.03125,0.0,0.0,0.0,0.0,0.0,0.03125,0.0,0.03125,0.03125,0.0625,0.0,180,20,16,4,0,0,0,0,0,0,0,-1,0,0,,19-108,11,,10.0,-1,0,0,,35-118,2,,10.0,-1,0,0,,74-84,2,,10.0,-1,0,0,,33-83,2,,5.0,62,2,10,,,0,,0.0,0,-1,0,0,,,0,,0.0,0,-1,0,0,,,0,,0.0,-1,0,0,,79-93,2,,5.0,"AspBridgex2(pos74-84,sev10); AspCleave(pos62,sev10); ProtTrypx11(pos19-108,sev10); MetOxx2(pos33-83,sev5); TrpOxx2(pos35-118,sev10); HydroPatchx2(pos79-93,sev5)",0.0,0.0,0.0,0.0,10.3854,4.00101,6.12833,9.30952,20.21053,False,False,False,False,0.0,26.49769,22.15538,0.11466,0.41855,0.11466,0.11466,0.12824,0.12565,0.62184,0.0,0.0,0.0,0.65823,0.62379,1.61231,13.17215,False,False,False,False,False,False,False,False,False,False,False,False,10373.73145,9708.76367,2,,4.00101,-22.15538,-21.07,-22.15538,-10.3854,-4.00101,False,1,True,False,False,False,True,True,True,True,True,True,-2.3969391145367074,2.2206513819126936,3.490853859714104,-3.0252832292989495,-1.3673087929730026,0.13196424064121373,-1.3686429192793437,-0.010050355716487325,-1.910986913317786,24.0,21.0,25.0,13.0,2.5,8.5,25.0,11,0.3793103448275862
penguinpox_02,20,GHNYRGSGPYASTDTSYFAY,EVQLVESGGGLVQPGGSLRLSCAASGHNAMGWLRQAPGKEREFVAAIYRGSTYYADSVKGRFTISRDNSKNTLYLQMNSLRPEDTAVYYCATGPYASTDTSYFAYWGQGTLVTVSS,20,0.12555,21.48322,0.7636,14.51327,2,696.39941,46.8576,26.978,0.75,0.15,0.1,penguinpox_02.cif,317,0,317.0,317.0,0.0,0.15,0.1,0.0,0.15,0.05,0.1,0.0,0.0,0.05,0.05,0.0,0.0,0.0,0.0,0.0,0.05,0.05,0.05,0.2,0.0,180,20,16,4,0,0,0,0,0,0,0,-1,0,0,,19-81,10,,10.0,-1,0,0,,32-106,2,,10.0,-1,0,0,,28-78,3,,10.0,-1,0,0,,30-77,2,,5.0,56,2,10,,,0,,0.0,0,-1,0,0,,,0,,0.0,0,-1,0,0,,,0,,0.0,-1,0,0,,73-87,2,,5.0,"AspBridgex3(pos28-78,sev10); AspCleave(pos56,sev10); ProtTrypx10(pos19-81,sev10); MetOxx2(pos30-77,sev5); TrpOxx2(pos32-106,sev10); HydroPatchx2(pos73-87,sev5)",0.0,0.0,0.0,0.0,14.51327,1.44146,7.53023,7.1356,29.27368,False,False,True,True,0.0,26.57109,21.48322,0.10419,0.42857,0.10419,0.10419,0.11665,0.12555,0.62044,0.0,0.0,0.0,0.65269,0.61356,1.54882,13.55133,False,False,False,False,False,False,False,True,False,False,False,False,12257.83496,11561.43555,1,,1.44146,-21.48322,-26.978,-21.48322,-14.51327,-1.44146,False,1,True,False,False,True,True,True,True,True,True,True,-2.5060523304793647,2.592741029358265,3.3169167622463935,-2.2443927212717454,-1.306259568377449,-0.3894733852049158,-1.144264437357798,-0.09862783752482981,-1.8106394312186502,25.0,10.0,21.0,8.0,5.5,7.0,25.0,11,0.3448275862068966
penguinpox_04,21,GGTPTYITSGGNTATVNDPVKGPTTY,EVQLVESGGGLVQPGGSLRLSCAASGGTPTYMAWYRQAPGKGRELVAGITSGGNTSYADSVKGRFTISRDNAKNTLYLQMNSLRPEDTAVYYCAATVNDPVKGPTTYWGQGTLVTVSS,26,0.13007,22.3639,0.74957,13.40517,1,578.55078,43.5375,26.4396,0.65385,0.0,0.34615,penguinpox_04.cif,319,0,319.0,319.0,0.0,0.19231,0.03846,0.0,0.03846,0.11538,0.26923,0.07692,0.03846,0.07692,0.03846,0.0,0.0,0.0,0.0,0.03846,0.0,0.0,0.0,0.07692,0.0,180,20,16,4,0,0,0,0,0,0,0,-1,0,0,,19-102,10,,10.0,-1,0,0,,34-108,2,,10.0,-1,0,0,,71-81,2,,10.0,-1,0,0,,32-80,2,,5.0,-1,0,0,,59-99,2,,10.0,0,-1,0,0,,,0,,0.0,0,-1,0,0,,,0,,0.0,-1,0,0,,76-90,2,,5.0,"AspBridgex2(pos71-81,sev10); AspCleavex2(pos59-99,sev10); ProtTrypx10(pos19-102,sev10); MetOxx2(pos32-80,sev5); TrpOxx2(pos34-108,sev10); HydroPatchx2(pos76-90,sev5)",0.0,0.0,0.0,0.0,13.40517,0.86488,6.23431,9.61445,29.02999,False,False,True,True,0.0,26.25337,21.93674,0.11141,0.42998,0.11141,0.11141,0.12146,0.13007,0.62245,0.0,0.0,0.0,0.64057,0.58996,1.61764,13.87254,False,False,False,False,False,False,False,False,False,False,False,False,12026.3125,11447.76172,1,,0.86488,-22.3639,-26.4396,-21.93674,-13.40517,-0.86488,False,1,True,False,False,True,True,True,True,True,True,True,-2.4607689336990206,2.258098865662023,3.5448132794415006,-2.3155557966816724,-1.535155276051255,-0.3894733852049158,-1.3686429192793437,-0.10766977514145631,-1.9506131121238037,21.0,20.0,26.0,13.0,5.5,12.0,26.0,12,0.31034482758620685
penguinpox_17,22,SGPTSAGISSDGSTTAAGTGGAGGGSSEKSLDY,EVQLVESGGGLVQPGGSLRLSCAASGPTSAGMGWFRQAPGKGRELVAAISSDGSTTYYPDSVEGRFTISRDNAKRMVYLQMNSLRAEDTAVYYCAAGTGGAGGGSSEKSLDYWGQGTQVTVSS,33,0.19967,18.27265,0.72715,19.90037,9,535.04688,41.7438,19.9112,0.84848,0.09091,0.06061,penguinpox_17.cif,324,0,324.0,324.0,0.0,0.27273,0.12121,0.0,0.24242,0.0303,0.12121,0.0,0.0303,0.0,0.06061,0.0303,0.0,0.0,0.0303,0.0303,0.0,0.0,0.0,0.0303,0.0,185,21,16,5,0,0,0,0,0,0,0,-1,0,0,,19-108,10,,10.0,-1,0,0,,34-113,2,,10.0,-1,0,0,,72-82,2,,10.0,-1,0,0,,32-81,3,,5.0,-1,0,0,,52-60,2,,10.0,0,-1,0,0,,,0,,0.0,0,-1,0,0,,,0,,0.0,-1,0,0,,77-91,2,,5.0,"AspBridgex2(pos72-82,sev10); AspCleavex2(pos52-60,sev10); ProtTrypx10(pos19-108,sev10); MetOxx3(pos32-81,sev5); TrpOxx2(pos34-113,sev10); HydroPatchx2(pos77-91,sev5)",0.0,0.0,0.0,0.0,19.90037,4.89151,3.8054,13.76069,36.9432,False,False,False,False,0.0,24.50179,17.55249,0.16752,0.42076,0.16752,0.16752,0.19089,0.19967,0.60711,0.0,0.0,0.0,0.66309,0.56844,1.78357,12.12524,False,False,False,False,False,False,False,False,False,False,False,False,10931.12695,10396.08008,0,,4.89151,-18.27265,-19.9112,-17.55249,-19.90037,-4.89151,False,1,True,False,False,False,True,True,True,True,True,True,-1.807125225079632,1.7233392569613992,2.486106795844188,-3.178447738557907,-1.6196522784947327,-0.9109110110510453,0.4263849360930235,-0.007085176146241931,-1.3726249569772482,10.0,27.0,13.0,1.0,11.0,13.5,27.0,13,0.27586206896551724
penguinpox_12,23,GDSSYTIYDISFKSNGSKVNYSSDNGYGKRSVY,EVQLVESGGGLVQPGGSLRLSCAASGDSSYTIYDMAWYRQAPGKGRELVAGISFKSNGSKSYADSVKGRFTISRDNAKNTLYLQMNSLRPEDTAVYYCAVNYSSDNGYGKRSVYWGQGTLVTVSS,33,0.12371,21.30233,0.73574,8.47326,2,444.49805,44.0234,30.3645,0.57576,0.09091,0.33333,penguinpox_12.cif,326,0,326.0,326.0,0.0,0.12121,0.0,0.0,0.24242,0.0,0.0303,0.06061,0.06061,0.09091,0.09091,0.0,0.0,0.0,0.0,0.09091,0.0,0.0303,0.0303,0.15152,0.0,235,26,21,5,0,0,0,0,0,0,0,-1,0,0,,19-111,13,,10.0,-1,0,0,,37-115,2,,10.0,-1,0,0,,57-106,4,,10.0,-1,0,0,,35-85,2,,5.0,-1,0,0,,27-64,2,,10.0,0,-1,0,0,,,0,,0.0,0,-1,0,0,,,0,,0.0,-1,0,0,,81-113,3,,5.0,"AspBridgex4(pos57-106,sev10); AspCleavex2(pos27-64,sev10); ProtTrypx13(pos19-111,sev10); MetOxx2(pos35-85,sev5); TrpOxx2(pos37-115,sev10); HydroPatchx3(pos81-113,sev5)",0.0,0.0,0.0,0.0,8.47326,3.34475,2.90561,12.56428,11.88591,False,False,False,True,0.0,26.57969,21.30233,0.10325,0.41351,0.10325,0.10325,0.12312,0.12371,0.61413,0.0,0.0,0.0,0.6584,0.62624,1.61252,12.57106,False,False,False,False,False,False,False,False,False,False,False,False,11817.3418,11372.84375,1,,3.34475,-21.30233,-30.3645,-21.30233,-8.47326,-3.34475,False,1,True,False,False,False,True,True,True,True,True,True,-2.4451409838746194,1.9282270820612364,3.270107250283566,-1.7967817352470121,-1.7955239752797119,-0.3894733852049158,-1.144264437357798,-0.01066438293668119,-1.9004538772510269,27.0,26.0,19.0,8.0,5.5,14.5,27.0,13,0.24137931034482762
penguinpox_27,24,GGSLSGGIGSGGNTGGGSATAESAGDVSAFGAW,EVQLVESGGGLVQAGGSLSISCAASGGSLSGGIVLGWFRQAPGKEREFVAAIGSGGNTTIGPPNVEGRFTISRDNAKNTGYLQMNSLAPDDTAVYYCGAGGGGSATAESAGDVSAFGAWGRGTQVTVSS,33,0.21246,15.4201,0.72594,20.63982,2,1172.28906,42.9048,29.3726,0.69697,0.30303,0.0,penguinpox_27.cif,330,0,330.0,330.0,0.0,0.36364,0.15152,0.0,0.18182,0.0,0.06061,0.0303,0.0303,0.0303,0.0303,0.0303,0.0,0.0,0.0303,0.0,0.0,0.0303,0.0,0.0,0.0303,125,14,11,3,0,0,0,0,0,0,0,-1,0,0,,39-121,7,,10.0,-1,0,0,,37-119,2,,10.0,-1,0,0,,75-85,2,,10.0,84,1,5,,,0,,0.0,-1,0,0,,,0,,0.0,0,-1,0,0,,,0,,0.0,0,-1,0,0,,,0,,0.0,-1,0,0,,33-94,2,,5.0,"AspBridgex2(pos75-85,sev10); ProtTrypx7(pos39-121,sev10); MetOx(pos84,sev5); TrpOxx2(pos37-119,sev10); HydroPatchx2(pos33-94,sev5)",0.0,0.0,0.0,0.0,20.63982,2.91483,8.49413,10.25026,33.45312,False,False,False,True,0.0,22.93246,15.4201,0.17182,0.43023,0.17182,0.17182,0.19195,0.21246,0.60001,0.0,0.0,0.0,0.64334,0.54226,1.84863,11.97079,False,False,False,False,False,False,False,False,False,False,False,False,12961.37695,11789.08789,0,,2.91483,-15.4201,-29.3726,-15.4201,-20.63982,-2.91483,False,1,True,False,False,False,True,True,False,True,True,True,-1.797145931818267,1.6944784573838916,1.7479428655574751,-1.9278862198293047,-0.38194591100705805,-0.9109110110510453,-1.144264437357798,-0.0006101779365291758,-1.0791398274735184,5.0,28.0,3.0,8.0,11.0,2.5,28.0,14,0.2068965517241379
penguinpox_25,25,SGVSDFSNTAISGSGGQTAAGGGASTNPSSWGA,EVQLVESGGGLVQPGGSLRLSCAASGVSDFSNTAMGWFRQAPGKGRELVAAISGSGGQTYYPDSVEGRFTISRDNAKRMVYLQMNSLRAEDTAVYYCAAGGGASTNPSSWGAWGQGTQVTVSS,33,0.12473,22.75328,0.78372,22.00526,4,587.94434,43.7402,26.1987,0.72727,0.18182,0.09091,penguinpox_25.cif,324,0,324.0,324.0,0.0,0.24242,0.15152,0.0,0.24242,0.0303,0.09091,0.0303,0.0303,0.06061,0.0303,0.0,0.0,0.0303,0.0,0.0,0.0,0.0303,0.0,0.0,0.0303,175,20,15,5,0,0,0,0,0,0,0,-1,0,0,,19-88,9,,10.0,-1,0,0,,37-113,3,,10.0,-1,0,0,,75-85,2,,10.0,-1,0,0,,35-84,3,,5.0,63,2,10,,,0,,0.0,0,-1,0,0,,,0,,0.0,0,-1,0,0,,,0,,0.0,-1,0,0,,80-94,2,,5.0,"AspBridgex2(pos75-85,sev10); AspCleave(pos63,sev10); ProtTrypx9(pos19-88,sev10); MetOxx3(pos35-84,sev5); TrpOxx3(pos37-113,sev10); HydroPatchx2(pos80-94,sev5)",0.0,0.0,0.0,0.0,22.00526,1.197,3.76964,11.98003,28.78498,False,False,True,True,0.0,26.59644,22.75328,0.11016,0.41736,0.11016,0.11016,0.11311,0.12473,0.61218,0.0,0.0,0.0,0.65052,0.59098,1.52643,13.8236,False,False,False,False,False,False,False,True,False,False,False,False,12301.72363,11713.7793,1,,1.197,-22.75328,-26.1987,-22.75328,-22.00526,-1.197,False,1,True,False,False,True,True,True,True,True,True,True,-2.5393794042012807,3.0726412669611447,3.6455744479311116,-2.3473967789741153,-1.5169102988820138,-0.3894733852049158,-0.695507473514706,-0.09961555046130277,-1.8594532874607281,26.0,5.0,28.0,4.0,5.5,11.5,28.0,14,0.1724137931034483
penguinpox_05,26,GFTLSNYSYSSNFIKTSDPSYLTNVDSYAY,EVQLVESGGGLVQPGGSLRLSCAASGFTLSNYAMGWLRQAPGKEREFVAAISYSTYYADSVKGRFTISRDNSKNTLYLQMNSLRPEDTAVYYCATSNFIKTSDPSYLTNVDSYAYWGQGTLVTVSS,30,0.12009,22.72136,0.79574,24.73776,0,560.75586,50.7524,40.6599,0.66667,0.33333,0.0,penguinpox_05.cif,327,0,327.0,327.0,0.0,0.03333,0.03333,0.0,0.23333,0.03333,0.1,0.03333,0.03333,0.1,0.06667,0.06667,0.0,0.0,0.0,0.03333,0.0,0.06667,0.0,0.16667,0.0,190,21,17,4,0,0,0,0,0,0,0,-1,0,0,,19-100,10,,10.0,-1,0,0,,36-116,2,,10.0,-1,0,0,,71-81,2,,10.0,-1,0,0,,34-80,2,,5.0,-1,0,0,,59-111,3,,10.0,0,-1,0,0,,,0,,0.0,0,-1,0,0,,,0,,0.0,-1,0,0,,76-90,2,,5.0,"AspBridgex2(pos71-81,sev10); AspCleavex3(pos59-111,sev10); ProtTrypx10(pos19-100,sev10); MetOxx2(pos34-80,sev5); TrpOxx2(pos36-116,sev10); HydroPatchx2(pos76-90,sev5)",0.0,0.0,0.0,0.0,24.73776,0.65691,4.15718,9.9766,34.38353,False,False,True,True,0.0,26.07416,22.72136,0.11998,0.41269,0.11998,0.11998,0.11998,0.12009,0.61013,0.0,0.0,0.0,0.65428,0.5888,1.53386,14.5261,False,False,False,False,False,False,False,True,False,False,False,False,12240.04395,11679.28809,2,,0.65691,-22.72136,-40.6599,-22.72136,-24.73776,-0.65691,False,1,True,False,False,True,True,True,True,True,True,True,-2.474702286554511,3.3593411106980544,3.637314402478884,-0.4359861806865391,-1.5697180945277938,0.13196424064121373,-1.5930214012008896,-0.10219983432577945,-1.772938453473747,28.0,2.0,27.0,14.5,2.5,13.0,28.0,14,0.13793103448275867
penguinpox_28,27,GHGGNSTSSDGGGGAGGGGGARSNMANPSSWWY,EVQLVESGGGLVQPGGSLRLSCAASGHGAMGWLRQAPGKEREFVAAIGNSTSSDTYYADSVKGRFTISRDNSKNTLYLQMNSLRPEDTAVYYCATGGGGAGGGGGARSNMANPSSWWYWGQGTLVTVSS,33,0.20081,16.04601,0.72104,13.14753,2,737.41211,43.4658,22.6372,0.72727,0.27273,0.0,penguinpox_28.cif,330,0,330.0,330.0,0.0,0.36364,0.09091,0.0,0.18182,0.0303,0.0303,0.0,0.0,0.09091,0.0303,0.0,0.0303,0.0,0.0,0.0,0.0303,0.0,0.0303,0.0303,0.06061,210,24,18,6,0,0,0,0,0,0,0,-1,0,0,,19-107,10,,10.0,-1,0,0,,32-119,4,,10.0,-1,0,0,,49-81,3,,10.0,-1,0,0,,30-110,3,,5.0,59,2,10,,,0,,0.0,0,-1,0,0,,,0,,0.0,0,-1,0,0,,,0,,0.0,-1,0,0,,76-116,3,,5.0,"AspBridgex3(pos49-81,sev10); AspCleave(pos59,sev10); ProtTrypx10(pos19-107,sev10); MetOxx3(pos30-110,sev5); TrpOxx4(pos32-119,sev10); HydroPatchx3(pos76-116,sev5)",0.0,0.0,0.0,0.0,13.14753,5.11125,2.41631,16.61023,17.76883,False,False,False,False,0.0,23.78024,16.04601,0.15126,0.44113,0.15126,0.15126,0.17323,0.20081,0.63898,0.0,0.0,0.0,0.64336,0.5751,1.65246,10.47813,False,False,False,False,False,False,False,False,False,False,False,False,11954.18262,11216.77051,1,,5.11125,-16.04601,-22.6372,-16.04601,-13.14753,-5.11125,False,1,True,False,False,False,True,True,False,True,True,True,-1.97338401658501,1.5776041450452178,1.9099116954134832,-2.8181384080091334,-1.2266011880457173,-0.3894733852049158,-1.144264437357798,-0.0006830469833088259,-1.237797455790354,8.0,29.0,6.0,8.0,5.5,6.5,29.0,15,0.10344827586206895
penguinpox_13,28,GGSLDDSVRGSSTPSSLSEEARKAASGWPYW,EVQLVESGGGLVQAGGSLSISCAASGGSLDDSVVLGWFRQAPGKEREFVAAIRGSSTTIGPPNVEGRFTISRDNAKNTGYLQMNSLAPDDTAVYYCGAGPSSLSEEARKAASGWPYWGRGTQVTVSS,31,0.11651,23.23205,0.75813,16.22381,1,653.7373,44.569,33.729,0.70968,0.22581,0.06452,penguinpox_13.cif,328,0,328.0,328.0,0.0,0.12903,0.09677,0.0,0.25806,0.06452,0.03226,0.03226,0.0,0.0,0.06452,0.06452,0.0,0.0,0.06452,0.03226,0.0,0.0,0.06452,0.03226,0.06452,175,19,16,3,0,0,0,0,0,0,0,-1,0,0,,39-119,10,,10.0,-1,0,0,,37-117,3,,10.0,-1,0,0,,74-84,2,,10.0,83,1,5,,,0,,0.0,31,2,10,,,0,,0.0,0,-1,0,0,,,0,,0.0,0,-1,0,0,,,0,,0.0,-1,0,0,,33-93,2,,5.0,"AspBridgex2(pos74-84,sev10); AspCleave(pos31,sev10); ProtTrypx10(pos39-119,sev10); MetOx(pos83,sev5); TrpOxx3(pos37-117,sev10); HydroPatchx2(pos33-93,sev5)",0.0,0.0,0.0,0.0,16.22381,0.82692,4.36952,8.41574,39.63517,False,False,True,True,0.0,26.9817,23.23205,0.10767,0.40235,0.10767,0.10767,0.11728,0.11651,0.59875,0.0,0.0,0.0,0.65303,0.60754,1.63383,13.99241,False,False,False,False,False,False,False,True,False,False,False,False,10933.66309,10279.92578,1,,0.82692,-23.23205,-33.729,-23.23205,-16.22381,-0.82692,False,1,True,False,False,True,True,True,True,True,True,True,-2.500121241088176,2.4622711337475423,3.769467366513913,-1.3520786014864288,-1.389121574149665,-0.3894733852049158,-1.3686429192793437,-0.11256224249156213,-2.015381216291327,29.0,13.0,29.0,13.0,5.5,9.0,29.0,15,0.06896551724137934
penguinpox_10,29,SGSNFDFSSYAISNDGSTARARSSFPSSLGDTLEEAYGDTSMFAY,EVQLVESGGGLVQPGGSLRLSCAASGSNFDFSSYAMGWFRQAPGKGRELVAAISNDGSTYYPDSVEGRFTISRDNAKRMVYLQMNSLRAEDTAVYYCARARSSFPSSLGDTLEEAYGDTSMFAYWGQGTQVTVSS,45,0.20269,15.6455,0.71909,20.76946,2,1197.37305,48.4265,39.6413,0.6,0.31111,0.08889,penguinpox_10.cif,336,0,336.0,336.0,0.0,0.08889,0.11111,0.0,0.24444,0.02222,0.06667,0.0,0.02222,0.04444,0.08889,0.04444,0.02222,0.0,0.04444,0.0,0.0,0.08889,0.04444,0.06667,0.0,200,23,17,6,0,0,0,0,0,0,0,-1,0,0,,19-101,11,,10.0,-1,0,0,,38-125,2,,10.0,-1,0,0,,75-85,2,,10.0,-1,0,0,,36-121,4,,5.0,-1,0,0,,56-63,2,,10.0,0,-1,0,0,,,0,,0.0,0,-1,0,0,,,0,,0.0,-1,0,0,,80-94,2,,5.0,"AspBridgex2(pos75-85,sev10); AspCleavex2(pos56-63,sev10); ProtTrypx11(pos19-101,sev10); MetOxx4(pos36-121,sev5); TrpOxx2(pos38-125,sev10); HydroPatchx2(pos80-94,sev5)",0.0,0.0,0.0,0.0,20.76946,1.85874,3.64502,12.12797,38.39926,False,False,True,True,0.0,22.85692,15.6455,0.18959,0.42022,0.18959,0.18959,0.21491,0.20269,0.60104,0.0,0.0,0.0,0.65156,0.55643,1.62291,11.40235,False,False,False,False,False,False,False,False,False,False,False,False,11797.26172,10599.88867,5,,1.85874,-15.6455,-39.6413,-15.6455,-20.76946,-1.85874,False,1,True,False,False,True,True,True,True,True,True,True,-1.5809906740060655,1.5310929391145212,1.806270379496451,-0.5706197405166863,-0.33322563617371764,1.6962771181796024,-1.144264437357798,-0.04966547970584374,-1.0486858335781024,7.0,30.0,5.0,8.0,1.0,1.5,30.0,16,0.03448275862068961
penguinpox_01,30,GNIESINDISSSTVSATANGVYYSWV,EVQLVESGGGLVQPGGSLRLSCAASGNIESINDMAWYRQAPGKGRELVAGISSSTSYADSVKGRFTISRDNAKNTLYLQMNSLRPEDTAVYYCAVSATANGVYYSWVWGQGTLVTVSS,26,0.11078,23.70659,0.75601,11.46337,4,517.11719,47.7009,37.7662,0.57692,0.0,0.42308,penguinpox_01.cif,319,0,319.0,319.0,0.0,0.07692,0.07692,0.0,0.23077,0.0,0.07692,0.11538,0.11538,0.11538,0.03846,0.0,0.0,0.0,0.03846,0.0,0.0,0.0,0.0,0.07692,0.03846,190,22,16,6,0,0,0,0,0,0,0,-1,0,0,,19-84,9,,10.0,-1,0,0,,36-108,3,,10.0,-1,0,0,,71-100,3,,10.0,-1,0,0,,34-80,2,,5.0,59,2,10,,,0,,0.0,0,-1,0,0,,,0,,0.0,0,-1,0,0,,,0,,0.0,-1,0,0,,76-106,4,,5.0,"AspBridgex3(pos71-100,sev10); AspCleave(pos59,sev10); ProtTrypx9(pos19-84,sev10); MetOxx2(pos34-80,sev5); TrpOxx3(pos36-108,sev10); HydroPatchx4(pos76-106,sev5)",0.0,0.0,0.0,0.0,11.46337,2.65264,3.12338,20.51181,21.18693,False,False,False,True,0.0,27.11304,22.99167,0.10625,0.40954,0.10625,0.10625,0.10625,0.11078,0.59788,0.0,0.0,0.0,0.6648,0.6312,1.66864,13.58554,False,False,False,False,False,False,False,True,False,False,False,False,11981.0293,11463.91211,0,,2.65264,-23.70659,-37.7662,-22.99167,-11.46337,-2.65264,False,1,True,False,False,False,True,True,True,True,True,True,-2.603962377571999,2.4117051047357076,3.892265673810281,-0.818461275994312,-1.6544768588137568,-0.9109110110510453,-0.695507473514706,-0.011946849105194057,-2.1161501996057703,30.0,14.0,30.0,4.0,11.0,14.0,30.0,16,0.0
