id,file_name,designed_sequence,designed_chain_sequence,num_prot_tokens,num_lig_atoms,num_resolved_tokens,num_tokens,num_design,UNK_fraction,GLY_fraction,ALA_fraction,CYS_fraction,SER_fraction,PRO_fraction,THR_fraction,VAL_fraction,ILE_fraction,ASN_fraction,ASP_fraction,LEU_fraction,MET_fraction,GLN_fraction,GLU_fraction,LYS_fraction,HIS_fraction,PHE_fraction,ARG_fraction,TYR_fraction,TRP_fraction,loop,helix,sheet,liability_score,liability_num_violations,liability_high_severity_violations,liability_medium_severity_violations,liability_low_severity_violations,liability_ProtTryp_count,liability_MetOx_count,liability_AspBridge_count,liability_AspBridge_position,liability_AspBridge_length,liability_AspBridge_severity,liability_AspBridge_details,liability_AspBridge_positions,liability_AspBridge_num_positions,liability_AspBridge_global_details,liability_AspBridge_avg_severity,liability_DPP4_count,liability_DPP4_position,liability_DPP4_length,liability_DPP4_severity,liability_DPP4_details,liability_DPP4_positions,liability_DPP4_num_positions,liability_DPP4_global_details,liability_DPP4_avg_severity,liability_NTCycl_count,liability_NTCycl_position,liability_NTCycl_length,liability_NTCycl_severity,liability_NTCycl_details,liability_NTCycl_positions,liability_NTCycl_num_positions,liability_NTCycl_global_details,liability_NTCycl_avg_severity,liability_ProtTryp_position,liability_ProtTryp_length,liability_ProtTryp_severity,liability_ProtTryp_details,liability_ProtTryp_positions,liability_ProtTryp_num_positions,liability_ProtTryp_global_details,liability_ProtTryp_avg_severity,liability_AspCleave_count,liability_AspCleave_position,liability_AspCleave_length,liability_AspCleave_severity,liability_AspCleave_details,liability_AspCleave_positions,liability_AspCleave_num_positions,liability_AspCleave_global_details,liability_AspCleave_avg_severity,liability_HydroPatch_count,liability_HydroPatch_position,liability_HydroPatch_length,liability_HydroPatch_severity,liability_HydroPatch_details,liability_HydroPatch_positions,liability_HydroPatch_num_positions,liability_HydroPatch_global_details,liability_HydroPatch_avg_severity,liability_MetOx_position,liability_MetOx_length,liability_MetOx_severity,liability_MetOx_details,liability_MetOx_positions,liability_MetOx_num_positions,liability_MetOx_global_details,liability_MetOx_avg_severity,liability_TrpOx_count,liability_TrpOx_position,liability_TrpOx_length,liability_TrpOx_severity,liability_TrpOx_details,liability_TrpOx_positions,liability_TrpOx_num_positions,liability_TrpOx_global_details,liability_TrpOx_avg_severity,liability_violations_summary,native_rmsd,native_rmsd_bb,native_rmsd_refolded,native_rmsd_bb_refolded,designfolding-bb_rmsd,designfolding-bb_rmsd_design,designfolding-bb_rmsd_target,designfolding-bb_rmsd_design_target,designfolding-bb_target_aligned_rmsd_design,designfolding-bb_rmsd<2.5,designfolding-bb_target_aligned<2.5,designfolding-bb_designability_rmsd_2,designfolding-bb_designability_rmsd_4,designfolding-ligand_iptm,designfolding-interaction_pae,designfolding-min_interaction_pae,designfolding-min_design_to_target_pae,designfolding-iptm,designfolding-ptm,designfolding-protein_iptm,designfolding-design_iptm,designfolding-design_iiptm,designfolding-design_to_target_iptm,designfolding-design_residue_iptm,designfolding-target_ptm,designfolding-design_ptm,designfolding-design_ipsae_min,designfolding-design_to_target_ipsae,designfolding-target_to_design_ipsae,designfolding-complex_plddt,designfolding-complex_iplddt,designfolding-complex_pde,designfolding-complex_ipde,designfolding-min_interaction_pae<1.5,designfolding-min_interaction_pae<2,designfolding-min_interaction_pae<2.5,designfolding-min_interaction_pae<3,designfolding-min_interaction_pae<4,designfolding-min_interaction_pae<5,designfolding-design_ptm>80,designfolding-design_ptm>75,designfolding-design_iptm>80,designfolding-design_iptm>70,designfolding-design_iptm>60,designfolding-design_iptm>50,bb_rmsd,bb_rmsd_design,bb_rmsd_target,bb_rmsd_design_target,bb_target_aligned_rmsd_design,bb_rmsd<2.5,bb_target_aligned<2.5,bb_designability_rmsd_2,bb_designability_rmsd_4,ligand_iptm,interaction_pae,min_interaction_pae,min_design_to_target_pae,iptm,ptm,protein_iptm,design_iptm,design_iiptm,design_to_target_iptm,design_residue_iptm,target_ptm,design_ptm,design_ipsae_min,design_to_target_ipsae,target_to_design_ipsae,complex_plddt,complex_iplddt,complex_pde,complex_ipde,min_interaction_pae<1.5,min_interaction_pae<2,min_interaction_pae<2.5,min_interaction_pae<3,min_interaction_pae<4,min_interaction_pae<5,design_ptm>80,design_ptm>75,design_iptm>80,design_iptm>70,design_iptm>60,design_iptm>50,design_largest_hydrophobic_patch_refolded,design_chain_hydrophobicity,design_hydrophobicity,delta_sasa_refolded,design_sasa_unbound_refolded,design_sasa_bound_refolded,plip_hbonds_refolded,plip_saltbridge_refolded,liability_details
zinc_finger_01,zinc_finger_01.cif,TRSDHLKRQRTTGEKPSRSDHLKRQRTTGKRSKPSRSDNLKRMRTTGEKPSRSDHLKRMRTTGGEKPSRSDHLKRQRTTGEKPARSDELKRQRTSRKKK,FQCRICMQNFTRSDHLKRHQRTHTGEKPFACDICGQKFSRSDHLKRHQRTHTGKRSKPFQCRICMQNFSRSDNLKRHMRTHTGEKPFACDICGQKFSRSDHLKRHMRTHTGGEKPFQCRICMQNFSRSDHLKRHQRTHTGEKPFACDICGRKFARSDELKRHQRTHSRKKK,171,6,249.00000,249.00000,99,0.00000,0.06061,0.01010,0.00000,0.12121,0.05051,0.12121,0.00000,0.00000,0.01010,0.06061,0.06061,0.02020,0.04040,0.05051,0.15152,0.04040,0.00000,0.20202,0.00000,0.00000,0.57576,0.42424,0.00000,435,46,41,5,0,0,0,0,-1,0,0,,,0,,0.00000,0,-1,0,0,,,0,,0.00000,0,-1,0,0,,,0,,0.00000,-1,0,0,,4-170,41,,10.00000,0,-1,0,0,,,0,,0.00000,0,-1,0,0,,,0,,0.00000,-1,0,0,,7-122,5,,5.00000,0,-1,0,0,,,0,,0.00000,"ProtTrypx41(pos4-170,sev10); MetOxx5(pos7-122,sev5)",0.00000,0.00000,0.00000,0.00000,4.16776,4.16776,,,,False,False,False,False,0.00000,0.00000,100000.25000,100000.25000,0.00000,0.43935,0.00000,0.00000,0.00000,0.00000,0.00000,0.00000,0.43935,0.00000,0.00000,0.00000,0.67258,0.67258,0.99496,0.00000,False,False,False,False,False,False,False,False,False,False,False,False,2.77151,3.24195,1.09827,6.16505,7.52972,False,False,False,True,0.47358,12.88227,5.08103,5.08103,0.60065,0.62160,0.00000,0.57701,0.58303,0.58561,0.58561,0.72512,0.54856,0.08279,0.08279,0.22942,0.54689,0.52113,1.23929,2.31940,False,False,False,False,False,False,False,False,False,False,False,True,421.98727,30.58500,6.55920,,,,34,0,
zinc_finger_02,zinc_finger_02.cif,SRSSHLKRIRTTGEKPSRSDHLKRMRTTEKEKPSRSDNLKRIRTTGEKPARSDHLKRIRTTGGEKPTRSDKLKTIRTTGEKPARSDELRRQKTLRAKK,FQCRICMQNFSRSSHLKRHIRTHTGEKPFACDICGQKFSRSDHLKRHMRTHTEKEKPFQCRICMQNFSRSDNLKRHIRTHTGEKPFACDICGQKFARSDHLKRHIRTHTGGEKPFQCRICMQNFTRSDKLKTHIRTHTGEKPFACDICGRKFARSDELRRHQKTHLRAKK,170,6,248.00000,248.00000,98,0.00000,0.05102,0.03061,0.00000,0.10204,0.05102,0.13265,0.00000,0.04082,0.01020,0.05102,0.07143,0.01020,0.01020,0.07143,0.15306,0.03061,0.00000,0.18367,0.00000,0.00000,0.63265,0.36735,0.00000,410,43,39,4,0,0,0,0,-1,0,0,,,0,,0.00000,0,-1,0,0,,,0,,0.00000,0,-1,0,0,,,0,,0.00000,-1,0,0,,4-169,39,,10.00000,0,-1,0,0,,,0,,0.00000,0,-1,0,0,,,0,,0.00000,-1,0,0,,7-121,4,,5.00000,0,-1,0,0,,,0,,0.00000,"ProtTrypx39(pos4-169,sev10); MetOxx4(pos7-121,sev5)",0.00000,0.00000,0.00000,0.00000,5.96842,5.96842,,,,False,False,False,False,0.00000,0.00000,100000.25000,100000.25000,0.00000,0.42655,0.00000,0.00000,0.00000,0.00000,0.00000,0.00000,0.42655,0.00000,0.00000,0.00000,0.68166,0.68166,1.03560,0.00000,False,False,False,False,False,False,False,False,False,False,False,False,2.13659,3.25368,1.14927,4.25881,4.78762,True,False,False,True,0.48395,13.00543,5.06765,5.06765,0.60150,0.62626,0.00000,0.56988,0.57442,0.57673,0.57673,0.74914,0.54987,0.07717,0.07717,0.20773,0.54315,0.52561,1.19764,2.21788,False,False,False,False,False,False,False,False,False,False,False,True,417.42371,35.16970,20.32490,,,,42,0,
zinc_finger_03,zinc_finger_03.cif,TRSDHLKRQRTTGEKPSRSDHLKRMRTTGDPKRKEKPSRSDNLKIQRTTGEKPSRSDHLKRMRTTGGEKPARSDHLKRQRTTGEKPARSDELKRIKTKKKKK,FQCRICMQNFTRSDHLKRHQRTHTGEKPFACDICGQKFSRSDHLKRHMRTHTGDPKRKEKPFQCRICMQNFSRSDNLKIHQRTHTGEKPFACDICGQKFSRSDHLKRHMRTHTGGEKPFQCRICMQNFARSDHLKRHQRTHTGEKPFACDICGRKFARSDELKRHIKTHKKKKK,174,6,252.00000,252.00000,102,0.00000,0.05882,0.01961,0.00000,0.08824,0.05882,0.11765,0.00000,0.01961,0.00980,0.06863,0.05882,0.01961,0.02941,0.05882,0.18627,0.03922,0.00000,0.16667,0.00000,0.00000,0.60784,0.39216,0.00000,455,48,43,5,0,0,0,0,-1,0,0,,,0,,0.00000,0,-1,0,0,,,0,,0.00000,0,-1,0,0,,,0,,0.00000,-1,0,0,,4-173,42,,10.00000,0,54,2,10,,,0,,0.00000,0,-1,0,0,,,0,,0.00000,-1,0,0,,7-125,5,,5.00000,0,-1,0,0,,,0,,0.00000,"AspCleave(pos54,sev10); ProtTrypx42(pos4-173,sev10); MetOxx5(pos7-125,sev5)",0.00000,0.00000,0.00000,0.00000,4.80780,4.80780,,,,False,False,False,False,0.00000,0.00000,100000.25000,100000.25000,0.00000,0.39773,0.00000,0.00000,0.00000,0.00000,0.00000,0.00000,0.39773,0.00000,0.00000,0.00000,0.63593,0.63593,1.05219,0.00000,False,False,False,False,False,False,False,False,False,False,False,False,11.75305,3.49418,0.97270,28.61370,30.64733,False,False,False,True,0.43634,12.67034,3.94292,3.94292,0.63373,0.64471,0.00000,0.62869,0.62559,0.63259,0.63259,0.68463,0.55345,0.09807,0.09807,0.30250,0.55523,0.53759,1.32448,2.63496,False,False,False,False,True,True,False,False,False,False,True,True,364.60211,32.34770,11.58990,,,,37,0,
zinc_finger_04,zinc_finger_04.cif,TRSDHLKRQRTTGEKPSRSDHLKRQRTTGELDSRTVKRTRSDNLKRQRTTGEKPARSDHLKRMRTTGGEKPARSDHLKRQRTTGEKPARSDELKRQKTLRAKK,FQCRICMQNFTRSDHLKRHQRTHTGEKPFACDICGQKFSRSDHLKRHQRTHTGELDSRTVKRFQCRICMQNFTRSDNLKRHQRTHTGEKPFACDICGQKFARSDHLKRHMRTHTGGEKPFQCRICMQNFARSDHLKRHQRTHTGEKPFACDICGRKFARSDELKRHQKTHLRAKK,175,6,253.00000,253.00000,103,0.00000,0.05825,0.03883,0.00000,0.07767,0.03883,0.13592,0.00971,0.00000,0.00971,0.06796,0.07767,0.00971,0.04854,0.05825,0.13592,0.03883,0.00000,0.19417,0.00000,0.00000,0.59223,0.40777,0.00000,430,45,41,4,0,0,0,0,-1,0,0,,,0,,0.00000,0,-1,0,0,,,0,,0.00000,0,-1,0,0,,,0,,0.00000,-1,0,0,,4-174,40,,10.00000,0,56,2,10,,,0,,0.00000,0,-1,0,0,,,0,,0.00000,-1,0,0,,7-126,4,,5.00000,0,-1,0,0,,,0,,0.00000,"AspCleave(pos56,sev10); ProtTrypx40(pos4-174,sev10); MetOxx4(pos7-126,sev5)",0.00000,0.00000,0.00000,0.00000,6.38274,6.38274,,,,False,False,False,False,0.00000,0.00000,100000.25000,100000.25000,0.00000,0.37984,0.00000,0.00000,0.00000,0.00000,0.00000,0.00000,0.37984,0.00000,0.00000,0.00000,0.65394,0.65394,1.14205,0.00000,False,False,False,False,False,False,False,False,False,False,False,False,2.93846,3.46815,1.45437,6.28018,7.60903,False,False,False,True,0.43072,16.05463,5.73866,6.01222,0.50616,0.53464,0.00000,0.46948,0.47696,0.46644,0.46644,0.68082,0.51694,0.04277,0.04277,0.13544,0.50362,0.49035,1.38550,2.92594,False,False,False,False,False,False,False,False,False,False,False,False,358.02499,31.84330,13.36010,,,,40,0,
zinc_finger_05,zinc_finger_05.cif,TRSDHLKRQRTTGEKPSRSSHLRRQRTTGEPLPGSEKQARSDNLKRQRTTGEKPSRSDHLKRMRTTGGEKPTRSDHLKRQRTTGEKPARSDELKRQKTLKAKK,FQCRICMQNFTRSDHLKRHQRTHTGEKPFACDICGQKFSRSSHLRRHQRTHTGEPLPGSEKQFQCRICMQNFARSDNLKRHQRTHTGEKPFACDICGQKFSRSDHLKRHMRTHTGGEKPFQCRICMQNFTRSDHLKRHQRTHTGEKPFACDICGRKFARSDELKRHQKTHLKAKK,175,6,253.00000,253.00000,103,0.00000,0.06796,0.02913,0.00000,0.09709,0.05825,0.12621,0.00000,0.00000,0.00971,0.04854,0.07767,0.00971,0.05825,0.06796,0.13592,0.03883,0.00000,0.17476,0.00000,0.00000,0.65049,0.34951,0.00000,400,42,38,4,0,0,0,0,-1,0,0,,,0,,0.00000,0,-1,0,0,,,0,,0.00000,0,-1,0,0,,,0,,0.00000,-1,0,0,,4-174,38,,10.00000,0,-1,0,0,,,0,,0.00000,0,-1,0,0,,,0,,0.00000,-1,0,0,,7-126,4,,5.00000,0,-1,0,0,,,0,,0.00000,"ProtTrypx38(pos4-174,sev10); MetOxx4(pos7-126,sev5)",0.00000,0.00000,0.00000,0.00000,4.12056,4.12056,,,,False,False,False,False,0.00000,0.00000,100000.25000,100000.25000,0.00000,0.39451,0.00000,0.00000,0.00000,0.00000,0.00000,0.00000,0.39451,0.00000,0.00000,0.00000,0.63569,0.63569,1.07023,0.00000,False,False,False,False,False,False,False,False,False,False,False,False,11.65064,3.65798,1.13080,28.25976,30.45634,False,False,False,True,0.42668,13.95503,5.11933,5.11933,0.59117,0.61245,0.00000,0.56667,0.57097,0.56993,0.56993,0.71515,0.53845,0.07252,0.07252,0.21045,0.51480,0.49677,1.29696,2.62548,False,False,False,False,False,False,False,False,False,False,False,True,344.78766,31.86120,13.37550,,,,31,0,
zinc_finger_06,zinc_finger_06.cif,TRSSKLKTQRTTGEKPARSDHLKTQRTTGDTSSKVKPRRSDNLKRQRTTGEKPSRSDHLKRQRTTGGPKPTRSDKLKRQRTTGEKPARSDELKRQKTLRAKK,FQCRICMQNFTRSSKLKTHQRTHTGEKPFACDICGQKFARSDHLKTHQRTHTGDTSSKVKPFQCRICMQNFRRSDNLKRHQRTHTGEKPFACDICGQKFSRSDHLKRHQRTHTGGPKPFQCRICMQNFTRSDKLKRHQRTHTGEKPFACDICGRKFARSDELKRHQKTHLRAKK,174,6,252.00000,252.00000,102,0.00000,0.05882,0.02941,0.00000,0.09804,0.05882,0.15686,0.00980,0.00000,0.00980,0.05882,0.06863,0.00000,0.05882,0.03922,0.16667,0.01961,0.00000,0.16667,0.00000,0.00000,0.55882,0.44118,0.00000,415,43,40,3,0,0,0,0,-1,0,0,,,0,,0.00000,0,-1,0,0,,,0,,0.00000,0,-1,0,0,,,0,,0.00000,-1,0,0,,4-173,40,,10.00000,0,-1,0,0,,,0,,0.00000,0,-1,0,0,,,0,,0.00000,-1,0,0,,7-125,3,,5.00000,0,-1,0,0,,,0,,0.00000,"ProtTrypx40(pos4-173,sev10); MetOxx3(pos7-125,sev5)",0.00000,0.00000,0.00000,0.00000,5.17043,5.17043,,,,False,False,False,False,0.00000,0.00000,100000.25000,100000.25000,0.00000,0.41099,0.00000,0.00000,0.00000,0.00000,0.00000,0.00000,0.41099,0.00000,0.00000,0.00000,0.66840,0.66840,1.02558,0.00000,False,False,False,False,False,False,False,False,False,False,False,False,2.43206,2.08333,1.83339,4.09777,5.13119,True,False,False,True,0.40343,15.17979,6.43388,6.43388,0.52555,0.54831,0.00000,0.49902,0.50518,0.50319,0.50319,0.67268,0.50601,0.04202,0.04202,0.16333,0.52334,0.50443,1.36357,2.84657,False,False,False,False,False,False,False,False,False,False,False,False,305.94162,31.39950,9.39640,,,,23,0,
zinc_finger_07,zinc_finger_07.cif,PRSDHLKRQRTTGEKPSRSDHLKRMRTTGEKVPKPSRSDNLKRQRTTGEKPSRSDHLKQMRTTGGEKPARSDKLKTQRTTGEKPSRSDELKRQKTLKAKK,FQCRICMQNFPRSDHLKRHQRTHTGEKPFACDICGQKFSRSDHLKRHMRTHTGEKVPKPFQCRICMQNFSRSDNLKRHQRTHTGEKPFACDICGQKFSRSDHLKQHMRTHTGGEKPFQCRICMQNFARSDKLKTHQRTHTGEKPFACDICGRKFSRSDELKRHQKTHLKAKK,172,6,250.00000,250.00000,100,0.00000,0.06000,0.02000,0.00000,0.10000,0.07000,0.12000,0.01000,0.00000,0.01000,0.06000,0.07000,0.02000,0.05000,0.06000,0.17000,0.03000,0.00000,0.15000,0.00000,0.00000,0.58000,0.42000,0.00000,405,43,38,5,0,0,0,0,-1,0,0,,,0,,0.00000,0,-1,0,0,,,0,,0.00000,0,-1,0,0,,,0,,0.00000,-1,0,0,,4-171,38,,10.00000,0,-1,0,0,,,0,,0.00000,0,-1,0,0,,,0,,0.00000,-1,0,0,,7-123,5,,5.00000,0,-1,0,0,,,0,,0.00000,"ProtTrypx38(pos4-171,sev10); MetOxx5(pos7-123,sev5)",0.00000,0.00000,0.00000,0.00000,6.55155,6.55155,,,,False,False,False,False,0.00000,0.00000,100000.25000,100000.25000,0.00000,0.37741,0.00000,0.00000,0.00000,0.00000,0.00000,0.00000,0.37741,0.00000,0.00000,0.00000,0.67031,0.67031,1.05677,0.00000,False,False,False,False,False,False,False,False,False,False,False,False,2.09109,3.25798,1.07140,4.32363,4.82441,True,False,False,True,0.42367,13.81119,5.53346,5.53346,0.56085,0.57859,0.00000,0.54093,0.54642,0.54986,0.54986,0.66162,0.50257,0.07255,0.07255,0.21127,0.53910,0.51992,1.31386,2.55616,False,False,False,False,False,False,False,False,False,False,False,True,334.32187,32.44050,14.14560,,,,30,0,
zinc_finger_08,zinc_finger_08.cif,TRSSHLKRLRTTGEKPARSDHLKRQTTTGEGKKGKPSRSDNLKRQRTTGEKPSRSDHLKQILTTGGPKPARSDHLKTQRTTGEKPARSDELKRQKTSKAKK,FQCRICMQNFTRSSHLKRHLRTHTGEKPFACDICGQKFARSDHLKRHQTTHTGEGKKGKPFQCRICMQNFSRSDNLKRHQRTHTGEKPFACDICGQKFSRSDHLKQHILTHTGGPKPFQCRICMQNFARSDHLKTHQRTHTGEKPFACDICGRKFARSDELKRHQKTHSKAKK,173,6,251.00000,251.00000,101,0.00000,0.07921,0.03960,0.00000,0.09901,0.05941,0.13861,0.00000,0.00990,0.00990,0.04950,0.07921,0.00000,0.04950,0.04950,0.16832,0.03960,0.00000,0.12871,0.00000,0.00000,0.58416,0.41584,0.00000,375,39,36,3,0,0,0,0,-1,0,0,,,0,,0.00000,0,-1,0,0,,,0,,0.00000,0,-1,0,0,,,0,,0.00000,-1,0,0,,4-172,36,,10.00000,0,-1,0,0,,,0,,0.00000,0,-1,0,0,,,0,,0.00000,-1,0,0,,7-124,3,,5.00000,0,-1,0,0,,,0,,0.00000,"ProtTrypx36(pos4-172,sev10); MetOxx3(pos7-124,sev5)",0.00000,0.00000,0.00000,0.00000,4.50682,4.50682,,,,False,False,False,False,0.00000,0.00000,100000.25000,100000.25000,0.00000,0.37271,0.00000,0.00000,0.00000,0.00000,0.00000,0.00000,0.37271,0.00000,0.00000,0.00000,0.66444,0.66444,1.05033,0.00000,False,False,False,False,False,False,False,False,False,False,False,False,2.06249,3.63897,1.29444,4.34540,4.74658,True,False,False,True,0.41312,13.74866,5.34079,5.34079,0.56329,0.57939,0.00000,0.54666,0.55214,0.55683,0.55683,0.65200,0.51100,0.07142,0.07142,0.22039,0.54346,0.52139,1.30561,2.66118,False,False,False,False,False,False,False,False,False,False,False,True,765.27747,32.41450,14.30810,,,,20,0,
zinc_finger_09,zinc_finger_09.cif,TRSSHLKRQRTTGEKPSRSDHLKRQRTTGEKYGGSEKRSRSDNLKRIRTTGEKPSRSDHLKRIRTTGGEKPTRSDHLKRQRTTGEKPARSDDRKREKTKKAKK,FQCRICMQNFTRSSHLKRHQRTHTGEKPFACDICGQKFSRSDHLKRHQRTHTGEKYGGSEKRFQCRICMQNFSRSDNLKRHIRTHTGEKPFACDICGQKFSRSDHLKRHIRTHTGGEKPFQCRICMQNFTRSDHLKRHQRTHTGEKPFACDICGRKFARSDDRKRHEKTHKKAKK,175,6,253.00000,253.00000,103,0.00000,0.07767,0.01942,0.00000,0.10680,0.03883,0.12621,0.00000,0.01942,0.00971,0.05825,0.04854,0.00000,0.02913,0.06796,0.16505,0.03883,0.00000,0.18447,0.00971,0.00000,0.62136,0.37864,0.00000,435,45,42,3,0,0,0,0,-1,0,0,,,0,,0.00000,0,-1,0,0,,,0,,0.00000,0,-1,0,0,,,0,,0.00000,-1,0,0,,4-174,42,,10.00000,0,-1,0,0,,,0,,0.00000,0,-1,0,0,,,0,,0.00000,-1,0,0,,7-126,3,,5.00000,0,-1,0,0,,,0,,0.00000,"ProtTrypx42(pos4-174,sev10); MetOxx3(pos7-126,sev5)",0.00000,0.00000,0.00000,0.00000,4.64292,4.64292,,,,False,False,False,False,0.00000,0.00000,100000.25000,100000.25000,0.00000,0.38386,0.00000,0.00000,0.00000,0.00000,0.00000,0.00000,0.38386,0.00000,0.00000,0.00000,0.64244,0.64244,1.09033,0.00000,False,False,False,False,False,False,False,False,False,False,False,False,2.58140,3.66059,0.86793,6.05807,7.27460,False,False,False,True,0.45650,14.41905,5.09109,5.75085,0.56300,0.59176,0.00000,0.52566,0.53086,0.52864,0.52864,0.74004,0.53046,0.05968,0.05968,0.17187,0.49841,0.48595,1.33450,2.68331,False,False,False,False,False,False,False,False,False,False,False,True,337.57581,29.73570,5.56930,,,,30,0,
zinc_finger_10,zinc_finger_10.cif,TRSDHLKRLRTTGEKPSRSDHLKRMRTTGEDPRGKPSRSDNLKRIRTTGEKPSRSDHLKRQRTTGGEKPTRSDHLKTQRTTGEKPARSDELKRQKTLRASK,FQCRICMQNFTRSDHLKRHLRTHTGEKPFACDICGQKFSRSDHLKRHMRTHTGEDPRGKPFQCRICMQNFSRSDNLKRHIRTHTGEKPFACDICGQKFSRSDHLKRHQRTHTGGEKPFQCRICMQNFTRSDHLKTHQRTHTGEKPFACDICGRKFARSDELKRHQKTHLRASK,173,6,251.00000,251.00000,101,0.00000,0.06931,0.01980,0.00000,0.09901,0.05941,0.13861,0.00000,0.00990,0.00990,0.06931,0.07921,0.00990,0.02970,0.05941,0.12871,0.03960,0.00000,0.17822,0.00000,0.00000,0.61386,0.38614,0.00000,400,42,38,4,0,0,0,0,-1,0,0,,,0,,0.00000,0,-1,0,0,,,0,,0.00000,0,-1,0,0,,,0,,0.00000,-1,0,0,,4-170,37,,10.00000,0,55,2,10,,,0,,0.00000,0,-1,0,0,,,0,,0.00000,-1,0,0,,7-124,4,,5.00000,0,-1,0,0,,,0,,0.00000,"AspCleave(pos55,sev10); ProtTrypx37(pos4-170,sev10); MetOxx4(pos7-124,sev5)",0.00000,0.00000,0.00000,0.00000,5.84585,5.84585,,,,False,False,False,False,0.00000,0.00000,100000.25000,100000.25000,0.00000,0.38305,0.00000,0.00000,0.00000,0.00000,0.00000,0.00000,0.38305,0.00000,0.00000,0.00000,0.64919,0.64919,1.04913,0.00000,False,False,False,False,False,False,False,False,False,False,False,False,2.77433,2.97305,1.30391,5.63429,7.02505,False,False,False,True,0.40536,13.71901,4.99656,4.99656,0.57439,0.58999,0.00000,0.55845,0.56396,0.56942,0.56942,0.66697,0.50646,0.07535,0.07535,0.22445,0.55347,0.52811,1.32460,2.66936,False,False,False,False,False,True,False,False,False,False,False,True,412.11792,33.04290,15.98680,,,,32,0,
zinc_finger_11,zinc_finger_11.cif,SRSDHLKRQRTTGEKPARSSHLKLMRTTGEVTARTKKRARSDNLKRIRTTGEKPSRSDHLKQMRTTGGEKPTRSDHLKTQRTTGEKPARSDELKRQRTLRAKK,FQCRICMQNFSRSDHLKRHQRTHTGEKPFACDICGQKFARSSHLKLHMRTHTGEVTARTKKRFQCRICMQNFARSDNLKRHIRTHTGEKPFACDICGQKFSRSDHLKQHMRTHTGGEKPFQCRICMQNFTRSDHLKTHQRTHTGEKPFACDICGRKFARSDELKRHQRTHLRAKK,175,6,253.00000,253.00000,103,0.00000,0.05825,0.04854,0.00000,0.08738,0.03883,0.14563,0.00971,0.00971,0.00971,0.04854,0.07767,0.01942,0.03883,0.05825,0.13592,0.03883,0.00000,0.17476,0.00000,0.00000,0.59223,0.40777,0.00000,405,43,38,5,0,0,0,0,-1,0,0,,,0,,0.00000,0,-1,0,0,,,0,,0.00000,0,-1,0,0,,,0,,0.00000,-1,0,0,,4-174,38,,10.00000,0,-1,0,0,,,0,,0.00000,0,-1,0,0,,,0,,0.00000,-1,0,0,,7-126,5,,5.00000,0,-1,0,0,,,0,,0.00000,"ProtTrypx38(pos4-174,sev10); MetOxx5(pos7-126,sev5)",0.00000,0.00000,0.00000,0.00000,5.16329,5.16329,,,,False,False,False,False,0.00000,0.00000,100000.25000,100000.25000,0.00000,0.36344,0.00000,0.00000,0.00000,0.00000,0.00000,0.00000,0.36344,0.00000,0.00000,0.00000,0.65357,0.65357,1.07172,0.00000,False,False,False,False,False,False,False,False,False,False,False,False,2.35507,3.59220,1.55600,4.59977,5.08399,True,False,False,True,0.42462,14.06493,5.39631,5.39631,0.55632,0.57516,0.00000,0.53415,0.54353,0.54390,0.54390,0.66806,0.50832,0.07753,0.07753,0.21293,0.53100,0.51237,1.36495,2.73595,False,False,False,False,False,False,False,False,False,False,False,True,422.09537,33.99560,19.25330,,,,33,0,
zinc_finger_12,zinc_finger_12.cif,TRSDHLKRQRTTGEKPARSDHLKQMRTTGKKSKPSRSDNLKRMRTTGEKPSRSDHLKRIRTTGGEKPTRSDHLKRQRTTGEKPSRSDERKRIKTLKAKK,FQCRICMQNFTRSDHLKRHQRTHTGEKPFACDICGQKFARSDHLKQHMRTHTGKKSKPFQCRICMQNFSRSDNLKRHMRTHTGEKPFACDICGQKFSRSDHLKRHIRTHTGGEKPFQCRICMQNFTRSDHLKRHQRTHTGEKPFACDICGRKFSRSDERKRHIKTHLKAKK,171,6,249.00000,249.00000,99,0.00000,0.06061,0.02020,0.00000,0.10101,0.05051,0.13131,0.00000,0.02020,0.01010,0.06061,0.06061,0.02020,0.03030,0.05051,0.17172,0.04040,0.00000,0.17172,0.00000,0.00000,0.57576,0.42424,0.00000,425,45,40,5,0,0,0,0,-1,0,0,,,0,,0.00000,0,-1,0,0,,,0,,0.00000,0,-1,0,0,,,0,,0.00000,-1,0,0,,4-170,40,,10.00000,0,-1,0,0,,,0,,0.00000,0,-1,0,0,,,0,,0.00000,-1,0,0,,7-122,5,,5.00000,0,-1,0,0,,,0,,0.00000,"ProtTrypx40(pos4-170,sev10); MetOxx5(pos7-122,sev5)",0.00000,0.00000,0.00000,0.00000,4.02920,4.02920,,,,False,False,False,False,0.00000,0.00000,100000.25000,100000.25000,0.00000,0.41132,0.00000,0.00000,0.00000,0.00000,0.00000,0.00000,0.41132,0.00000,0.00000,0.00000,0.66865,0.66865,1.04012,0.00000,False,False,False,False,False,False,False,False,False,False,False,False,2.23466,2.99319,1.14423,4.56062,5.35998,True,False,False,True,0.41689,14.66517,6.29810,6.29810,0.54150,0.56220,0.00000,0.51976,0.52410,0.52672,0.52672,0.66870,0.50817,0.05827,0.05827,0.18698,0.53589,0.52062,1.34680,2.74506,False,False,False,False,False,False,False,False,False,False,False,True,412.30429,31.80120,12.28850,,,,39,0,
zinc_finger_13,zinc_finger_13.cif,TRSSHLKRQRTTGEKPSQSSHLRRQRTTGEPPRGGVKRSRSDNLKRMRTTGEKPSRSDHLKRMRTTGGEKPARSDHLKRQRTTGEKPSRSDELKRQKTLRAKK,FQCRICMQNFTRSSHLKRHQRTHTGEKPFACDICGQKFSQSSHLRRHQRTHTGEPPRGGVKRFQCRICMQNFSRSDNLKRHMRTHTGEKPFACDICGQKFSRSDHLKRHMRTHTGGEKPFQCRICMQNFARSDHLKRHQRTHTGEKPFACDICGRKFSRSDELKRHQKTHLRAKK,175,6,253.00000,253.00000,103,0.00000,0.07767,0.01942,0.00000,0.11650,0.05825,0.11650,0.00971,0.00000,0.00971,0.03883,0.06796,0.01942,0.04854,0.05825,0.12621,0.03883,0.00000,0.19417,0.00000,0.00000,0.59223,0.40777,0.00000,415,44,39,5,0,0,0,0,-1,0,0,,,0,,0.00000,0,-1,0,0,,,0,,0.00000,0,-1,0,0,,,0,,0.00000,-1,0,0,,4-174,39,,10.00000,0,-1,0,0,,,0,,0.00000,0,-1,0,0,,,0,,0.00000,-1,0,0,,7-126,5,,5.00000,0,-1,0,0,,,0,,0.00000,"ProtTrypx39(pos4-174,sev10); MetOxx5(pos7-126,sev5)",0.00000,0.00000,0.00000,0.00000,4.77756,4.77756,,,,False,False,False,False,0.00000,0.00000,100000.25000,100000.25000,0.00000,0.40291,0.00000,0.00000,0.00000,0.00000,0.00000,0.00000,0.40291,0.00000,0.00000,0.00000,0.64184,0.64184,1.07097,0.00000,False,False,False,False,False,False,False,False,False,False,False,False,11.75218,3.83382,1.26375,28.57549,30.53980,False,False,False,True,0.42252,13.83261,5.08604,5.81257,0.59812,0.61926,0.00000,0.57397,0.58149,0.57759,0.57759,0.72087,0.54285,0.07654,0.07654,0.21998,0.51626,0.50377,1.29839,2.63778,False,False,False,False,False,False,False,False,False,False,False,True,329.29871,32.53320,12.34190,,,,31,0,
zinc_finger_14,zinc_finger_14.cif,TRSDHLKRQRTTGEKPSRSDHLKRMRTTGEKKPKPTRSDNLKRMRTTGEKPSRSDHLKRMRTTGGEKPTRSDHLKTQRTTGEKPSRSDELKRQKTKRAKK,FQCRICMQNFTRSDHLKRHQRTHTGEKPFACDICGQKFSRSDHLKRHMRTHTGEKKPKPFQCRICMQNFTRSDNLKRHMRTHTGEKPFACDICGQKFSRSDHLKRHMRTHTGGEKPFQCRICMQNFTRSDHLKTHQRTHTGEKPFACDICGRKFSRSDELKRHQKTHKRAKK,172,6,250.00000,250.00000,100,0.00000,0.06000,0.01000,0.00000,0.09000,0.06000,0.15000,0.00000,0.00000,0.01000,0.06000,0.06000,0.03000,0.03000,0.06000,0.17000,0.04000,0.00000,0.17000,0.00000,0.00000,0.64000,0.36000,0.00000,430,46,40,6,0,0,0,0,-1,0,0,,,0,,0.00000,0,-1,0,0,,,0,,0.00000,0,-1,0,0,,,0,,0.00000,-1,0,0,,4-171,40,,10.00000,0,-1,0,0,,,0,,0.00000,0,-1,0,0,,,0,,0.00000,-1,0,0,,7-123,6,,5.00000,0,-1,0,0,,,0,,0.00000,"ProtTrypx40(pos4-171,sev10); MetOxx6(pos7-123,sev5)",0.00000,0.00000,0.00000,0.00000,4.86894,4.86894,,,,False,False,False,False,0.00000,0.00000,100000.25000,100000.25000,0.00000,0.42520,0.00000,0.00000,0.00000,0.00000,0.00000,0.00000,0.42520,0.00000,0.00000,0.00000,0.66981,0.66981,1.03025,0.00000,False,False,False,False,False,False,False,False,False,False,False,False,2.20236,3.71695,1.32028,4.66643,5.18147,True,False,False,True,0.43632,13.64669,4.96323,4.96323,0.56414,0.57904,0.00000,0.54917,0.55506,0.56141,0.56141,0.65758,0.51637,0.08764,0.08764,0.23233,0.54340,0.53028,1.34674,2.70222,False,False,False,False,False,True,False,False,False,False,False,True,525.41907,32.04950,10.34810,,,,27,0,
zinc_finger_15,zinc_finger_15.cif,TRSSHLKRQRTTGEKPARSDHLKDMRTTTGLPRGGEKRTRSDNLKRIRTTGEKPSRSDHLKRQRTTGGEKPARSDHLKTQRTTGEKPARSDDRKRERTKRAKK,FQCRICMQNFTRSSHLKRHQRTHTGEKPFACDICGQKFARSDHLKDHMRTHTTGLPRGGEKRFQCRICMQNFTRSDNLKRHIRTHTGEKPFACDICGQKFSRSDHLKRHQRTHTGGEKPFQCRICMQNFARSDHLKTHQRTHTGEKPFACDICGRKFARSDDRKRHERTHKRAKK,175,6,253.00000,253.00000,103,0.00000,0.07767,0.03883,0.00000,0.07767,0.04854,0.14563,0.00000,0.00971,0.00971,0.06796,0.05825,0.00971,0.02913,0.05825,0.13592,0.03883,0.00000,0.19417,0.00000,0.00000,0.45631,0.54369,0.00000,420,44,40,4,0,0,0,0,-1,0,0,,,0,,0.00000,0,-1,0,0,,,0,,0.00000,0,-1,0,0,,,0,,0.00000,-1,0,0,,4-174,40,,10.00000,0,-1,0,0,,,0,,0.00000,0,-1,0,0,,,0,,0.00000,-1,0,0,,7-126,4,,5.00000,0,-1,0,0,,,0,,0.00000,"ProtTrypx40(pos4-174,sev10); MetOxx4(pos7-126,sev5)",0.00000,0.00000,0.00000,0.00000,6.12586,6.12586,,,,False,False,False,False,0.00000,0.00000,100000.25000,100000.25000,0.00000,0.37821,0.00000,0.00000,0.00000,0.00000,0.00000,0.00000,0.37821,0.00000,0.00000,0.00000,0.66102,0.66102,1.10735,0.00000,False,False,False,False,False,False,False,False,False,False,False,False,3.08805,6.60106,1.60602,6.76343,6.82502,False,False,False,False,0.44786,12.24138,3.80535,3.80535,0.62326,0.63679,0.00000,0.61218,0.61876,0.61878,0.61878,0.69846,0.53994,0.10543,0.10543,0.30226,0.54207,0.52645,1.28548,2.49173,False,False,False,False,True,True,False,False,False,False,True,True,375.27875,31.41550,9.58040,,,,29,0,
zinc_finger_16,zinc_finger_16.cif,TRSDHLKRQRTTGEKPTRSDHLKRMRTTGKLSKPSRSDNLTRQRTTGEKPSRSDHLKRQRTTGGPKPTRSDHLKRQRTTGEKPARSDELKRQRTKRAKK,FQCRICMQNFTRSDHLKRHQRTHTGEKPFACDICGQKFTRSDHLKRHMRTHTGKLSKPFQCRICMQNFSRSDNLTRHQRTHTGEKPFACDICGQKFSRSDHLKRHQRTHTGGPKPFQCRICMQNFTRSDHLKRHQRTHTGEKPFACDICGRKFARSDELKRHQRTHKRAKK,171,6,249.00000,249.00000,99,0.00000,0.06061,0.02020,0.00000,0.09091,0.06061,0.15152,0.00000,0.00000,0.01010,0.06061,0.07071,0.01010,0.05051,0.04040,0.14141,0.04040,0.00000,0.19192,0.00000,0.00000,0.43434,0.56566,0.00000,410,43,39,4,0,0,0,0,-1,0,0,,,0,,0.00000,0,-1,0,0,,,0,,0.00000,0,-1,0,0,,,0,,0.00000,-1,0,0,,4-170,39,,10.00000,0,-1,0,0,,,0,,0.00000,0,-1,0,0,,,0,,0.00000,-1,0,0,,7-122,4,,5.00000,0,-1,0,0,,,0,,0.00000,"ProtTrypx39(pos4-170,sev10); MetOxx4(pos7-122,sev5)",0.00000,0.00000,0.00000,0.00000,3.21262,3.21262,,,,False,False,False,True,0.00000,0.00000,100000.25000,100000.25000,0.00000,0.44204,0.00000,0.00000,0.00000,0.00000,0.00000,0.00000,0.44204,0.00000,0.00000,0.00000,0.64579,0.64579,1.03387,0.00000,False,False,False,False,False,False,False,False,False,False,False,False,2.85429,2.60642,1.80953,5.19794,6.53403,False,False,False,True,0.46856,12.67581,5.13047,5.13047,0.60569,0.62641,0.00000,0.58514,0.59180,0.59028,0.59028,0.72827,0.56199,0.08716,0.08716,0.23574,0.54836,0.52653,1.23452,2.36685,False,False,False,False,False,False,False,False,False,False,False,True,307.04309,32.01020,10.00640,,,,35,0,
zinc_finger_17,zinc_finger_17.cif,TRSDHLKRQRTTGEKPSRSDHLKRQRTTGEKKPRPSRSDNLKRQRTTGEKPSRSDHLKRIRTTGEEKPVRSDHLKRQRTTGEKPARSDELKRQRTKRAKK,FQCRICMQNFTRSDHLKRHQRTHTGEKPFACDICGQKFSRSDHLKRHQRTHTGEKKPRPFQCRICMQNFSRSDNLKRHQRTHTGEKPFACDICGQKFSRSDHLKRHIRTHTGEEKPFQCRICMQNFVRSDHLKRHQRTHTGEKPFACDICGRKFARSDELKRHQRTHKRAKK,172,6,250.00000,250.00000,100,0.00000,0.05000,0.02000,0.00000,0.09000,0.06000,0.12000,0.01000,0.01000,0.01000,0.06000,0.06000,0.00000,0.05000,0.07000,0.15000,0.04000,0.00000,0.20000,0.00000,0.00000,0.42000,0.58000,0.00000,425,44,41,3,0,0,0,0,-1,0,0,,,0,,0.00000,0,-1,0,0,,,0,,0.00000,0,-1,0,0,,,0,,0.00000,-1,0,0,,4-171,41,,10.00000,0,-1,0,0,,,0,,0.00000,0,-1,0,0,,,0,,0.00000,-1,0,0,,7-123,3,,5.00000,0,-1,0,0,,,0,,0.00000,"ProtTrypx41(pos4-171,sev10); MetOxx3(pos7-123,sev5)",0.00000,0.00000,0.00000,0.00000,4.77868,4.77868,,,,False,False,False,False,0.00000,0.00000,100000.25000,100000.25000,0.00000,0.40287,0.00000,0.00000,0.00000,0.00000,0.00000,0.00000,0.40287,0.00000,0.00000,0.00000,0.65128,0.65128,1.00476,0.00000,False,False,False,False,False,False,False,False,False,False,False,False,3.26725,3.02038,2.18372,6.00246,7.39289,False,False,False,True,0.36307,18.25605,6.74149,7.08559,0.42869,0.46478,0.00000,0.38248,0.38458,0.38411,0.38411,0.64786,0.47147,0.01709,0.01709,0.03305,0.49148,0.47699,1.50764,3.45508,False,False,False,False,False,False,False,False,False,False,False,False,360.66901,31.18970,8.27530,,,,29,0,
zinc_finger_18,zinc_finger_18.cif,TRSDHLKRQRTTGEKPSRSDHLKRQRTTLGKRNLTKPARSDNLKRIRTTGEKPSRSDHLKRIRTTGGEKPTRSDHLKRQRTTGEKPARSDERKRERTERAEK,FQCRICMQNFTRSDHLKRHQRTHTGEKPFACDICGQKFSRSDHLKRHQRTHTLGKRNLTKPFQCRICMQNFARSDNLKRHIRTHTGEKPFACDICGQKFSRSDHLKRHIRTHTGGEKPFQCRICMQNFTRSDHLKRHQRTHTGEKPFACDICGRKFARSDERKRHERTHERAEK,174,6,252.00000,252.00000,102,0.00000,0.05882,0.02941,0.00000,0.07843,0.04902,0.13725,0.00000,0.01961,0.01961,0.05882,0.06863,0.00000,0.02941,0.07843,0.12745,0.03922,0.00000,0.20588,0.00000,0.00000,0.47059,0.52941,0.00000,415,43,40,3,0,0,0,0,-1,0,0,,,0,,0.00000,0,-1,0,0,,,0,,0.00000,0,-1,0,0,,,0,,0.00000,-1,0,0,,4-171,40,,10.00000,0,-1,0,0,,,0,,0.00000,0,-1,0,0,,,0,,0.00000,-1,0,0,,7-125,3,,5.00000,0,-1,0,0,,,0,,0.00000,"ProtTrypx40(pos4-171,sev10); MetOxx3(pos7-125,sev5)",0.00000,0.00000,0.00000,0.00000,4.49922,4.49922,,,,False,False,False,False,0.00000,0.00000,100000.25000,100000.25000,0.00000,0.37138,0.00000,0.00000,0.00000,0.00000,0.00000,0.00000,0.37138,0.00000,0.00000,0.00000,0.63716,0.63716,1.12406,0.00000,False,False,False,False,False,False,False,False,False,False,False,False,2.87622,3.01346,1.61922,5.70042,7.07500,False,False,False,True,0.45256,13.49087,5.30061,5.33668,0.57609,0.59719,0.00000,0.55184,0.55833,0.56166,0.56166,0.70117,0.53204,0.07380,0.07380,0.21510,0.53170,0.52088,1.25747,2.41520,False,False,False,False,False,False,False,False,False,False,False,True,474.22272,31.70970,12.66330,,,,37,0,
zinc_finger_19,zinc_finger_19.cif,TRSDHLKRQRTTGEKPTRSSHLKRQRTTGEKKPKPSRSDNLKRMRTTGEKPSRSDHLKRQRTTGGEKPVRSDHLKRQRTTGEKPARSDERRRQRTKRAKK,FQCRICMQNFTRSDHLKRHQRTHTGEKPFACDICGQKFTRSSHLKRHQRTHTGEKKPKPFQCRICMQNFSRSDNLKRHMRTHTGEKPFACDICGQKFSRSDHLKRHQRTHTGGEKPFQCRICMQNFVRSDHLKRHQRTHTGEKPFACDICGRKFARSDERRRHQRTHKRAKK,172,6,250.00000,250.00000,100,0.00000,0.06000,0.02000,0.00000,0.09000,0.06000,0.13000,0.01000,0.00000,0.01000,0.05000,0.05000,0.01000,0.05000,0.06000,0.15000,0.04000,0.00000,0.21000,0.00000,0.00000,0.44000,0.56000,0.00000,440,46,42,4,0,0,0,0,-1,0,0,,,0,,0.00000,0,-1,0,0,,,0,,0.00000,0,-1,0,0,,,0,,0.00000,-1,0,0,,4-171,42,,10.00000,0,-1,0,0,,,0,,0.00000,0,-1,0,0,,,0,,0.00000,-1,0,0,,7-123,4,,5.00000,0,-1,0,0,,,0,,0.00000,"ProtTrypx42(pos4-171,sev10); MetOxx4(pos7-123,sev5)",0.00000,0.00000,0.00000,0.00000,3.79417,3.79417,,,,False,False,False,True,0.00000,0.00000,100000.25000,100000.25000,0.00000,0.41785,0.00000,0.00000,0.00000,0.00000,0.00000,0.00000,0.41785,0.00000,0.00000,0.00000,0.66246,0.66246,1.01495,0.00000,False,False,False,False,False,False,False,False,False,False,False,False,12.55472,5.08998,2.97610,30.75694,32.06315,False,False,False,False,0.46149,13.42297,4.53476,4.53476,0.62016,0.64108,0.00000,0.59687,0.60131,0.59825,0.59825,0.73857,0.55730,0.08174,0.08174,0.23014,0.54626,0.52885,1.26695,2.45077,False,False,False,False,False,True,False,False,False,False,False,True,407.28098,29.52260,4.25630,,,,29,0,
zinc_finger_20,zinc_finger_20.cif,TRSDHLKRQRTTGEKPTRSDHLKRQRTTGEKKEKPTRSDNLRRQRTTGEKPARSDHLKRMRTTGGEKPVRSDHLKTQRTTGEKPARSDERRRERTLRAKK,FQCRICMQNFTRSDHLKRHQRTHTGEKPFACDICGQKFTRSDHLKRHQRTHTGEKKEKPFQCRICMQNFTRSDNLRRHQRTHTGEKPFACDICGQKFARSDHLKRHMRTHTGGEKPFQCRICMQNFVRSDHLKTHQRTHTGEKPFACDICGRKFARSDERRRHERTHLRAKK,172,6,250.00000,250.00000,100,0.00000,0.06000,0.03000,0.00000,0.06000,0.05000,0.15000,0.01000,0.00000,0.01000,0.06000,0.06000,0.01000,0.04000,0.08000,0.13000,0.04000,0.00000,0.21000,0.00000,0.00000,0.49000,0.51000,0.00000,420,44,40,4,0,0,0,0,-1,0,0,,,0,,0.00000,0,-1,0,0,,,0,,0.00000,0,-1,0,0,,,0,,0.00000,-1,0,0,,4-171,40,,10.00000,0,-1,0,0,,,0,,0.00000,0,-1,0,0,,,0,,0.00000,-1,0,0,,7-123,4,,5.00000,0,-1,0,0,,,0,,0.00000,"ProtTrypx40(pos4-171,sev10); MetOxx4(pos7-123,sev5)",0.00000,0.00000,0.00000,0.00000,3.62588,3.62588,,,,False,False,False,True,0.00000,0.00000,100000.25000,100000.25000,0.00000,0.42097,0.00000,0.00000,0.00000,0.00000,0.00000,0.00000,0.42097,0.00000,0.00000,0.00000,0.65090,0.65090,1.02845,0.00000,False,False,False,False,False,False,False,False,False,False,False,False,2.94764,2.75476,1.76484,5.61621,6.99467,False,False,False,True,0.44256,13.07467,5.35988,5.35988,0.60555,0.62580,0.00000,0.58353,0.58832,0.59195,0.59195,0.72556,0.54386,0.09341,0.09341,0.24096,0.53078,0.50398,1.31398,2.65022,False,False,False,False,False,False,False,False,False,False,False,True,361.69995,31.62290,9.41460,,,,41,0,
zinc_finger_21,zinc_finger_21.cif,TRSDHLKRQRTTGEKPTRSDHLKRMRTTTGKAHGPRRRRSDNLKRQRTTGEKPSRSDHLKRIRTTGGEKPVRSDHLKRQRTTGEKPARSDDRKRERTLRAKK,FQCRICMQNFTRSDHLKRHQRTHTGEKPFACDICGQKFTRSDHLKRHMRTHTTGKAHGPRRFQCRICMQNFRRSDNLKRHQRTHTGEKPFACDICGQKFSRSDHLKRHIRTHTGGEKPFQCRICMQNFVRSDHLKRHQRTHTGEKPFACDICGRKFARSDDRKRHERTHLRAKK,174,6,252.00000,252.00000,102,0.00000,0.06863,0.02941,0.00000,0.06863,0.04902,0.13725,0.00980,0.00980,0.00980,0.06863,0.05882,0.00980,0.02941,0.04902,0.12745,0.04902,0.00000,0.22549,0.00000,0.00000,0.45098,0.54902,0.00000,440,46,42,4,0,0,0,0,-1,0,0,,,0,,0.00000,0,-1,0,0,,,0,,0.00000,0,-1,0,0,,,0,,0.00000,-1,0,0,,4-173,42,,10.00000,0,-1,0,0,,,0,,0.00000,0,-1,0,0,,,0,,0.00000,-1,0,0,,7-125,4,,5.00000,0,-1,0,0,,,0,,0.00000,"ProtTrypx42(pos4-173,sev10); MetOxx4(pos7-125,sev5)",0.00000,0.00000,0.00000,0.00000,4.63306,4.63306,,,,False,False,False,False,0.00000,0.00000,100000.25000,100000.25000,0.00000,0.39500,0.00000,0.00000,0.00000,0.00000,0.00000,0.00000,0.39500,0.00000,0.00000,0.00000,0.65441,0.65441,1.02444,0.00000,False,False,False,False,False,False,False,False,False,False,False,False,11.81313,3.70876,2.34647,28.46858,30.46108,False,False,False,True,0.47758,13.14876,4.42564,4.42564,0.62650,0.64594,0.00000,0.60541,0.60976,0.61120,0.61120,0.73866,0.56795,0.09022,0.09022,0.24976,0.52488,0.50410,1.26468,2.47924,False,False,False,False,False,True,False,False,False,False,True,True,337.79199,31.32800,9.25640,,,,44,0,
zinc_finger_22,zinc_finger_22.cif,SRSSHLKRQRTTGEKPTRSDHLKRQRTTTGGKREKPSRSDNLKRQRTTGEKPSRSDHLKTMRTTGGPKPTRSDHLKRQRTTGEKPARSDDLKRQRTKRAKK,FQCRICMQNFSRSSHLKRHQRTHTGEKPFACDICGQKFTRSDHLKRHQRTHTTGGKREKPFQCRICMQNFSRSDNLKRHQRTHTGEKPFACDICGQKFSRSDHLKTHMRTHTGGPKPFQCRICMQNFTRSDHLKRHQRTHTGEKPFACDICGRKFARSDDLKRHQRTHKRAKK,173,6,251.00000,251.00000,101,0.00000,0.06931,0.01980,0.00000,0.09901,0.05941,0.14851,0.00000,0.00000,0.00990,0.05941,0.05941,0.00990,0.04950,0.03960,0.14851,0.03960,0.00000,0.18812,0.00000,0.00000,0.42574,0.57426,0.00000,420,44,40,4,0,0,0,0,-1,0,0,,,0,,0.00000,0,-1,0,0,,,0,,0.00000,0,-1,0,0,,,0,,0.00000,-1,0,0,,4-172,40,,10.00000,0,-1,0,0,,,0,,0.00000,0,-1,0,0,,,0,,0.00000,-1,0,0,,7-124,4,,5.00000,0,-1,0,0,,,0,,0.00000,"ProtTrypx40(pos4-172,sev10); MetOxx4(pos7-124,sev5)",0.00000,0.00000,0.00000,0.00000,6.32529,6.32529,,,,False,False,False,False,0.00000,0.00000,100000.25000,100000.25000,0.00000,0.39718,0.00000,0.00000,0.00000,0.00000,0.00000,0.00000,0.39718,0.00000,0.00000,0.00000,0.65659,0.65659,1.05817,0.00000,False,False,False,False,False,False,False,False,False,False,False,False,2.37495,2.73778,1.87958,3.92557,4.43611,True,False,False,True,0.44789,13.09519,5.29598,5.29598,0.60698,0.62663,0.00000,0.58443,0.59242,0.58819,0.58819,0.72022,0.54600,0.09359,0.09359,0.23395,0.54444,0.52636,1.23309,2.42111,False,False,False,False,False,False,False,False,False,False,False,True,365.33273,30.18850,6.36960,,,,30,0,
zinc_finger_23,zinc_finger_23.cif,TRSSHLKTQRTTGEKPTRSDHLKRMRTTKSSKPSRSDNLKRIRTTGEKPSRSDHLRRQRTTGAPKPVRSDHLKRQRTTGEKPARSDELRRQRTLRAKK,FQCRICMQNFTRSSHLKTHQRTHTGEKPFACDICGQKFTRSDHLKRHMRTHTKSSKPFQCRICMQNFSRSDNLKRHIRTHTGEKPFACDICGQKFSRSDHLRRHQRTHTGAPKPFQCRICMQNFVRSDHLKRHQRTHTGEKPFACDICGRKFARSDELRRHQRTHLRAKK,170,6,248.00000,248.00000,98,0.00000,0.04082,0.03061,0.00000,0.11224,0.06122,0.14286,0.01020,0.01020,0.01020,0.05102,0.07143,0.01020,0.04082,0.04082,0.12245,0.04082,0.00000,0.20408,0.00000,0.00000,0.46939,0.53061,0.00000,400,42,38,4,0,0,0,0,-1,0,0,,,0,,0.00000,0,-1,0,0,,,0,,0.00000,0,-1,0,0,,,0,,0.00000,-1,0,0,,4-169,38,,10.00000,0,-1,0,0,,,0,,0.00000,0,-1,0,0,,,0,,0.00000,-1,0,0,,7-121,4,,5.00000,0,-1,0,0,,,0,,0.00000,"ProtTrypx38(pos4-169,sev10); MetOxx4(pos7-121,sev5)",0.00000,0.00000,0.00000,0.00000,4.28305,4.28305,,,,False,False,False,False,0.00000,0.00000,100000.25000,100000.25000,0.00000,0.41794,0.00000,0.00000,0.00000,0.00000,0.00000,0.00000,0.41794,0.00000,0.00000,0.00000,0.65651,0.65651,1.03675,0.00000,False,False,False,False,False,False,False,False,False,False,False,False,11.58514,2.92476,1.97667,28.17118,30.09137,False,False,False,True,0.49129,13.28703,4.92298,4.92298,0.60049,0.62535,0.00000,0.57011,0.57142,0.57425,0.57425,0.76184,0.58238,0.07927,0.07927,0.19222,0.52457,0.50322,1.20419,2.32010,False,False,False,False,False,True,False,False,False,False,False,True,317.06372,33.02120,15.24470,,,,25,0,
zinc_finger_24,zinc_finger_24.cif,TRSDHLKRQRTTGEKPTRSDHLKRMRTTKKSKPSRSDNLRRQRTTGEKPARSDHLKRIRTTGGPKPVRSDHLTRQRTTGEKPARSDERKRERTKRAKK,FQCRICMQNFTRSDHLKRHQRTHTGEKPFACDICGQKFTRSDHLKRHMRTHTKKSKPFQCRICMQNFSRSDNLRRHQRTHTGEKPFACDICGQKFARSDHLKRHIRTHTGGPKPFQCRICMQNFVRSDHLTRHQRTHTGEKPFACDICGRKFARSDERKRHERTHKRAKK,170,6,248.00000,248.00000,98,0.00000,0.05102,0.03061,0.00000,0.08163,0.06122,0.14286,0.01020,0.01020,0.01020,0.06122,0.05102,0.01020,0.03061,0.05102,0.14286,0.04082,0.00000,0.21429,0.00000,0.00000,0.50000,0.50000,0.00000,430,45,41,4,0,0,0,0,-1,0,0,,,0,,0.00000,0,-1,0,0,,,0,,0.00000,0,-1,0,0,,,0,,0.00000,-1,0,0,,4-169,41,,10.00000,0,-1,0,0,,,0,,0.00000,0,-1,0,0,,,0,,0.00000,-1,0,0,,7-121,4,,5.00000,0,-1,0,0,,,0,,0.00000,"ProtTrypx41(pos4-169,sev10); MetOxx4(pos7-121,sev5)",0.00000,0.00000,0.00000,0.00000,3.12557,3.12557,,,,False,False,False,True,0.00000,0.00000,100000.25000,100000.25000,0.00000,0.45996,0.00000,0.00000,0.00000,0.00000,0.00000,0.00000,0.45996,0.00000,0.00000,0.00000,0.66565,0.66565,1.06274,0.00000,False,False,False,False,False,False,False,False,False,False,False,False,11.55667,2.27958,1.87682,28.04928,30.04614,False,False,False,True,0.48934,12.74584,4.29494,4.29494,0.62434,0.64580,0.00000,0.59950,0.60073,0.60511,0.60511,0.75676,0.58967,0.09449,0.09449,0.22756,0.54368,0.51469,1.19735,2.31910,False,False,False,False,False,True,False,False,False,False,False,True,360.58493,31.40660,8.29040,,,,32,0,
zinc_finger_25,zinc_finger_25.cif,PRSSHLKRQRTTGEKPSQSSHLKRMRTTKKEKPSRSDNLRRQRTTGEKPSRSDHLKRIRTTGGEKPTRSDHLKRQRTTGEKPARSDERRRQRTLRAEK,FQCRICMQNFPRSSHLKRHQRTHTGEKPFACDICGQKFSQSSHLKRHMRTHTKKEKPFQCRICMQNFSRSDNLRRHQRTHTGEKPFACDICGQKFSRSDHLKRHIRTHTGGEKPFQCRICMQNFTRSDHLKRHQRTHTGEKPFACDICGRKFARSDERRRHQRTHLRAEK,170,6,248.00000,248.00000,98,0.00000,0.05102,0.02041,0.00000,0.11224,0.06122,0.12245,0.00000,0.01020,0.01020,0.04082,0.06122,0.01020,0.05102,0.07143,0.12245,0.04082,0.00000,0.21429,0.00000,0.00000,0.46939,0.53061,0.00000,410,43,39,4,0,0,0,0,-1,0,0,,,0,,0.00000,0,-1,0,0,,,0,,0.00000,0,-1,0,0,,,0,,0.00000,-1,0,0,,4-167,39,,10.00000,0,-1,0,0,,,0,,0.00000,0,-1,0,0,,,0,,0.00000,-1,0,0,,7-121,4,,5.00000,0,-1,0,0,,,0,,0.00000,"ProtTrypx39(pos4-167,sev10); MetOxx4(pos7-121,sev5)",0.00000,0.00000,0.00000,0.00000,2.70642,2.70642,,,,False,False,False,True,0.00000,0.00000,100000.25000,100000.25000,0.00000,0.40854,0.00000,0.00000,0.00000,0.00000,0.00000,0.00000,0.40854,0.00000,0.00000,0.00000,0.65291,0.65291,1.13782,0.00000,False,False,False,False,False,False,False,False,False,False,False,False,11.51979,2.55102,1.78736,27.96503,29.96055,False,False,False,True,0.50922,12.15442,4.28871,4.28871,0.65433,0.67355,0.00000,0.63171,0.63725,0.63681,0.63681,0.76475,0.58358,0.10290,0.10290,0.26797,0.53320,0.52278,1.13647,2.08865,False,False,False,False,False,True,False,False,False,False,True,True,345.56943,31.93730,9.62650,,,,27,0,
zinc_finger_26,zinc_finger_26.cif,TRSSHLKRQRTTGEKPSRSDHLKRMGTTGEKTSRTQPRSRSDNLKRIRTTGEKPSRSDHLKRIRTTGGPKPVRSDHLKRQRTTGEKPARSDERKRERTLRAKK,FQCRICMQNFTRSSHLKRHQRTHTGEKPFACDICGQKFSRSDHLKRHMGTHTGEKTSRTQPRFQCRICMQNFSRSDNLKRHIRTHTGEKPFACDICGQKFSRSDHLKRHIRTHTGGPKPFQCRICMQNFVRSDHLKRHQRTHTGEKPFACDICGRKFARSDERKRHERTHLRAKK,175,6,253.00000,253.00000,103,0.00000,0.06796,0.01942,0.00000,0.10680,0.05825,0.13592,0.00971,0.01942,0.00971,0.04854,0.05825,0.00971,0.02913,0.05825,0.12621,0.03883,0.00000,0.20388,0.00000,0.00000,0.47573,0.52427,0.00000,420,44,40,4,0,0,0,0,-1,0,0,,,0,,0.00000,0,-1,0,0,,,0,,0.00000,0,-1,0,0,,,0,,0.00000,-1,0,0,,4-174,40,,10.00000,0,-1,0,0,,,0,,0.00000,0,-1,0,0,,,0,,0.00000,-1,0,0,,7-126,4,,5.00000,0,-1,0,0,,,0,,0.00000,"ProtTrypx40(pos4-174,sev10); MetOxx4(pos7-126,sev5)",0.00000,0.00000,0.00000,0.00000,3.31884,3.31884,,,,False,False,False,True,0.00000,0.00000,100000.25000,100000.25000,0.00000,0.44004,0.00000,0.00000,0.00000,0.00000,0.00000,0.00000,0.44004,0.00000,0.00000,0.00000,0.65405,0.65405,1.04214,0.00000,False,False,False,False,False,False,False,False,False,False,False,False,2.95650,3.54848,1.67061,6.00434,7.27617,False,False,False,True,0.42286,14.78588,5.74637,6.05035,0.53042,0.55359,0.00000,0.50322,0.50925,0.50249,0.50249,0.67461,0.51895,0.05835,0.05835,0.16538,0.49747,0.48582,1.34181,2.77977,False,False,False,False,False,False,False,False,False,False,False,True,457.92487,31.77750,13.19040,,,,38,0,
zinc_finger_27,zinc_finger_27.cif,SRSDHLKRQRTTGEKPTRSDHLKRMRTTHPGDREKPTRSDNLTRQRTTGEKPSRSDHLRRQRTTGGPKPTRSDHLKRQRTTGEKPARSDERKRERTLRAEK,FQCRICMQNFSRSDHLKRHQRTHTGEKPFACDICGQKFTRSDHLKRHMRTHTHPGDREKPFQCRICMQNFTRSDNLTRHQRTHTGEKPFACDICGQKFSRSDHLRRHQRTHTGGPKPFQCRICMQNFTRSDHLKRHQRTHTGEKPFACDICGRKFARSDERKRHERTHLRAEK,173,6,251.00000,251.00000,101,0.00000,0.05941,0.01980,0.00000,0.07921,0.06931,0.14851,0.00000,0.00000,0.00990,0.06931,0.05941,0.00990,0.03960,0.06931,0.09901,0.04950,0.00000,0.21782,0.00000,0.00000,0.50495,0.49505,0.00000,400,42,38,4,0,0,0,0,-1,0,0,,,0,,0.00000,0,-1,0,0,,,0,,0.00000,0,-1,0,0,,,0,,0.00000,-1,0,0,,4-170,38,,10.00000,0,-1,0,0,,,0,,0.00000,0,-1,0,0,,,0,,0.00000,-1,0,0,,7-124,4,,5.00000,0,-1,0,0,,,0,,0.00000,"ProtTrypx38(pos4-170,sev10); MetOxx4(pos7-124,sev5)",0.00000,0.00000,0.00000,0.00000,9.46319,9.46319,,,,False,False,False,False,0.00000,0.00000,100000.25000,100000.25000,0.00000,0.39237,0.00000,0.00000,0.00000,0.00000,0.00000,0.00000,0.39237,0.00000,0.00000,0.00000,0.64023,0.64023,1.09609,0.00000,False,False,False,False,False,False,False,False,False,False,False,False,3.07068,2.78077,1.98864,5.76787,7.15997,False,False,False,True,0.46033,15.76619,4.57814,4.58573,0.51609,0.55310,0.00000,0.46827,0.47261,0.46995,0.46995,0.74659,0.54867,0.04289,0.04289,0.11940,0.49270,0.47712,1.29088,2.69442,False,False,False,False,False,True,False,False,False,False,False,False,362.79294,31.37680,9.31910,,,,37,0,
zinc_finger_28,zinc_finger_28.cif,SRSSHLKRQRTTGEKPSRSSHLKRMRTTSKSKPSRSDNLKRQRTTGEKPSRSDHLRRQRTTGGEKPVRSDHLRRQRTTGEKPARSDELKRQRTKKAKK,FQCRICMQNFSRSSHLKRHQRTHTGEKPFACDICGQKFSRSSHLKRHMRTHTSKSKPFQCRICMQNFSRSDNLKRHQRTHTGEKPFACDICGQKFSRSDHLRRHQRTHTGGEKPFQCRICMQNFVRSDHLRRHQRTHTGEKPFACDICGRKFARSDELKRHQRTHKKAKK,170,6,248.00000,248.00000,98,0.00000,0.05102,0.02041,0.00000,0.14286,0.05102,0.11224,0.01020,0.00000,0.01020,0.04082,0.06122,0.01020,0.05102,0.05102,0.14286,0.04082,0.00000,0.20408,0.00000,0.00000,0.42857,0.57143,0.00000,420,44,40,4,0,0,0,0,-1,0,0,,,0,,0.00000,0,-1,0,0,,,0,,0.00000,0,-1,0,0,,,0,,0.00000,-1,0,0,,4-169,40,,10.00000,0,-1,0,0,,,0,,0.00000,0,-1,0,0,,,0,,0.00000,-1,0,0,,7-121,4,,5.00000,0,-1,0,0,,,0,,0.00000,"ProtTrypx40(pos4-169,sev10); MetOxx4(pos7-121,sev5)",0.00000,0.00000,0.00000,0.00000,3.70940,3.70940,,,,False,False,False,True,0.00000,0.00000,100000.25000,100000.25000,0.00000,0.42150,0.00000,0.00000,0.00000,0.00000,0.00000,0.00000,0.42150,0.00000,0.00000,0.00000,0.64456,0.64456,1.02340,0.00000,False,False,False,False,False,False,False,False,False,False,False,False,11.59363,2.87279,1.59602,28.41250,30.26589,False,False,False,True,0.49916,11.42975,2.97374,2.97374,0.67175,0.68311,0.00000,0.66424,0.66828,0.66952,0.66952,0.72424,0.58668,0.12071,0.12071,0.32685,0.57506,0.56146,1.15816,2.20263,False,False,False,True,True,True,False,False,False,False,True,True,323.12094,30.77640,7.01870,,,,30,0,
zinc_finger_29,zinc_finger_29.cif,TRSSHLKRQRTTGEKPSRSDHLKRMRTTGKSKPSRSDNLTRQRTTGEKPSRSDHLKRQRTTGGEKPVRSDHLKRQRTTGEKPARSDDLRRQRTARAAK,FQCRICMQNFTRSSHLKRHQRTHTGEKPFACDICGQKFSRSDHLKRHMRTHTGKSKPFQCRICMQNFSRSDNLTRHQRTHTGEKPFACDICGQKFSRSDHLKRHQRTHTGGEKPFQCRICMQNFVRSDHLKRHQRTHTGEKPFACDICGRKFARSDDLRRHQRTHARAAK,170,6,248.00000,248.00000,98,0.00000,0.06122,0.04082,0.00000,0.11224,0.05102,0.13265,0.01020,0.00000,0.01020,0.06122,0.06122,0.01020,0.05102,0.04082,0.11224,0.04082,0.00000,0.20408,0.00000,0.00000,0.45918,0.54082,0.00000,390,41,37,4,0,0,0,0,-1,0,0,,,0,,0.00000,0,-1,0,0,,,0,,0.00000,0,-1,0,0,,,0,,0.00000,-1,0,0,,4-167,37,,10.00000,0,-1,0,0,,,0,,0.00000,0,-1,0,0,,,0,,0.00000,-1,0,0,,7-121,4,,5.00000,0,-1,0,0,,,0,,0.00000,"ProtTrypx37(pos4-167,sev10); MetOxx4(pos7-121,sev5)",0.00000,0.00000,0.00000,0.00000,3.57302,3.57302,,,,False,False,False,True,0.00000,0.00000,100000.25000,100000.25000,0.00000,0.41571,0.00000,0.00000,0.00000,0.00000,0.00000,0.00000,0.41571,0.00000,0.00000,0.00000,0.65602,0.65602,1.03426,0.00000,False,False,False,False,False,False,False,False,False,False,False,False,11.68778,2.98918,1.98136,28.55998,30.37436,False,False,False,True,0.50837,12.13527,3.89095,3.89095,0.65505,0.67520,0.00000,0.63193,0.63621,0.63544,0.63544,0.76949,0.59762,0.09651,0.09651,0.26019,0.53552,0.51967,1.14907,2.19526,False,False,False,False,True,True,False,False,False,False,True,True,355.64014,31.78480,9.20800,,,,34,0,
