id,file_name,designed_sequence,designed_chain_sequence,num_prot_tokens,num_lig_atoms,num_resolved_tokens,num_tokens,num_design,UNK_fraction,GLY_fraction,ALA_fraction,CYS_fraction,SER_fraction,PRO_fraction,THR_fraction,VAL_fraction,ILE_fraction,ASN_fraction,ASP_fraction,LEU_fraction,MET_fraction,GLN_fraction,GLU_fraction,LYS_fraction,HIS_fraction,PHE_fraction,ARG_fraction,TYR_fraction,TRP_fraction,loop,helix,sheet,liability_score,liability_num_violations,liability_high_severity_violations,liability_medium_severity_violations,liability_low_severity_violations,liability_AspBridge_count,liability_ProtTryp_count,liability_MetOx_count,liability_HydroPatch_count,liability_MetOx_position,liability_MetOx_length,liability_MetOx_severity,liability_MetOx_details,liability_MetOx_positions,liability_MetOx_num_positions,liability_MetOx_global_details,liability_MetOx_avg_severity,liability_AspCleave_count,liability_AspCleave_position,liability_AspCleave_length,liability_AspCleave_severity,liability_AspCleave_details,liability_AspCleave_positions,liability_AspCleave_num_positions,liability_AspCleave_global_details,liability_AspCleave_avg_severity,liability_AspBridge_position,liability_AspBridge_length,liability_AspBridge_severity,liability_AspBridge_details,liability_AspBridge_positions,liability_AspBridge_num_positions,liability_AspBridge_global_details,liability_AspBridge_avg_severity,liability_HydroPatch_position,liability_HydroPatch_length,liability_HydroPatch_severity,liability_HydroPatch_details,liability_HydroPatch_positions,liability_HydroPatch_num_positions,liability_HydroPatch_global_details,liability_HydroPatch_avg_severity,liability_DPP4_count,liability_DPP4_position,liability_DPP4_length,liability_DPP4_severity,liability_DPP4_details,liability_DPP4_positions,liability_DPP4_num_positions,liability_DPP4_global_details,liability_DPP4_avg_severity,liability_ProtTryp_position,liability_ProtTryp_length,liability_ProtTryp_severity,liability_ProtTryp_details,liability_ProtTryp_positions,liability_ProtTryp_num_positions,liability_ProtTryp_global_details,liability_ProtTryp_avg_severity,liability_NTCycl_count,liability_NTCycl_position,liability_NTCycl_length,liability_NTCycl_severity,liability_NTCycl_details,liability_NTCycl_positions,liability_NTCycl_num_positions,liability_NTCycl_global_details,liability_NTCycl_avg_severity,liability_TrpOx_count,liability_TrpOx_position,liability_TrpOx_length,liability_TrpOx_severity,liability_TrpOx_details,liability_TrpOx_positions,liability_TrpOx_num_positions,liability_TrpOx_global_details,liability_TrpOx_avg_severity,liability_violations_summary,native_rmsd,native_rmsd_bb,native_rmsd_refolded,native_rmsd_bb_refolded,designfolding-bb_rmsd,designfolding-bb_rmsd_design,designfolding-bb_rmsd_target,designfolding-bb_rmsd_design_target,designfolding-bb_target_aligned_rmsd_design,designfolding-bb_rmsd<2.5,designfolding-bb_target_aligned<2.5,designfolding-bb_designability_rmsd_2,designfolding-bb_designability_rmsd_4,designfolding-ligand_iptm,designfolding-interaction_pae,designfolding-min_interaction_pae,designfolding-min_design_to_target_pae,designfolding-iptm,designfolding-ptm,designfolding-protein_iptm,designfolding-design_iptm,designfolding-design_iiptm,designfolding-design_to_target_iptm,designfolding-design_residue_iptm,designfolding-target_ptm,designfolding-design_ptm,designfolding-design_ipsae_min,designfolding-design_to_target_ipsae,designfolding-target_to_design_ipsae,designfolding-complex_plddt,designfolding-complex_iplddt,designfolding-complex_pde,designfolding-complex_ipde,designfolding-min_interaction_pae<1.5,designfolding-min_interaction_pae<2,designfolding-min_interaction_pae<2.5,designfolding-min_interaction_pae<3,designfolding-min_interaction_pae<4,designfolding-min_interaction_pae<5,designfolding-design_ptm>80,designfolding-design_ptm>75,designfolding-design_iptm>80,designfolding-design_iptm>70,designfolding-design_iptm>60,designfolding-design_iptm>50,bb_rmsd,bb_rmsd_design,bb_rmsd_target,bb_rmsd_design_target,bb_target_aligned_rmsd_design,bb_rmsd<2.5,bb_target_aligned<2.5,bb_designability_rmsd_2,bb_designability_rmsd_4,ligand_iptm,interaction_pae,min_interaction_pae,min_design_to_target_pae,iptm,ptm,protein_iptm,design_iptm,design_iiptm,design_to_target_iptm,design_residue_iptm,target_ptm,design_ptm,design_ipsae_min,design_to_target_ipsae,target_to_design_ipsae,complex_plddt,complex_iplddt,complex_pde,complex_ipde,min_interaction_pae<1.5,min_interaction_pae<2,min_interaction_pae<2.5,min_interaction_pae<3,min_interaction_pae<4,min_interaction_pae<5,design_ptm>80,design_ptm>75,design_iptm>80,design_iptm>70,design_iptm>60,design_iptm>50,design_largest_hydrophobic_patch_refolded,design_chain_hydrophobicity,design_hydrophobicity,delta_sasa_refolded,design_sasa_unbound_refolded,design_sasa_bound_refolded,plip_hbonds_refolded,plip_saltbridge_refolded,liability_UnpairedCys_count,liability_UnpairedCys_position,liability_UnpairedCys_length,liability_UnpairedCys_severity,liability_UnpairedCys_details,liability_details
rna_spec_01,rna_spec_01.cif,SRPNHTIYINNLNEKIKDDELKKSLHARFSRFGQILDILVNRKKMNGQAFITFKEVSSATNALRMQGLPFYDKPMRIQYSKD,SRPNHTIYINNLNEKIKDDELKKSLHARFSRFGQILDILVNRKKMNGQAFITFKEVSSATNALRMQGLPFYDKPMRIQYSKD,82,0,99.00000,102.00000,82,0.00000,0.03659,0.04878,0.00000,0.07317,0.03659,0.03659,0.02439,0.08537,0.08537,0.06098,0.08537,0.03659,0.04878,0.03659,0.10976,0.02439,0.06098,0.07317,0.03659,0.00000,0.39024,0.32927,0.28049,195,22,17,5,0,0,0,0,0,-1,0,0,,45-75,3,,5.00000,0,-1,0,0,,,0,,0.00000,-1,0,0,,46-61,2,,10.00000,-1,0,0,,7-38,2,,5.00000,0,-1,0,0,,,0,,0.00000,-1,0,0,,2-81,15,,10.00000,0,-1,0,0,,,0,,0.00000,0,-1,0,0,,,0,,0.00000,"AspBridgex2(pos46-61,sev10); ProtTrypx15(pos2-81,sev10); MetOxx3(pos45-75,sev5); HydroPatchx2(pos7-38,sev5)",0.00000,0.00000,0.00000,0.00000,6.68078,6.68078,,,,False,False,False,False,0.00000,0.00000,100000.25000,100000.25000,0.00000,0.64040,0.00000,0.00000,0.00000,0.00000,0.00000,0.00000,0.64040,0.00000,0.00000,0.00000,0.64056,0.64056,1.07689,0.00000,False,False,False,False,False,False,False,False,False,False,False,False,2.33853,2.38002,1.99542,3.07542,3.76716,True,False,False,True,0.00000,13.94781,5.06301,5.06301,0.34464,0.46265,0.00000,0.34464,0.34464,0.34464,0.34464,0.54817,0.49774,0.01620,0.01620,0.07465,0.59585,0.58144,1.37545,3.13881,False,False,False,False,False,False,False,False,False,False,False,False,678.29822,48.56970,48.56970,,,,7,0,,,,,,
rna_spec_02,rna_spec_02.cif,PAITKYCTLENYDPSISEAELLRALAARLAEDPSLVGKKVTIEVQGKKVTINDIKAKPEEVRAAI,PAITKYCTLENYDPSISEAELLRALAARLAEDPSLVGKKVTIEVQGKKVTINDIKAKPEEVRAAI,65,0,82.00000,85.00000,65,0.00000,0.03077,0.13846,0.01538,0.04615,0.06154,0.06154,0.07692,0.09231,0.03077,0.04615,0.09231,0.00000,0.01538,0.10769,0.10769,0.00000,0.00000,0.04615,0.03077,0.00000,0.36923,0.41538,0.21538,135,14,13,1,0,0,0,0,0,-1,0,0,,,0,,0.00000,0,-1,0,0,,13-32,2,,10.00000,-1,0,0,,,0,,0.00000,-1,0,0,,,0,,0.00000,0,1,2,5,,,0,,0.00000,-1,0,0,,5-62,10,,10.00000,0,-1,0,0,,,0,,0.00000,0,-1,0,0,,,0,,0.00000,"AspCleavex2(pos13-32,sev10); ProtTrypx10(pos5-62,sev10); DPP4(pos1,sev5); UnpairedCys(pos7,sev10)",0.00000,0.00000,0.00000,0.00000,1.08784,1.08784,,,,True,False,True,True,0.00000,0.00000,100000.25000,100000.25000,0.00000,0.67516,0.00000,0.00000,0.00000,0.00000,0.00000,0.00000,0.67516,0.00000,0.00000,0.00000,0.55108,0.55108,0.86204,0.00000,False,False,False,False,False,False,False,False,False,False,False,False,5.43141,1.10593,2.89823,10.31099,13.16021,False,False,True,True,0.00000,15.36093,7.01400,7.01400,0.26347,0.52209,0.00000,0.26347,0.26347,0.26347,0.26347,0.39911,0.61760,0.00895,0.01093,0.00895,0.55438,0.54072,1.00649,4.05069,False,False,False,False,False,False,False,False,False,False,False,False,793.85748,43.48540,43.48540,,,,1,0,1.00000,7.00000,1.00000,10.00000,,
rna_spec_03,rna_spec_03.cif,EVIPLEELLKLPEIKRVILTEDDTRAIVFLVDGKRVFVEGESREELVEALSKRKNTEIIYADELG,EVIPLEELLKLPEIKRVILTEDDTRAIVFLVDGKRVFVEGESREELVEALSKRKNTEIIYADELG,65,0,82.00000,85.00000,65,0.00000,0.04615,0.04615,0.00000,0.03077,0.03077,0.04615,0.10769,0.09231,0.01538,0.06154,0.13846,0.00000,0.00000,0.18462,0.07692,0.00000,0.03077,0.07692,0.01538,0.00000,0.43077,0.26154,0.30769,130,15,11,4,0,0,0,0,0,-1,0,0,,,0,,0.00000,0,32,2,10,,,0,,0.00000,-1,0,0,,,0,,0.00000,-1,0,0,,17-58,4,,5.00000,0,-1,0,0,,,0,,0.00000,-1,0,0,,10-54,10,,10.00000,0,-1,0,0,,,0,,0.00000,0,-1,0,0,,,0,,0.00000,"AspCleave(pos32,sev10); ProtTrypx10(pos10-54,sev10); HydroPatchx4(pos17-58,sev5)",0.00000,0.00000,0.00000,0.00000,1.73672,1.73672,,,,True,False,True,True,0.00000,0.00000,100000.25000,100000.25000,0.00000,0.73368,0.00000,0.00000,0.00000,0.00000,0.00000,0.00000,0.73368,0.00000,0.00000,0.00000,0.58036,0.58036,0.81073,0.00000,False,False,False,False,False,False,False,False,False,False,False,False,3.24066,0.98781,2.89875,3.51970,6.23645,False,False,True,True,0.00000,13.45440,4.69374,4.69374,0.31274,0.54694,0.00000,0.31274,0.31274,0.31274,0.31274,0.42995,0.61930,0.01585,0.01585,0.07522,0.59291,0.59090,0.93901,2.61727,False,False,False,False,False,True,False,False,False,False,False,False,884.14105,56.14330,56.14330,,,,5,0,,,,,,
rna_spec_04,rna_spec_04.cif,TRPNHTIYINNLNRKIKKDELKKSLYKIFSPFGIKKIIVNTKRGLAFVIFKTIENATNALRTLQGFPFYDKPMRIQYSKTDSDV,TRPNHTIYINNLNRKIKKDELKKSLYKIFSPFGIKKIIVNTKRGLAFVIFKTIENATNALRTLQGFPFYDKPMRIQYSKTDSDV,84,0,101.00000,104.00000,84,0.00000,0.03571,0.03571,0.00000,0.04762,0.04762,0.08333,0.03571,0.11905,0.08333,0.04762,0.07143,0.01190,0.02381,0.02381,0.14286,0.01190,0.07143,0.05952,0.04762,0.00000,0.39286,0.30952,0.29762,220,24,20,4,0,0,0,0,0,73,1,5,,,0,,0.00000,0,81,2,10,,,0,,0.00000,-1,0,0,,55-58,2,,10.00000,-1,0,0,,7-47,3,,5.00000,0,-1,0,0,,,0,,0.00000,-1,0,0,,2-79,17,,10.00000,0,-1,0,0,,,0,,0.00000,0,-1,0,0,,,0,,0.00000,"AspBridgex2(pos55-58,sev10); AspCleave(pos81,sev10); ProtTrypx17(pos2-79,sev10); MetOx(pos73,sev5); HydroPatchx3(pos7-47,sev5)",0.00000,0.00000,0.00000,0.00000,1.89961,1.89961,,,,True,False,True,True,0.00000,0.00000,100000.25000,100000.25000,0.00000,0.71874,0.00000,0.00000,0.00000,0.00000,0.00000,0.00000,0.71874,0.00000,0.00000,0.00000,0.63676,0.63676,0.79104,0.00000,False,False,False,False,False,False,False,False,False,False,False,False,2.40318,1.28224,2.31914,2.37699,3.29424,True,False,True,True,0.00000,12.41816,4.61823,4.61823,0.35921,0.49470,0.00000,0.35921,0.35921,0.35921,0.35921,0.52784,0.53234,0.01827,0.01827,0.11432,0.60298,0.60237,1.00808,2.15611,False,False,False,False,False,True,False,False,False,False,False,False,466.43979,52.08530,52.08530,,,,14,0,,,,,,
rna_spec_05,rna_spec_05.cif,HRPTHKIYINNLNEKIKKDELKKSLHAIFSRFGQILDILVSRSLKMRGQAFVIFKEVSSATNAWRQQGFPFYDKPMRISDINSKTPAHKLMAE,HRPTHKIYINNLNEKIKKDELKKSLHAIFSRFGQILDILVSRSLKMRGQAFVIFKEVSSATNAWRQQGFPFYDKPMRISDINSKTPAHKLMAE,93,0,110.00000,113.00000,93,0.00000,0.03226,0.06452,0.00000,0.08602,0.04301,0.03226,0.03226,0.09677,0.05376,0.04301,0.07527,0.03226,0.04301,0.04301,0.11828,0.04301,0.06452,0.06452,0.02151,0.01075,0.44086,0.31183,0.24731,230,26,20,6,0,0,0,0,0,-1,0,0,,46-91,3,,5.00000,0,-1,0,0,,,0,,0.00000,-1,0,0,,62-82,2,,10.00000,-1,0,0,,7-51,3,,5.00000,0,-1,0,0,,,0,,0.00000,-1,0,0,,2-89,17,,10.00000,0,-1,0,0,,,0,,0.00000,0,64,1,10,,,0,,0.00000,"AspBridgex2(pos62-82,sev10); ProtTrypx17(pos2-89,sev10); MetOxx3(pos46-91,sev5); TrpOx(pos64,sev10); HydroPatchx3(pos7-51,sev5)",0.00000,0.00000,0.00000,0.00000,10.32644,10.32644,,,,False,False,False,False,0.00000,0.00000,100000.25000,100000.25000,0.00000,0.68445,0.00000,0.00000,0.00000,0.00000,0.00000,0.00000,0.68445,0.00000,0.00000,0.00000,0.64996,0.64996,0.91551,0.00000,False,False,False,False,False,False,False,False,False,False,False,False,5.34554,10.15857,1.99747,10.34598,10.53261,False,False,False,False,0.00000,13.35561,5.54670,5.54670,0.39843,0.53030,0.00000,0.39843,0.39843,0.39843,0.39843,0.52293,0.57145,0.01766,0.01766,0.07288,0.54207,0.53225,1.04237,2.71291,False,False,False,False,False,False,False,False,False,False,False,False,297.95807,51.38700,51.38700,,,,7,0,,,,,,
rna_spec_06,rna_spec_06.cif,AELEVGDIVVIKRAKNEKEAKYVGKLARVLEVNEDGTAKVYLLDKRFKGRITLPVSYLEKHPNSIRGEER,AELEVGDIVVIKRAKNEKEAKYVGKLARVLEVNEDGTAKVYLLDKRFKGRITLPVSYLEKHPNSIRGEER,70,0,87.00000,90.00000,70,0.00000,0.07143,0.07143,0.00000,0.02857,0.02857,0.02857,0.11429,0.05714,0.04286,0.04286,0.10000,0.00000,0.00000,0.12857,0.12857,0.01429,0.01429,0.08571,0.04286,0.00000,0.50000,0.14286,0.35714,175,19,16,3,0,0,0,0,0,-1,0,0,,,0,,0.00000,0,35,2,10,,,0,,0.00000,63,2,10,,,0,,0.00000,-1,0,0,,8-40,2,,5.00000,0,1,1,5,,,0,,0.00000,-1,0,0,,12-66,14,,10.00000,0,-1,0,0,,,0,,0.00000,0,-1,0,0,,,0,,0.00000,"AspBridge(pos63,sev10); AspCleave(pos35,sev10); ProtTrypx14(pos12-66,sev10); DPP4(pos1,sev5); HydroPatchx2(pos8-40,sev5)",0.00000,0.00000,0.00000,0.00000,5.81837,5.81837,,,,False,False,False,False,0.00000,0.00000,100000.25000,100000.25000,0.00000,0.72018,0.00000,0.00000,0.00000,0.00000,0.00000,0.00000,0.72018,0.00000,0.00000,0.00000,0.67497,0.67497,0.69996,0.00000,False,False,False,False,False,False,False,False,False,False,False,False,6.77596,4.70368,2.31225,14.41125,15.54038,False,False,False,False,0.00000,14.65259,6.68534,6.68534,0.29061,0.51650,0.00000,0.29061,0.29061,0.29061,0.29061,0.43846,0.59407,0.01144,0.01144,0.03997,0.61583,0.56577,0.97705,3.42614,False,False,False,False,False,False,False,False,False,False,False,False,464.34253,42.30850,42.30850,,,,5,0,,,,,,
rna_spec_07,rna_spec_07.cif,GKVETRPNHTIYINNLNEKIKKDELKKSLHAIFSRFGQILDILVSRSLKMRGQAFVIFKEVSSATNALRSMREQQFPFYDKPMRIQPSKTDLTLEEVTSMSQRIRERKL,GKVETRPNHTIYINNLNEKIKKDELKKSLHAIFSRFGQILDILVSRSLKMRGQAFVIFKEVSSATNALRSMREQQFPFYDKPMRIQPSKTDLTLEEVTSMSQRIRERKL,109,0,126.00000,129.00000,109,0.00000,0.02752,0.03670,0.00000,0.09174,0.03670,0.05505,0.04587,0.08257,0.04587,0.03670,0.09174,0.03670,0.05505,0.07339,0.10092,0.01835,0.05505,0.09174,0.01835,0.00000,0.35780,0.43119,0.21101,255,29,22,7,0,0,0,0,0,-1,0,0,,50-100,4,,5.00000,0,-1,0,0,,,0,,0.00000,66,2,10,,,0,,0.00000,-1,0,0,,11-55,3,,5.00000,0,-1,0,0,,,0,,0.00000,-1,0,0,,2-108,21,,10.00000,0,-1,0,0,,,0,,0.00000,0,-1,0,0,,,0,,0.00000,"AspBridge(pos66,sev10); ProtTrypx21(pos2-108,sev10); MetOxx4(pos50-100,sev5); HydroPatchx3(pos11-55,sev5)",0.00000,0.00000,0.00000,0.00000,2.42531,2.42531,,,,True,False,False,True,0.00000,0.00000,100000.25000,100000.25000,0.00000,0.61078,0.00000,0.00000,0.00000,0.00000,0.00000,0.00000,0.61078,0.00000,0.00000,0.00000,0.63625,0.63625,1.17346,0.00000,False,False,False,False,False,False,False,False,False,False,False,False,2.42994,2.25650,1.98409,3.21440,3.59171,True,False,False,True,0.00000,12.14041,4.05395,4.05395,0.43614,0.55829,0.00000,0.43614,0.43614,0.43614,0.43614,0.52813,0.58653,0.02343,0.02343,0.20551,0.59726,0.59575,1.01584,1.96342,False,False,False,False,False,True,False,False,False,False,False,False,865.08405,51.14200,51.14200,,,,11,0,,,,,,
rna_spec_08,rna_spec_08.cif,SSIYTRPNHVIYINNLNPKIKKDELKKSLHAEFSRFGQILDILVVRTKKRNIAFVIFKEVSSATNALRQMRAQDFPFYDKPIRVQYSKTIMTDEEVQELIDRIKERKK,SSIYTRPNHVIYINNLNPKIKKDELKKSLHAEFSRFGQILDILVVRTKKRNIAFVIFKEVSSATNALRQMRAQDFPFYDKPIRVQYSKTIMTDEEVQELIDRIKERKK,108,0,125.00000,128.00000,108,0.00000,0.00926,0.04630,0.00000,0.06481,0.03704,0.04630,0.06481,0.11111,0.05556,0.05556,0.06481,0.01852,0.04630,0.06481,0.12037,0.01852,0.05556,0.08333,0.03704,0.00000,0.30556,0.42593,0.26852,245,27,22,5,0,0,0,0,0,-1,0,0,,70-91,2,,5.00000,0,-1,0,0,,,0,,0.00000,65,2,10,,,0,,0.00000,-1,0,0,,10-54,3,,5.00000,0,-1,0,0,,,0,,0.00000,-1,0,0,,6-107,21,,10.00000,0,-1,0,0,,,0,,0.00000,0,-1,0,0,,,0,,0.00000,"AspBridge(pos65,sev10); ProtTrypx21(pos6-107,sev10); MetOxx2(pos70-91,sev5); HydroPatchx3(pos10-54,sev5)",0.00000,0.00000,0.00000,0.00000,8.10757,8.10757,,,,False,False,False,False,0.00000,0.00000,100000.25000,100000.25000,0.00000,0.58443,0.00000,0.00000,0.00000,0.00000,0.00000,0.00000,0.58443,0.00000,0.00000,0.00000,0.58292,0.58292,1.41347,0.00000,False,False,False,False,False,False,False,False,False,False,False,False,5.93252,6.49321,3.10465,8.68404,14.26907,False,False,False,False,0.00000,18.81005,8.57981,8.57981,0.24368,0.45340,0.00000,0.24368,0.24368,0.24368,0.24368,0.44127,0.49541,0.00578,0.00857,0.00578,0.51335,0.49908,1.54229,4.83110,False,False,False,False,False,False,False,False,False,False,False,False,495.33636,51.72420,51.72420,,,,7,0,,,,,,
rna_spec_09,rna_spec_09.cif,EDIPEEEMTRPNHTIYINNLNEKIKKDELKKSLHAIFSRFGQILDILVSRSLKMRGQAFVIFKEVSSATNAMRSMQGFPLRILGDKPMRIQPSKTTMTKEEAYAMSQRIRARKERAK,EDIPEEEMTRPNHTIYINNLNEKIKKDELKKSLHAIFSRFGQILDILVSRSLKMRGQAFVIFKEVSSATNAMRSMQGFPLRILGDKPMRIQPSKTTMTKEEAYAMSQRIRARKERAK,117,0,134.00000,137.00000,117,0.00000,0.03419,0.06838,0.00000,0.07692,0.04274,0.05128,0.02564,0.09402,0.04274,0.03419,0.06838,0.05983,0.04274,0.08547,0.10256,0.01709,0.04274,0.09402,0.01709,0.00000,0.37607,0.41026,0.21368,280,33,23,10,0,0,0,0,0,-1,0,0,,8-105,7,,5.00000,0,-1,0,0,,,0,,0.00000,70,2,10,,,0,,0.00000,-1,0,0,,15-59,3,,5.00000,0,-1,0,0,,,0,,0.00000,-1,0,0,,10-115,22,,10.00000,0,-1,0,0,,,0,,0.00000,0,-1,0,0,,,0,,0.00000,"AspBridge(pos70,sev10); ProtTrypx22(pos10-115,sev10); MetOxx7(pos8-105,sev5); HydroPatchx3(pos15-59,sev5)",0.00000,0.00000,0.00000,0.00000,2.78329,2.78329,,,,False,False,False,True,0.00000,0.00000,100000.25000,100000.25000,0.00000,0.56003,0.00000,0.00000,0.00000,0.00000,0.00000,0.00000,0.56003,0.00000,0.00000,0.00000,0.62608,0.62608,1.30989,0.00000,False,False,False,False,False,False,False,False,False,False,False,False,2.38681,1.48506,1.96754,2.88980,3.66381,True,False,True,True,0.00000,12.75101,4.65333,4.65333,0.42417,0.55074,0.00000,0.42417,0.42417,0.42417,0.42417,0.53585,0.57346,0.02074,0.02074,0.16839,0.58942,0.58952,1.06618,2.24086,False,False,False,False,False,True,False,False,False,False,False,False,823.51160,48.28710,48.28710,,,,13,0,,,,,,
rna_spec_10,rna_spec_10.cif,AEVSTRPNHTIYINNLNPKIKKDELKKSLHKIFSRFGQIIDINVIRSPTRNIAFVIFKEVSSATKALQEMRAQDFPFYDKPIRIQYSKTPLSEEEVNELLEEYRRRQE,AEVSTRPNHTIYINNLNPKIKKDELKKSLHKIFSRFGQIIDINVIRSPTRNIAFVIFKEVSSATKALQEMRAQDFPFYDKPIRIQYSKTPLSEEEVNELLEEYRRRQE,108,0,125.00000,128.00000,108,0.00000,0.00926,0.04630,0.00000,0.07407,0.05556,0.04630,0.04630,0.11111,0.06481,0.03704,0.06481,0.00926,0.04630,0.10185,0.09259,0.01852,0.05556,0.08333,0.03704,0.00000,0.36111,0.38889,0.25000,210,23,19,4,0,0,0,0,0,70,1,5,,,0,,0.00000,0,-1,0,0,,,0,,0.00000,-1,0,0,,,0,,0.00000,-1,0,0,,11-54,2,,5.00000,0,1,1,5,,,0,,0.00000,-1,0,0,,6-106,19,,10.00000,0,-1,0,0,,,0,,0.00000,0,-1,0,0,,,0,,0.00000,"ProtTrypx19(pos6-106,sev10); DPP4(pos1,sev5); MetOx(pos70,sev5); HydroPatchx2(pos11-54,sev5)",0.00000,0.00000,0.00000,0.00000,8.76024,8.76024,,,,False,False,False,False,0.00000,0.00000,100000.25000,100000.25000,0.00000,0.58323,0.00000,0.00000,0.00000,0.00000,0.00000,0.00000,0.58323,0.00000,0.00000,0.00000,0.61694,0.61694,1.47312,0.00000,False,False,False,False,False,False,False,False,False,False,False,False,3.04193,3.75671,1.97333,4.55309,5.63534,False,False,False,True,0.00000,13.69102,4.35112,4.35112,0.39188,0.54366,0.00000,0.39188,0.39188,0.39188,0.39188,0.52654,0.57697,0.01806,0.01806,0.17401,0.61769,0.62246,1.07211,2.36587,False,False,False,False,False,True,False,False,False,False,False,False,443.34641,50.61030,50.61030,,,,8,0,,,,,,
rna_spec_11,rna_spec_11.cif,TRPNHTIYINNLNEKIKDDELKKSLHRIFSRFGKILDILVNRKKMMGQAFITFKEISSATSALRQIPFYDKVMRIQFSKD,TRPNHTIYINNLNEKIKDDELKKSLHRIFSRFGKILDILVNRKKMMGQAFITFKEISSATSALRQIPFYDKVMRIQFSKD,80,0,97.00000,100.00000,80,0.00000,0.02500,0.03750,0.00000,0.07500,0.02500,0.05000,0.02500,0.12500,0.06250,0.06250,0.07500,0.03750,0.03750,0.03750,0.12500,0.02500,0.07500,0.07500,0.02500,0.00000,0.37500,0.31250,0.31250,185,21,16,5,0,0,0,0,0,-1,0,0,,45-73,3,,5.00000,0,-1,0,0,,,0,,0.00000,-1,0,0,,,0,,0.00000,-1,0,0,,7-38,2,,5.00000,0,-1,0,0,,,0,,0.00000,-1,0,0,,2-79,16,,10.00000,0,-1,0,0,,,0,,0.00000,0,-1,0,0,,,0,,0.00000,"ProtTrypx16(pos2-79,sev10); MetOxx3(pos45-73,sev5); HydroPatchx2(pos7-38,sev5)",0.00000,0.00000,0.00000,0.00000,3.37234,3.37234,,,,False,False,False,True,0.00000,0.00000,100000.25000,100000.25000,0.00000,0.62378,0.00000,0.00000,0.00000,0.00000,0.00000,0.00000,0.62378,0.00000,0.00000,0.00000,0.62203,0.62203,1.19209,0.00000,False,False,False,False,False,False,False,False,False,False,False,False,2.46605,3.38749,1.93837,3.79191,3.95018,True,False,False,True,0.00000,15.07181,5.98573,5.98573,0.29259,0.40827,0.00000,0.29259,0.29259,0.29259,0.29259,0.52376,0.44110,0.01241,0.01241,0.06101,0.50863,0.52012,1.48022,2.95724,False,False,False,False,False,False,False,False,False,False,False,False,864.56183,53.07750,53.07750,,,,2,0,,,,,,
rna_spec_12,rna_spec_12.cif,GKAPDLRKSRPNHTIYINNLNEKIKKDELKKSLHAIFSRFGQILDILVSRSLKMRGQAFVIFKEVSSATNALRSLQDSMKGFPINGIPLDARIQYSKDDISSETTIIASIYKKKL,GKAPDLRKSRPNHTIYINNLNEKIKKDELKKSLHAIFSRFGQILDILVSRSLKMRGQAFVIFKEVSSATNALRSLQDSMKGFPINGIPLDARIQYSKDDISSETTIIASIYKKKL,115,0,132.00000,135.00000,115,0.00000,0.04348,0.06087,0.00000,0.11304,0.03478,0.03478,0.02609,0.12174,0.05217,0.06087,0.09565,0.01739,0.03478,0.03478,0.12174,0.01739,0.04348,0.06087,0.02609,0.00000,0.39130,0.39130,0.21739,265,29,24,5,0,0,0,0,0,-1,0,0,,54-79,2,,5.00000,0,77,2,10,,,0,,0.00000,-1,0,0,,70-85,2,,10.00000,-1,0,0,,15-59,3,,5.00000,0,-1,0,0,,,0,,0.00000,-1,0,0,,2-114,21,,10.00000,0,-1,0,0,,,0,,0.00000,0,-1,0,0,,,0,,0.00000,"AspBridgex2(pos70-85,sev10); AspCleave(pos77,sev10); ProtTrypx21(pos2-114,sev10); MetOxx2(pos54-79,sev5); HydroPatchx3(pos15-59,sev5)",0.00000,0.00000,0.00000,0.00000,6.97480,6.97480,,,,False,False,False,False,0.00000,0.00000,100000.25000,100000.25000,0.00000,0.49462,0.00000,0.00000,0.00000,0.00000,0.00000,0.00000,0.49462,0.00000,0.00000,0.00000,0.53179,0.53179,1.84343,0.00000,False,False,False,False,False,False,False,False,False,False,False,False,7.23222,12.66001,1.96305,13.32038,13.47746,False,False,False,False,0.00000,17.48557,6.66456,6.66456,0.33852,0.42557,0.00000,0.33852,0.33852,0.33852,0.33852,0.52027,0.44087,0.01254,0.01254,0.04338,0.49484,0.50877,2.31279,4.63283,False,False,False,False,False,False,False,False,False,False,False,False,608.75262,51.74310,51.74310,,,,7,0,,,,,,
rna_spec_13,rna_spec_13.cif,PSLPNRRPNHTIYINNLNPKIKEDELKKSLHAEFSRFGQILNIMVIRDPSMRIAFVIFKEVSSATNALRQLNGEKPIVINGQKHYLRIDYAKTDTDEEQEIVDEADREIEKKL,PSLPNRRPNHTIYINNLNPKIKEDELKKSLHAEFSRFGQILNIMVIRDPSMRIAFVIFKEVSSATNALRQLNGEKPIVINGQKHYLRIDYAKTDTDEEQEIVDEADREIEKKL,113,0,130.00000,133.00000,113,0.00000,0.02655,0.05310,0.00000,0.05310,0.05310,0.03540,0.04425,0.11504,0.07965,0.06195,0.07965,0.01770,0.03540,0.09735,0.08850,0.02655,0.03540,0.07080,0.02655,0.00000,0.38053,0.38053,0.23894,250,28,22,6,0,0,0,0,0,-1,0,0,,44-51,2,,5.00000,0,48,2,10,,,0,,0.00000,-1,0,0,,66-80,3,,10.00000,-1,0,0,,12-77,3,,5.00000,0,1,1,5,,,0,,0.00000,-1,0,0,,6-112,18,,10.00000,0,-1,0,0,,,0,,0.00000,0,-1,0,0,,,0,,0.00000,"AspBridgex3(pos66-80,sev10); AspCleave(pos48,sev10); ProtTrypx18(pos6-112,sev10); DPP4(pos1,sev5); MetOxx2(pos44-51,sev5); HydroPatchx3(pos12-77,sev5)",0.00000,0.00000,0.00000,0.00000,4.33290,4.33290,,,,False,False,False,False,0.00000,0.00000,100000.25000,100000.25000,0.00000,0.60070,0.00000,0.00000,0.00000,0.00000,0.00000,0.00000,0.60070,0.00000,0.00000,0.00000,0.61324,0.61324,1.10540,0.00000,False,False,False,False,False,False,False,False,False,False,False,False,7.64295,5.72564,2.65769,10.88883,21.54951,False,False,False,False,0.00000,19.69973,9.82641,9.82641,0.24747,0.43766,0.00000,0.24747,0.24747,0.24747,0.24747,0.45720,0.48278,0.00567,0.00698,0.00567,0.50605,0.47785,1.54022,5.92970,False,False,False,False,False,False,False,False,False,False,False,False,535.98761,50.17070,50.17070,,,,5,0,,,,,,
rna_spec_14,rna_spec_14.cif,MKPDVQLLDDKTILINNARNISNERLLEAVRKAAEFGKIKRVVVVTEKGRHFVEADSAEELLEKLKPVLEKDEPLHVFLEFETKEAAEEAAKALKGLDKLPLSEVRKRREERRAERAR,MKPDVQLLDDKTILINNARNISNERLLEAVRKAAEFGKIKRVVVVTEKGRHFVEADSAEELLEKLKPVLEKDEPLHVFLEFETKEAAEEAAKALKGLDKLPLSEVRKRREERRAERAR,118,0,135.00000,138.00000,118,0.00000,0.02542,0.11017,0.00000,0.02542,0.03390,0.02542,0.08475,0.03390,0.03390,0.05085,0.12712,0.00847,0.00847,0.16102,0.11864,0.01695,0.03390,0.10169,0.00000,0.00000,0.31356,0.45763,0.22881,290,31,27,4,0,0,0,0,0,1,1,5,,,0,,0.00000,0,56,2,10,,,0,,0.00000,17,2,10,,,0,,0.00000,-1,0,0,,13-77,3,,5.00000,0,-1,0,0,,,0,,0.00000,-1,0,0,,2-116,25,,10.00000,0,-1,0,0,,,0,,0.00000,0,-1,0,0,,,0,,0.00000,"AspBridge(pos17,sev10); AspCleave(pos56,sev10); ProtTrypx25(pos2-116,sev10); MetOx(pos1,sev5); HydroPatchx3(pos13-77,sev5)",0.00000,0.00000,0.00000,0.00000,5.55881,5.55881,,,,False,False,False,False,0.00000,0.00000,100000.25000,100000.25000,0.00000,0.66657,0.00000,0.00000,0.00000,0.00000,0.00000,0.00000,0.66657,0.00000,0.00000,0.00000,0.63856,0.63856,0.92324,0.00000,False,False,False,False,False,False,False,False,False,False,False,False,4.47714,3.93584,2.49647,6.23381,9.74336,False,False,False,True,0.00000,15.54214,4.99514,4.99514,0.34095,0.59877,0.00000,0.34095,0.38782,0.34095,0.34095,0.43558,0.64429,0.01412,0.01412,0.12244,0.59925,0.59943,0.95736,3.22112,False,False,False,False,False,True,False,False,False,False,False,False,665.61316,46.85160,46.85160,,,,2,0,,,,,,
rna_spec_15,rna_spec_15.cif,STRPSRTIYVGNLNPKMKEEELKKELEKLSGAEILKVELNRKKQLAFVEFKSIEDAEKALKVLNGFPFRGRPLRVEYDPR,STRPSRTIYVGNLNPKMKEEELKKELEKLSGAEILKVELNRKKQLAFVEFKSIEDAEKALKVLNGFPFRGRPLRVEYDPR,80,0,97.00000,100.00000,80,0.00000,0.05000,0.05000,0.00000,0.05000,0.06250,0.02500,0.06250,0.03750,0.05000,0.02500,0.12500,0.01250,0.01250,0.13750,0.13750,0.00000,0.05000,0.08750,0.02500,0.00000,0.40000,0.28750,0.31250,200,21,19,2,0,0,0,0,0,17,1,5,,,0,,0.00000,0,78,2,10,,,0,,0.00000,64,2,10,,,0,,0.00000,8,3,5,,,0,,0.00000,0,-1,0,0,,,0,,0.00000,-1,0,0,,3-74,17,,10.00000,0,-1,0,0,,,0,,0.00000,0,-1,0,0,,,0,,0.00000,"AspBridge(pos64,sev10); AspCleave(pos78,sev10); ProtTrypx17(pos3-74,sev10); MetOx(pos17,sev5); HydroPatch(pos8,sev5)",0.00000,0.00000,0.00000,0.00000,1.07885,1.07885,,,,True,False,True,True,0.00000,0.00000,100000.25000,100000.25000,0.00000,0.78737,0.00000,0.00000,0.00000,0.00000,0.00000,0.00000,0.78737,0.00000,0.00000,0.00000,0.63226,0.63226,0.65205,0.00000,False,False,False,False,False,False,False,True,False,False,False,False,3.36458,1.21479,2.12800,5.23773,7.42997,False,False,True,True,0.00000,12.06084,3.87113,3.87113,0.39612,0.60158,0.00000,0.39612,0.39612,0.39612,0.39612,0.46808,0.65969,0.02459,0.02459,0.13460,0.64241,0.62372,0.79721,1.97151,False,False,False,False,True,True,False,False,False,False,False,False,527.76233,47.93800,47.93800,,,,4,0,,,,,,
rna_spec_16,rna_spec_16.cif,TRPNHTIYINNLNEKIKKDELKKSLHAIFSRFGQILNILVSRGKMRGQAFVIFKNVSSATNALRSMQGFPFYDKPMRIQYSKTDVSDEILAK,TRPNHTIYINNLNEKIKKDELKKSLHAIFSRFGQILNILVSRGKMRGQAFVIFKNVSSATNALRSMQGFPFYDKPMRIQYSKTDVSDEILAK,92,0,109.00000,112.00000,92,0.00000,0.04348,0.05435,0.00000,0.08696,0.03261,0.04348,0.04348,0.09783,0.07609,0.04348,0.07609,0.03261,0.04348,0.03261,0.10870,0.02174,0.06522,0.06522,0.03261,0.00000,0.41304,0.33696,0.25000,190,22,16,6,0,0,0,0,0,-1,0,0,,45-76,3,,5.00000,0,-1,0,0,,,0,,0.00000,61,2,10,,,0,,0.00000,-1,0,0,,7-50,3,,5.00000,0,-1,0,0,,,0,,0.00000,-1,0,0,,2-82,15,,10.00000,0,-1,0,0,,,0,,0.00000,0,-1,0,0,,,0,,0.00000,"AspBridge(pos61,sev10); ProtTrypx15(pos2-82,sev10); MetOxx3(pos45-76,sev5); HydroPatchx3(pos7-50,sev5)",0.00000,0.00000,0.00000,0.00000,2.96375,2.96375,,,,False,False,False,True,0.00000,0.00000,100000.25000,100000.25000,0.00000,0.75012,0.00000,0.00000,0.00000,0.00000,0.00000,0.00000,0.75012,0.00000,0.00000,0.00000,0.68083,0.68083,0.76053,0.00000,False,False,False,False,False,False,False,True,False,False,False,False,2.23811,1.21266,2.13136,2.35253,2.86049,True,False,True,True,0.00000,11.07217,4.03476,4.03476,0.42404,0.57432,0.00000,0.42404,0.42404,0.42404,0.42404,0.56687,0.60699,0.02520,0.02520,0.14335,0.61672,0.60494,0.89408,1.92859,False,False,False,False,False,True,False,False,False,False,False,False,748.81934,51.13640,51.13640,,,,10,0,,,,,,
rna_spec_17,rna_spec_17.cif,GKPDHTILINNLDEKIKKDELKKKLHAEFSRFGKILKILVSRGKFRGQAFVIFKQIESGTNAYKHIGPLKF,GKPDHTILINNLDEKIKKDELKKKLHAEFSRFGKILKILVSRGKFRGQAFVIFKQIESGTNAYKHIGPLKF,71,0,88.00000,91.00000,71,0.00000,0.08451,0.04225,0.00000,0.04225,0.02817,0.02817,0.02817,0.11268,0.04225,0.04225,0.09859,0.00000,0.02817,0.05634,0.18310,0.04225,0.08451,0.04225,0.01408,0.00000,0.40845,0.33803,0.25352,185,20,17,3,0,0,0,0,0,-1,0,0,,,0,,0.00000,0,-1,0,0,,,0,,0.00000,61,2,10,,,0,,0.00000,-1,0,0,,7-50,3,,5.00000,0,-1,0,0,,,0,,0.00000,-1,0,0,,2-70,16,,10.00000,0,-1,0,0,,,0,,0.00000,0,-1,0,0,,,0,,0.00000,"AspBridge(pos61,sev10); ProtTrypx16(pos2-70,sev10); HydroPatchx3(pos7-50,sev5)",0.00000,0.00000,0.00000,0.00000,7.90775,7.90775,,,,False,False,False,False,0.00000,0.00000,100000.25000,100000.25000,0.00000,0.41180,0.00000,0.00000,0.00000,0.00000,0.00000,0.00000,0.41180,0.00000,0.00000,0.00000,0.44464,0.44464,2.25434,0.00000,False,False,False,False,False,False,False,False,False,False,False,False,3.99610,3.49759,2.36740,7.43061,8.31678,False,False,False,True,0.00000,14.34374,6.26235,6.26235,0.29525,0.46174,0.00000,0.29525,0.29525,0.29525,0.29525,0.47952,0.51373,0.01276,0.01276,0.05786,0.55551,0.56830,1.34141,3.58832,False,False,False,False,False,False,False,False,False,False,False,False,731.50214,49.96880,49.96880,,,,3,0,,,,,,
rna_spec_18,rna_spec_18.cif,GPIPGRPNHTIYINNLNEKIKKDELKKSLHAIFSRFGQILKILVSRGKMRGQAFVIFKNISSATRAAGKTVPFYDKDMRIQYSKTDI,GPIPGRPNHTIYINNLNEKIKKDELKKSLHAIFSRFGQILKILVSRGKMRGQAFVIFKNISSATRAAGKTVPFYDKDMRIQYSKTDI,87,0,104.00000,107.00000,87,0.00000,0.06897,0.05747,0.00000,0.06897,0.04598,0.04598,0.03448,0.12644,0.05747,0.04598,0.05747,0.02299,0.03448,0.02299,0.12644,0.02299,0.05747,0.06897,0.03448,0.00000,0.44828,0.25287,0.29885,195,22,17,5,0,0,0,0,0,-1,0,0,,49-78,2,,5.00000,0,-1,0,0,,,0,,0.00000,-1,0,0,,,0,,0.00000,-1,0,0,,11-54,3,,5.00000,0,-1,0,0,,,0,,0.00000,-1,0,0,,6-84,17,,10.00000,0,-1,0,0,,,0,,0.00000,0,-1,0,0,,,0,,0.00000,"ProtTrypx17(pos6-84,sev10); MetOxx2(pos49-78,sev5); HydroPatchx3(pos11-54,sev5)",0.00000,0.00000,0.00000,0.00000,4.94116,4.94116,,,,False,False,False,False,0.00000,0.00000,100000.25000,100000.25000,0.00000,0.59049,0.00000,0.00000,0.00000,0.00000,0.00000,0.00000,0.59049,0.00000,0.00000,0.00000,0.55740,0.55740,1.30463,0.00000,False,False,False,False,False,False,False,False,False,False,False,False,2.68057,2.58842,2.21232,3.77166,4.04859,False,False,False,True,0.00000,12.28870,4.87597,4.87597,0.41061,0.51213,0.00000,0.41061,0.41061,0.41061,0.41061,0.57622,0.53988,0.02084,0.02084,0.13029,0.55160,0.54733,1.04117,2.57189,False,False,False,False,False,True,False,False,False,False,False,False,598.97693,48.57110,48.57110,,,,9,0,,,,,,
rna_spec_19,rna_spec_19.cif,SLPENVVLLTNLDTRLHEVEMKVKALEKVPRAKDITVDKSRGIAFVHLAEKEEVGEKLYKKLKEEAEKL,SLPENVVLLTNLDTRLHEVEMKVKALEKVPRAKDITVDKSRGIAFVHLAEKEEVGEKLYKKLKEEAEKL,69,0,86.00000,89.00000,69,0.00000,0.02899,0.07246,0.00000,0.02899,0.02899,0.04348,0.11594,0.02899,0.02899,0.04348,0.14493,0.01449,0.00000,0.15942,0.15942,0.02899,0.01449,0.04348,0.01449,0.00000,0.39130,0.37681,0.23188,150,16,14,2,0,0,0,0,0,21,1,5,,,0,,0.00000,0,-1,0,0,,,0,,0.00000,-1,0,0,,,0,,0.00000,6,4,5,,,0,,0.00000,0,-1,0,0,,,0,,0.00000,-1,0,0,,15-68,14,,10.00000,0,-1,0,0,,,0,,0.00000,0,-1,0,0,,,0,,0.00000,"ProtTrypx14(pos15-68,sev10); MetOx(pos21,sev5); HydroPatch(pos6,sev5)",0.00000,0.00000,0.00000,0.00000,8.13115,8.13115,,,,False,False,False,False,0.00000,0.00000,100000.25000,100000.25000,0.00000,0.53282,0.00000,0.00000,0.00000,0.00000,0.00000,0.00000,0.53282,0.00000,0.00000,0.00000,0.61326,0.61326,1.21519,0.00000,False,False,False,False,False,False,False,False,False,False,False,False,5.29945,0.82036,2.60084,9.54638,13.43527,False,False,True,True,0.00000,19.49443,8.44089,8.44089,0.17187,0.35435,0.00000,0.17187,0.17187,0.17187,0.17187,0.40781,0.40782,0.00826,0.00826,0.01057,0.52988,0.54818,1.67519,4.95416,False,False,False,False,False,False,False,False,False,False,False,False,800.26459,45.62290,45.62290,,,,0,0,,,,,,
rna_spec_20,rna_spec_20.cif,PPNPTRPNHTIYINNLNEKIKKDELKKSLYAIFSRFGQILGILVSRSLKMRGQAFVIFKEVSSATNALRNGRASLQGFPFYDKPMRIQYSKTDEPSEEQVAMAERDLKEALAK,PPNPTRPNHTIYINNLNEKIKKDELKKSLYAIFSRFGQILGILVSRSLKMRGQAFVIFKEVSSATNALRNGRASLQGFPFYDKPMRIQYSKTDEPSEEQVAMAERDLKEALAK,113,0,130.00000,133.00000,113,0.00000,0.04425,0.07965,0.00000,0.07965,0.06195,0.03540,0.03540,0.07080,0.06195,0.03540,0.08850,0.02655,0.04425,0.07080,0.09735,0.00885,0.05310,0.07080,0.03540,0.00000,0.38053,0.39823,0.22124,235,27,20,7,0,0,0,0,0,-1,0,0,,50-102,3,,5.00000,0,-1,0,0,,,0,,0.00000,-1,0,0,,66-70,2,,10.00000,-1,0,0,,11-55,3,,5.00000,0,1,2,5,,,0,,0.00000,-1,0,0,,6-108,18,,10.00000,0,-1,0,0,,,0,,0.00000,0,-1,0,0,,,0,,0.00000,"AspBridgex2(pos66-70,sev10); ProtTrypx18(pos6-108,sev10); DPP4(pos1,sev5); MetOxx3(pos50-102,sev5); HydroPatchx3(pos11-55,sev5)",0.00000,0.00000,0.00000,0.00000,2.50782,2.50782,,,,False,False,False,True,0.00000,0.00000,100000.25000,100000.25000,0.00000,0.70487,0.00000,0.00000,0.00000,0.00000,0.00000,0.00000,0.70487,0.00000,0.00000,0.00000,0.64940,0.64940,0.81597,0.00000,False,False,False,False,False,False,False,False,False,False,False,False,2.64734,2.19609,2.02834,3.62189,4.17474,False,False,False,True,0.00000,11.97231,3.76022,3.76022,0.46279,0.61681,0.00000,0.46279,0.46279,0.46279,0.46279,0.54652,0.64903,0.02497,0.02497,0.22024,0.60661,0.60606,0.95694,2.00588,False,False,False,False,True,True,False,False,False,False,False,False,791.74500,49.85570,49.85570,,,,10,0,,,,,,
rna_spec_21,rna_spec_21.cif,NVPETEPNHTLFINNLNEKIKKDELKKSLHAIFSRFGQILDILVSRSLKMRGQAFVHFKEVSSATNALESMQGFPFYDKPMQIQYATATSDEVSAKKISTASEELNKAAMQKQKESKA,NVPETEPNHTLFINNLNEKIKKDELKKSLHAIFSRFGQILDILVSRSLKMRGQAFVHFKEVSSATNALESMQGFPFYDKPMQIQYATATSDEVSAKKISTASEELNKAAMQKQKESKA,118,0,135.00000,138.00000,118,0.00000,0.02542,0.09322,0.00000,0.10169,0.03390,0.05085,0.04237,0.05932,0.05932,0.03390,0.07627,0.03390,0.05932,0.08475,0.11864,0.02542,0.05932,0.02542,0.01695,0.00000,0.37288,0.39831,0.22881,215,25,18,7,0,0,0,0,0,-1,0,0,,50-110,4,,5.00000,0,-1,0,0,,,0,,0.00000,66,2,10,,,0,,0.00000,-1,0,0,,11-42,2,,5.00000,0,-1,0,0,,,0,,0.00000,-1,0,0,,19-117,17,,10.00000,0,1,1,5,,,0,,0.00000,0,-1,0,0,,,0,,0.00000,"AspBridge(pos66,sev10); NTCycl(pos1,sev5); ProtTrypx17(pos19-117,sev10); MetOxx4(pos50-110,sev5); HydroPatchx2(pos11-42,sev5)",0.00000,0.00000,0.00000,0.00000,7.80031,7.80031,,,,False,False,False,False,0.00000,0.00000,100000.25000,100000.25000,0.00000,0.49015,0.00000,0.00000,0.00000,0.00000,0.00000,0.00000,0.49015,0.00000,0.00000,0.00000,0.57330,0.57330,1.43170,0.00000,False,False,False,False,False,False,False,False,False,False,False,False,5.24211,7.07467,1.97670,8.94435,10.03507,False,False,False,False,0.00000,15.73849,5.18994,5.18994,0.40331,0.45293,0.00000,0.40331,0.40331,0.40331,0.40331,0.56174,0.46134,0.01639,0.01639,0.08850,0.51593,0.50946,1.61781,3.66400,False,False,False,False,False,False,False,False,False,False,False,False,1060.72498,47.38240,47.38240,,,,11,0,,,,,,
rna_spec_22,rna_spec_22.cif,MPPNRVLFIYDAHKIKKEELEKIFSRFGQILDIILTPRFAFVVFETIESGRRALGFPIRGKPRTEPSKFPEEEL,MPPNRVLFIYDAHKIKKEELEKIFSRFGQILDIILTPRFAFVVFETIESGRRALGFPIRGKPRTEPSKFPEEEL,74,0,91.00000,94.00000,74,0.00000,0.05405,0.04054,0.00000,0.04054,0.09459,0.04054,0.04054,0.10811,0.01351,0.02703,0.08108,0.01351,0.01351,0.12162,0.08108,0.01351,0.10811,0.09459,0.01351,0.00000,0.47297,0.24324,0.28378,150,17,13,4,0,0,0,0,0,1,1,5,,,0,,0.00000,0,-1,0,0,,,0,,0.00000,-1,0,0,,,0,,0.00000,-1,0,0,,6-41,3,,5.00000,0,-1,0,0,,,0,,0.00000,-1,0,0,,5-68,13,,10.00000,0,-1,0,0,,,0,,0.00000,0,-1,0,0,,,0,,0.00000,"ProtTrypx13(pos5-68,sev10); MetOx(pos1,sev5); HydroPatchx3(pos6-41,sev5)",0.00000,0.00000,0.00000,0.00000,2.50128,2.50128,,,,False,False,False,True,0.00000,0.00000,100000.25000,100000.25000,0.00000,0.56500,0.00000,0.00000,0.00000,0.00000,0.00000,0.00000,0.56500,0.00000,0.00000,0.00000,0.61470,0.61470,1.13663,0.00000,False,False,False,False,False,False,False,False,False,False,False,False,3.95527,0.98909,2.92275,5.75612,8.21026,False,False,True,True,0.00000,13.43860,5.87320,5.87320,0.34829,0.48254,0.00000,0.34829,0.34829,0.34829,0.34829,0.48269,0.55243,0.01649,0.01649,0.07102,0.57662,0.55710,1.05723,3.07641,False,False,False,False,False,False,False,False,False,False,False,False,1072.65808,59.80260,59.80260,,,,6,0,,,,,,
rna_spec_23,rna_spec_23.cif,GPINTRPNHTIYINNLNEKIKKDELKKSLHAIFSRFGQILDILVSRSLKMRGQAFVIFKEVSSATNALRSMQGKFPFYDKPMRIQYAKTDSDIVAKMNTS,GPINTRPNHTIYINNLNEKIKKDELKKSLHAIFSRFGQILDILVSRSLKMRGQAFVIFKEVSSATNALRSMQGKFPFYDKPMRIQYAKTDSDIVAKMNTS,100,0,117.00000,120.00000,100,0.00000,0.04000,0.06000,0.00000,0.09000,0.04000,0.05000,0.04000,0.10000,0.07000,0.05000,0.07000,0.04000,0.04000,0.03000,0.11000,0.02000,0.06000,0.06000,0.03000,0.00000,0.41000,0.34000,0.25000,225,26,19,7,0,0,0,0,0,-1,0,0,,50-97,4,,5.00000,0,90,2,10,,,0,,0.00000,66,2,10,,,0,,0.00000,-1,0,0,,11-55,3,,5.00000,0,-1,0,0,,,0,,0.00000,-1,0,0,,6-96,17,,10.00000,0,-1,0,0,,,0,,0.00000,0,-1,0,0,,,0,,0.00000,"AspBridge(pos66,sev10); AspCleave(pos90,sev10); ProtTrypx17(pos6-96,sev10); MetOxx4(pos50-97,sev5); HydroPatchx3(pos11-55,sev5)",0.00000,0.00000,0.00000,0.00000,5.02224,5.02224,,,,False,False,False,False,0.00000,0.00000,100000.25000,100000.25000,0.00000,0.63592,0.00000,0.00000,0.00000,0.00000,0.00000,0.00000,0.63592,0.00000,0.00000,0.00000,0.65419,0.65419,1.13404,0.00000,False,False,False,False,False,False,False,False,False,False,False,False,2.17485,1.44890,1.85337,2.72665,3.24294,True,False,True,True,0.00000,14.04333,5.38973,5.38973,0.37578,0.49884,0.00000,0.37578,0.37578,0.37578,0.37578,0.53475,0.52818,0.01642,0.01642,0.09913,0.59320,0.59010,1.22089,2.56807,False,False,False,False,False,False,False,False,False,False,False,False,420.29346,51.00850,51.00850,,,,12,0,,,,,,
rna_spec_24,rna_spec_24.cif,RPNHTIYINNLNEKIKKDELKKSLHAIFSRFGQILNILVSRGKMRGQAFVIFKEVSSATNALRSMQGFPFYDKPMRIQYAKTDADEEIIAK,RPNHTIYINNLNEKIKKDELKKSLHAIFSRFGQILNILVSRGKMRGQAFVIFKEVSSATNALRSMQGFPFYDKPMRIQYAKTDADEEIIAK,91,0,108.00000,111.00000,91,0.00000,0.04396,0.07692,0.00000,0.06593,0.03297,0.03297,0.03297,0.10989,0.06593,0.04396,0.06593,0.03297,0.04396,0.05495,0.10989,0.02198,0.06593,0.06593,0.03297,0.00000,0.38462,0.34066,0.27473,190,22,16,6,0,0,0,0,0,-1,0,0,,44-75,3,,5.00000,0,-1,0,0,,,0,,0.00000,60,2,10,,,0,,0.00000,-1,0,0,,6-49,3,,5.00000,0,-1,0,0,,,0,,0.00000,-1,0,0,,1-81,15,,10.00000,0,-1,0,0,,,0,,0.00000,0,-1,0,0,,,0,,0.00000,"AspBridge(pos60,sev10); ProtTrypx15(pos1-81,sev10); MetOxx3(pos44-75,sev5); HydroPatchx3(pos6-49,sev5)",0.00000,0.00000,0.00000,0.00000,4.07764,4.07764,,,,False,False,False,False,0.00000,0.00000,100000.25000,100000.25000,0.00000,0.76351,0.00000,0.00000,0.00000,0.00000,0.00000,0.00000,0.76351,0.00000,0.00000,0.00000,0.63840,0.63840,0.73909,0.00000,False,False,False,False,False,False,False,True,False,False,False,False,2.16201,1.26676,1.99398,2.38539,3.05890,True,False,True,True,0.00000,12.28166,4.61451,4.61451,0.40372,0.55217,0.00000,0.40372,0.40372,0.40372,0.40372,0.52693,0.58480,0.02180,0.02180,0.11314,0.61949,0.61016,0.98503,2.21209,False,False,False,False,False,True,False,False,False,False,False,False,727.77606,51.48790,51.48790,,,,9,0,,,,,,
rna_spec_25,rna_spec_25.cif,SPTDDLISHTIYINNLNEKIKKDELKKSLHAIFSRFGQILDILVSRSLKMRGQAFVIFKEVVSATNALRSMQGFPFYDKPMRISFASNKWNGKTPTSEEIETALKIANEM,SPTDDLISHTIYINNLNEKIKKDELKKSLHAIFSRFGQILDILVSRSLKMRGQAFVIFKEVVSATNALRSMQGFPFYDKPMRISFASNKWNGKTPTSEEIETALKIANEM,110,0,127.00000,130.00000,110,0.00000,0.03636,0.06364,0.00000,0.10000,0.03636,0.05455,0.03636,0.10000,0.06364,0.04545,0.08182,0.03636,0.02727,0.06364,0.10000,0.01818,0.06364,0.04545,0.01818,0.00909,0.40909,0.38182,0.20909,225,26,19,7,0,0,0,0,0,-1,0,0,,50-110,4,,5.00000,0,-1,0,0,,,0,,0.00000,-1,0,0,,66-91,2,,10.00000,-1,0,0,,11-55,3,,5.00000,0,-1,0,0,,,0,,0.00000,-1,0,0,,19-105,16,,10.00000,0,-1,0,0,,,0,,0.00000,0,90,1,10,,,0,,0.00000,"AspBridgex2(pos66-91,sev10); ProtTrypx16(pos19-105,sev10); MetOxx4(pos50-110,sev5); TrpOx(pos90,sev10); HydroPatchx3(pos11-55,sev5)",0.00000,0.00000,0.00000,0.00000,13.07990,13.07990,,,,False,False,False,False,0.00000,0.00000,100000.25000,100000.25000,0.00000,0.20080,0.00000,0.00000,0.00000,0.00000,0.00000,0.00000,0.20080,0.00000,0.00000,0.00000,0.41394,0.41394,2.98027,0.00000,False,False,False,False,False,False,False,False,False,False,False,False,6.86024,10.77891,2.08077,12.45564,13.61942,False,False,False,False,0.00000,14.97998,5.59274,5.59274,0.40946,0.48858,0.00000,0.40946,0.40946,0.40946,0.40946,0.54020,0.51510,0.01788,0.01788,0.07373,0.54563,0.53367,1.33223,3.06083,False,False,False,False,False,False,False,False,False,False,False,False,991.70007,55.92160,55.92160,,,,9,0,,,,,,
rna_spec_26,rna_spec_26.cif,NHTIYINNLNPKIKKDELKKSLHAIFSRFGQIKDIIVNTAKGLAFVIFAEVSSATNALRSMQGFPFYDKPMRIQFSKTDV,NHTIYINNLNPKIKKDELKKSLHAIFSRFGQIKDIIVNTAKGLAFVIFAEVSSATNALRSMQGFPFYDKPMRIQFSKTDV,80,0,97.00000,100.00000,80,0.00000,0.03750,0.07500,0.00000,0.07500,0.03750,0.05000,0.05000,0.11250,0.07500,0.05000,0.06250,0.02500,0.03750,0.02500,0.11250,0.02500,0.08750,0.03750,0.02500,0.00000,0.36250,0.32500,0.31250,160,19,13,6,0,0,0,0,0,-1,0,0,,61-71,2,,5.00000,0,-1,0,0,,,0,,0.00000,56,2,10,,,0,,0.00000,-1,0,0,,4-45,3,,5.00000,0,-1,0,0,,,0,,0.00000,-1,0,0,,12-77,12,,10.00000,0,1,1,5,,,0,,0.00000,0,-1,0,0,,,0,,0.00000,"AspBridge(pos56,sev10); NTCycl(pos1,sev5); ProtTrypx12(pos12-77,sev10); MetOxx2(pos61-71,sev5); HydroPatchx3(pos4-45,sev5)",0.00000,0.00000,0.00000,0.00000,1.63933,1.63933,,,,True,False,True,True,0.00000,0.00000,100000.25000,100000.25000,0.00000,0.68831,0.00000,0.00000,0.00000,0.00000,0.00000,0.00000,0.68831,0.00000,0.00000,0.00000,0.65511,0.65511,1.24966,0.00000,False,False,False,False,False,False,False,False,False,False,False,False,2.54507,0.66653,2.11660,3.36941,4.35049,False,False,True,True,0.00000,10.57448,3.66976,3.66976,0.41346,0.59030,0.00000,0.41346,0.41346,0.41346,0.41346,0.56493,0.63451,0.02544,0.02544,0.15948,0.60108,0.58806,0.83896,1.87281,False,False,False,False,True,True,False,False,False,False,False,False,860.93683,54.72380,54.72380,,,,7,0,,,,,,
rna_spec_27,rna_spec_27.cif,GTIKQRPNRTIYINNLNEKIKKERLAASLYKIFSRFGQIEAIVVSRSLKMRGQAFVIFKEVSSATNALRSMQGFPFYDKPMRIQYAKTDVTAEGENTFTGEELRRLARELEEEEAK,GTIKQRPNRTIYINNLNEKIKKERLAASLYKIFSRFGQIEAIVVSRSLKMRGQAFVIFKEVSSATNALRSMQGFPFYDKPMRIQYAKTDVTAEGENTFTGEELRRLARELEEEEAK,116,0,133.00000,136.00000,116,0.00000,0.05172,0.08621,0.00000,0.06034,0.02586,0.06034,0.04310,0.07759,0.05172,0.01724,0.06897,0.02586,0.04310,0.11207,0.08621,0.00000,0.06034,0.09483,0.03448,0.00000,0.40517,0.36207,0.23276,240,27,21,6,0,0,0,0,0,-1,0,0,,50-81,3,,5.00000,0,-1,0,0,,,0,,0.00000,66,2,10,,,0,,0.00000,-1,0,0,,11-55,3,,5.00000,0,-1,0,0,,,0,,0.00000,-1,0,0,,4-108,20,,10.00000,0,-1,0,0,,,0,,0.00000,0,-1,0,0,,,0,,0.00000,"AspBridge(pos66,sev10); ProtTrypx20(pos4-108,sev10); MetOxx3(pos50-81,sev5); HydroPatchx3(pos11-55,sev5)",0.00000,0.00000,0.00000,0.00000,1.20005,1.20005,,,,True,False,True,True,0.00000,0.00000,100000.25000,100000.25000,0.00000,0.74902,0.00000,0.00000,0.00000,0.00000,0.00000,0.00000,0.74902,0.00000,0.00000,0.00000,0.68187,0.68187,0.69334,0.00000,False,False,False,False,False,False,False,False,False,False,False,False,2.55065,1.81168,1.99045,3.21095,4.42621,False,False,True,True,0.00000,11.87524,3.98648,3.98648,0.46565,0.59806,0.00000,0.46565,0.46565,0.46565,0.46565,0.55297,0.62783,0.02750,0.02750,0.21342,0.63681,0.63268,0.92298,1.98963,False,False,False,False,True,True,False,False,False,False,False,False,518.11060,49.76730,49.76730,,,,9,0,,,,,,
rna_spec_28,rna_spec_28.cif,GSMKTRPNHTIYINNLNLRKVNQIKIKQSGATIIADTPTAKRFGRALYSIFSRFGQILKILVSASLKMRGQAFVIFKEVSSATNAIRQTITFGGKPLRIQYAKTLTEEEADIVAEAMAK,GSMKTRPNHTIYINNLNLRKVNQIKIKQSGATIIADTPTAKRFGRALYSIFSRFGQILKILVSASLKMRGQAFVIFKEVSSATNAIRQTITFGGKPLRIQYAKTLTEEEADIVAEAMAK,119,0,136.00000,139.00000,119,0.00000,0.05882,0.10924,0.00000,0.06723,0.02521,0.08403,0.04202,0.11765,0.05042,0.01681,0.06723,0.02521,0.05042,0.04202,0.09244,0.00840,0.05042,0.06723,0.02521,0.00000,0.38655,0.36975,0.24370,230,26,20,6,0,0,0,0,0,-1,0,0,,3-117,3,,5.00000,0,-1,0,0,,,0,,0.00000,-1,0,0,,22-84,2,,10.00000,-1,0,0,,11-73,3,,5.00000,0,-1,0,0,,,0,,0.00000,-1,0,0,,4-103,18,,10.00000,0,-1,0,0,,,0,,0.00000,0,-1,0,0,,,0,,0.00000,"AspBridgex2(pos22-84,sev10); ProtTrypx18(pos4-103,sev10); MetOxx3(pos3-117,sev5); HydroPatchx3(pos11-73,sev5)",0.00000,0.00000,0.00000,0.00000,6.32150,6.32150,,,,False,False,False,False,0.00000,0.00000,100000.25000,100000.25000,0.00000,0.67976,0.00000,0.00000,0.00000,0.00000,0.00000,0.00000,0.67976,0.00000,0.00000,0.00000,0.61534,0.61534,1.41295,0.00000,False,False,False,False,False,False,False,False,False,False,False,False,2.32535,2.64862,1.92396,3.02407,3.27179,True,False,False,True,0.00000,14.43944,5.54897,5.54897,0.41056,0.51313,0.00000,0.41056,0.41056,0.41056,0.41056,0.50968,0.53213,0.01755,0.01755,0.08488,0.58873,0.59001,1.25666,2.98959,False,False,False,False,False,False,False,False,False,False,False,False,1112.19226,52.11440,52.11440,,,,6,0,,,,,,
rna_spec_29,rna_spec_29.cif,MTRPNHTIYINNLNEKIKKDELKKSLHAIFSRFGQILKILVSRGKMRGQAFVIFKEVSSATNALRSMQGFPFYDKPMRIQYAKK,MTRPNHTIYINNLNEKIKKDELKKSLHAIFSRFGQILKILVSRGKMRGQAFVIFKEVSSATNALRSMQGFPFYDKPMRIQYAKK,84,0,101.00000,104.00000,84,0.00000,0.04762,0.05952,0.00000,0.07143,0.03571,0.03571,0.03571,0.09524,0.05952,0.02381,0.07143,0.04762,0.04762,0.03571,0.13095,0.02381,0.07143,0.07143,0.03571,0.00000,0.39286,0.30952,0.29762,205,24,17,7,0,0,0,0,0,-1,0,0,,1-77,4,,5.00000,0,-1,0,0,,,0,,0.00000,62,2,10,,,0,,0.00000,-1,0,0,,8-51,3,,5.00000,0,-1,0,0,,,0,,0.00000,-1,0,0,,3-83,16,,10.00000,0,-1,0,0,,,0,,0.00000,0,-1,0,0,,,0,,0.00000,"AspBridge(pos62,sev10); ProtTrypx16(pos3-83,sev10); MetOxx4(pos1-77,sev5); HydroPatchx3(pos8-51,sev5)",0.00000,0.00000,0.00000,0.00000,0.87045,0.87045,,,,True,False,True,True,0.00000,0.00000,100000.25000,100000.25000,0.00000,0.77486,0.00000,0.00000,0.00000,0.00000,0.00000,0.00000,0.77486,0.00000,0.00000,0.00000,0.66554,0.66554,0.64962,0.00000,False,False,False,False,False,False,False,True,False,False,False,False,2.33427,0.85968,1.93394,2.98948,4.10211,True,False,True,True,0.00000,10.58581,4.03509,4.03509,0.45126,0.61337,0.00000,0.45126,0.45126,0.45126,0.45126,0.58337,0.65196,0.02828,0.02828,0.13663,0.63573,0.62017,0.81623,1.88484,False,False,False,False,False,True,False,False,False,False,False,False,775.40912,50.88930,50.88930,,,,9,0,,,,,,
