id,final_rank,designed_sequence,designed_chain_sequence,num_design,design_to_target_iptm,min_design_to_target_pae,design_ptm,filter_rmsd,designfolding-filter_rmsd,plip_hbonds_refolded,delta_sasa_refolded,design_largest_hydrophobic_patch_refolded,design_chain_hydrophobicity,design_hydrophobicity,loop,helix,sheet,file_name,num_prot_tokens,num_lig_atoms,num_resolved_tokens,num_tokens,UNK_fraction,GLY_fraction,ALA_fraction,CYS_fraction,SER_fraction,PRO_fraction,THR_fraction,VAL_fraction,ILE_fraction,ASN_fraction,ASP_fraction,LEU_fraction,MET_fraction,GLN_fraction,GLU_fraction,LYS_fraction,HIS_fraction,PHE_fraction,ARG_fraction,TYR_fraction,TRP_fraction,liability_score,liability_num_violations,liability_high_severity_violations,liability_medium_severity_violations,liability_low_severity_violations,liability_AspBridge_count,liability_ProtTryp_count,liability_MetOx_count,liability_HydroPatch_count,liability_MetOx_position,liability_MetOx_length,liability_MetOx_severity,liability_MetOx_details,liability_MetOx_positions,liability_MetOx_num_positions,liability_MetOx_global_details,liability_MetOx_avg_severity,liability_AspCleave_count,liability_AspCleave_position,liability_AspCleave_length,liability_AspCleave_severity,liability_AspCleave_details,liability_AspCleave_positions,liability_AspCleave_num_positions,liability_AspCleave_global_details,liability_AspCleave_avg_severity,liability_AspBridge_position,liability_AspBridge_length,liability_AspBridge_severity,liability_AspBridge_details,liability_AspBridge_positions,liability_AspBridge_num_positions,liability_AspBridge_global_details,liability_AspBridge_avg_severity,liability_HydroPatch_position,liability_HydroPatch_length,liability_HydroPatch_severity,liability_HydroPatch_details,liability_HydroPatch_positions,liability_HydroPatch_num_positions,liability_HydroPatch_global_details,liability_HydroPatch_avg_severity,liability_DPP4_count,liability_DPP4_position,liability_DPP4_length,liability_DPP4_severity,liability_DPP4_details,liability_DPP4_positions,liability_DPP4_num_positions,liability_DPP4_global_details,liability_DPP4_avg_severity,liability_ProtTryp_position,liability_ProtTryp_length,liability_ProtTryp_severity,liability_ProtTryp_details,liability_ProtTryp_positions,liability_ProtTryp_num_positions,liability_ProtTryp_global_details,liability_ProtTryp_avg_severity,liability_NTCycl_count,liability_NTCycl_position,liability_NTCycl_length,liability_NTCycl_severity,liability_NTCycl_details,liability_NTCycl_positions,liability_NTCycl_num_positions,liability_NTCycl_global_details,liability_NTCycl_avg_severity,liability_TrpOx_count,liability_TrpOx_position,liability_TrpOx_length,liability_TrpOx_severity,liability_TrpOx_details,liability_TrpOx_positions,liability_TrpOx_num_positions,liability_TrpOx_global_details,liability_TrpOx_avg_severity,liability_violations_summary,native_rmsd,native_rmsd_bb,native_rmsd_refolded,native_rmsd_bb_refolded,designfolding-bb_rmsd,designfolding-bb_rmsd_design,designfolding-bb_rmsd_target,designfolding-bb_rmsd_design_target,designfolding-bb_target_aligned_rmsd_design,designfolding-bb_rmsd<2.5,designfolding-bb_target_aligned<2.5,designfolding-bb_designability_rmsd_2,designfolding-bb_designability_rmsd_4,designfolding-ligand_iptm,designfolding-interaction_pae,designfolding-min_interaction_pae,designfolding-min_design_to_target_pae,designfolding-iptm,designfolding-ptm,designfolding-protein_iptm,designfolding-design_iptm,designfolding-design_iiptm,designfolding-design_to_target_iptm,designfolding-design_residue_iptm,designfolding-target_ptm,designfolding-design_ptm,designfolding-design_ipsae_min,designfolding-design_to_target_ipsae,designfolding-target_to_design_ipsae,designfolding-complex_plddt,designfolding-complex_iplddt,designfolding-complex_pde,designfolding-complex_ipde,designfolding-min_interaction_pae<1.5,designfolding-min_interaction_pae<2,designfolding-min_interaction_pae<2.5,designfolding-min_interaction_pae<3,designfolding-min_interaction_pae<4,designfolding-min_interaction_pae<5,designfolding-design_ptm>80,designfolding-design_ptm>75,designfolding-design_iptm>80,designfolding-design_iptm>70,designfolding-design_iptm>60,designfolding-design_iptm>50,bb_rmsd,bb_rmsd_design,bb_rmsd_target,bb_rmsd_design_target,bb_target_aligned_rmsd_design,bb_rmsd<2.5,bb_target_aligned<2.5,bb_designability_rmsd_2,bb_designability_rmsd_4,ligand_iptm,interaction_pae,min_interaction_pae,iptm,ptm,protein_iptm,design_iptm,design_iiptm,design_residue_iptm,target_ptm,design_ipsae_min,design_to_target_ipsae,target_to_design_ipsae,complex_plddt,complex_iplddt,complex_pde,complex_ipde,min_interaction_pae<1.5,min_interaction_pae<2,min_interaction_pae<2.5,min_interaction_pae<3,min_interaction_pae<4,min_interaction_pae<5,design_ptm>80,design_ptm>75,design_iptm>80,design_iptm>70,design_iptm>60,design_iptm>50,design_sasa_unbound_refolded,design_sasa_bound_refolded,plip_saltbridge_refolded,liability_UnpairedCys_count,liability_UnpairedCys_position,liability_UnpairedCys_length,liability_UnpairedCys_severity,liability_UnpairedCys_details,liability_details,filter_rmsd_design,neg_min_design_to_target_pae,neg_design_hydrophobicity,neg_design_largest_hydrophobic_patch_refolded,neg_min_interaction_pae,neg_filter_rmsd,neg_filter_rmsd_design,has_x,num_filters_passed,pass_has_x_filter,pass_filters,pass_filter_rmsd_filter,pass_filter_rmsd_design_filter,pass_designfolding-filter_rmsd_filter,pass_ALA_fraction_filter,pass_GLY_fraction_filter,pass_GLU_fraction_filter,pass_LEU_fraction_filter,pass_VAL_fraction_filter,design_iiptm_z,design_ptm_z,min_design_to_target_pae_z,design_hydrophobicity_z,design_largest_hydrophobic_patch_refolded_z,delta_sasa_refolded_z,plip_saltbridge_refolded_z,plip_hbonds_refolded_z,absolute_score,structure_confidence,rank_design_to_target_iptm,rank_design_ptm,rank_neg_min_design_to_target_pae,rank_plip_hbonds_refolded,rank_plip_saltbridge_refolded,rank_delta_sasa_refolded,max_rank,secondary_rank,quality_score
rna_spec_29,1,MTRPNHTIYINNLNEKIKKDELKKSLHAIFSRFGQILKILVSRGKMRGQAFVIFKEVSSATNALRSMQGFPFYDKPMRIQYAKK,MTRPNHTIYINNLNEKIKKDELKKSLHAIFSRFGQILKILVSRGKMRGQAFVIFKEVSSATNALRSMQGFPFYDKPMRIQYAKK,84,0.45126,4.03509,0.65196,2.33427,0.87045,9,,775.40912,50.8893,50.8893,0.39286,0.30952,0.29762,rna_spec_29.cif,84,0,101.0,104.0,0.0,0.04762,0.05952,0.0,0.07143,0.03571,0.03571,0.03571,0.09524,0.05952,0.02381,0.07143,0.04762,0.04762,0.03571,0.13095,0.02381,0.07143,0.07143,0.03571,0.0,205,24,17,7,0,0,0,0,0,-1,0,0,,1-77,4,,5.0,0,-1,0,0,,,0,,0.0,62,2,10,,,0,,0.0,-1,0,0,,8-51,3,,5.0,0,-1,0,0,,,0,,0.0,-1,0,0,,3-83,16,,10.0,0,-1,0,0,,,0,,0.0,0,-1,0,0,,,0,,0.0,"AspBridge(pos62,sev10); ProtTrypx16(pos3-83,sev10); MetOxx4(pos1-77,sev5); HydroPatchx3(pos8-51,sev5)",0.0,0.0,0.0,0.0,0.87045,0.87045,,,,True,False,True,True,0.0,0.0,100000.25,100000.25,0.0,0.77486,0.0,0.0,0.0,0.0,0.0,0.0,0.77486,0.0,0.0,0.0,0.66554,0.66554,0.64962,0.0,False,False,False,False,False,False,False,True,False,False,False,False,2.33427,0.85968,1.93394,2.98948,4.10211,True,False,True,True,0.0,10.58581,4.03509,0.45126,0.61337,0.0,0.45126,0.45126,0.45126,0.58337,0.02828,0.02828,0.13663,0.63573,0.62017,0.81623,1.88484,False,False,False,False,False,True,False,False,False,False,False,False,,,0,,,,,,,0.85968,-4.03509,-50.8893,-775.40912,-4.03509,-2.33427,-0.85968,False,9,True,True,True,True,True,True,True,True,True,True,0.6441092904501144,-0.07008513992530441,-1.1981943548079967,0.9160858170814834,0.37855496925361454,,-0.9109110110510453,0.4263849360930235,,0.7229044301181836,1.0,1.0,1.0,1.5,0.5,0.5,1.5,1,1.0
rna_spec_07,2,GKVETRPNHTIYINNLNEKIKKDELKKSLHAIFSRFGQILDILVSRSLKMRGQAFVIFKEVSSATNALRSMREQQFPFYDKPMRIQPSKTDLTLEEVTSMSQRIRERKL,GKVETRPNHTIYINNLNEKIKKDELKKSLHAIFSRFGQILDILVSRSLKMRGQAFVIFKEVSSATNALRSMREQQFPFYDKPMRIQPSKTDLTLEEVTSMSQRIRERKL,109,0.43614,4.05395,0.58653,2.42994,2.42531,11,,865.08405,51.142,51.142,0.3578,0.43119,0.21101,rna_spec_07.cif,109,0,126.0,129.0,0.0,0.02752,0.0367,0.0,0.09174,0.0367,0.05505,0.04587,0.08257,0.04587,0.0367,0.09174,0.0367,0.05505,0.07339,0.10092,0.01835,0.05505,0.09174,0.01835,0.0,255,29,22,7,0,0,0,0,0,-1,0,0,,50-100,4,,5.0,0,-1,0,0,,,0,,0.0,66,2,10,,,0,,0.0,-1,0,0,,11-55,3,,5.0,0,-1,0,0,,,0,,0.0,-1,0,0,,2-108,21,,10.0,0,-1,0,0,,,0,,0.0,0,-1,0,0,,,0,,0.0,"AspBridge(pos66,sev10); ProtTrypx21(pos2-108,sev10); MetOxx4(pos50-100,sev5); HydroPatchx3(pos11-55,sev5)",0.0,0.0,0.0,0.0,2.42531,2.42531,,,,True,False,False,True,0.0,0.0,100000.25,100000.25,0.0,0.61078,0.0,0.0,0.0,0.0,0.0,0.0,0.61078,0.0,0.0,0.0,0.63625,0.63625,1.17346,0.0,False,False,False,False,False,False,False,False,False,False,False,False,2.42994,2.2565,1.98409,3.2144,3.59171,True,False,False,True,0.0,12.14041,4.05395,0.43614,0.55829,0.0,0.43614,0.43614,0.43614,0.52813,0.02343,0.02343,0.20551,0.59726,0.59575,1.01584,1.96342,False,False,False,False,False,True,False,False,False,False,False,False,,,0,,,,,,,2.2565,-4.05395,-51.142,-865.08405,-4.05395,-2.42994,-2.2565,False,9,True,True,True,True,True,True,True,True,True,True,0.5017631450615916,-1.6307149881537526,-1.19331388935596,0.9494864655883348,0.5822135379514012,,-0.9109110110510453,0.8751418999361154,,0.3518878161362701,2.0,2.0,2.0,1.0,0.5,1.0,2.0,2,0.9642857142857143
rna_spec_04,3,TRPNHTIYINNLNRKIKKDELKKSLYKIFSPFGIKKIIVNTKRGLAFVIFKTIENATNALRTLQGFPFYDKPMRIQYSKTDSDV,TRPNHTIYINNLNRKIKKDELKKSLYKIFSPFGIKKIIVNTKRGLAFVIFKTIENATNALRTLQGFPFYDKPMRIQYSKTDSDV,84,0.35921,4.61823,0.53234,2.40318,1.89961,14,,466.43979,52.0853,52.0853,0.39286,0.30952,0.29762,rna_spec_04.cif,84,0,101.0,104.0,0.0,0.03571,0.03571,0.0,0.04762,0.04762,0.08333,0.03571,0.11905,0.08333,0.04762,0.07143,0.0119,0.02381,0.02381,0.14286,0.0119,0.07143,0.05952,0.04762,0.0,220,24,20,4,0,0,0,0,0,73,1,5,,,0,,0.0,0,81,2,10,,,0,,0.0,-1,0,0,,55-58,2,,10.0,-1,0,0,,7-47,3,,5.0,0,-1,0,0,,,0,,0.0,-1,0,0,,2-79,17,,10.0,0,-1,0,0,,,0,,0.0,0,-1,0,0,,,0,,0.0,"AspBridgex2(pos55-58,sev10); AspCleave(pos81,sev10); ProtTrypx17(pos2-79,sev10); MetOx(pos73,sev5); HydroPatchx3(pos7-47,sev5)",0.0,0.0,0.0,0.0,1.89961,1.89961,,,,True,False,True,True,0.0,0.0,100000.25,100000.25,0.0,0.71874,0.0,0.0,0.0,0.0,0.0,0.0,0.71874,0.0,0.0,0.0,0.63676,0.63676,0.79104,0.0,False,False,False,False,False,False,False,False,False,False,False,False,2.40318,1.28224,2.31914,2.37699,3.29424,True,False,True,True,0.0,12.41816,4.61823,0.35921,0.4947,0.0,0.35921,0.35921,0.35921,0.52784,0.01827,0.01827,0.11432,0.60298,0.60237,1.00808,2.15611,False,False,False,False,False,True,False,False,False,False,False,False,,,0,,,,,,,1.28224,-4.61823,-52.0853,-466.43979,-4.61823,-2.40318,-1.28224,False,9,True,True,True,True,True,True,True,True,True,True,-0.2224887705957557,-2.92324947501757,-1.0472932612925832,1.074167240168913,-0.32313781734029856,,-0.9109110110510453,1.548277345700753,,-0.25472809872478297,3.0,3.0,3.0,0.5,0.5,1.5,3.0,3,0.9285714285714286
rna_spec_16,4,TRPNHTIYINNLNEKIKKDELKKSLHAIFSRFGQILNILVSRGKMRGQAFVIFKNVSSATNALRSMQGFPFYDKPMRIQYSKTDVSDEILAK,TRPNHTIYINNLNEKIKKDELKKSLHAIFSRFGQILNILVSRGKMRGQAFVIFKNVSSATNALRSMQGFPFYDKPMRIQYSKTDVSDEILAK,92,0.42404,4.03476,0.60699,2.23811,2.96375,10,,748.81934,51.1364,51.1364,0.41304,0.33696,0.25,rna_spec_16.cif,92,0,109.0,112.0,0.0,0.04348,0.05435,0.0,0.08696,0.03261,0.04348,0.04348,0.09783,0.07609,0.04348,0.07609,0.03261,0.04348,0.03261,0.1087,0.02174,0.06522,0.06522,0.03261,0.0,190,22,16,6,0,0,0,0,0,-1,0,0,,45-76,3,,5.0,0,-1,0,0,,,0,,0.0,61,2,10,,,0,,0.0,-1,0,0,,7-50,3,,5.0,0,-1,0,0,,,0,,0.0,-1,0,0,,2-82,15,,10.0,0,-1,0,0,,,0,,0.0,0,-1,0,0,,,0,,0.0,"AspBridge(pos61,sev10); ProtTrypx15(pos2-82,sev10); MetOxx3(pos45-76,sev5); HydroPatchx3(pos7-50,sev5)",0.0,0.0,0.0,0.0,2.96375,2.96375,,,,False,False,False,True,0.0,0.0,100000.25,100000.25,0.0,0.75012,0.0,0.0,0.0,0.0,0.0,0.0,0.75012,0.0,0.0,0.0,0.68083,0.68083,0.76053,0.0,False,False,False,False,False,False,False,True,False,False,False,False,2.23811,1.21266,2.13136,2.35253,2.86049,True,False,True,True,0.0,11.07217,4.03476,0.42404,0.57432,0.0,0.42404,0.42404,0.42404,0.56687,0.0252,0.0252,0.14335,0.61672,0.60494,0.89408,1.92859,False,False,False,False,False,True,False,False,False,False,False,False,,,0,,,,,,,1.21266,-4.03476,-51.1364,-748.81934,-4.03476,-2.23811,-1.21266,False,3,True,False,True,True,False,True,True,True,True,True,0.38784857104035236,-1.1427051043885974,-1.1982797500147397,0.9487462850120055,0.31816756179437217,,-0.9109110110510453,0.6507634180145695,,0.4059103075443174,5.0,4.0,4.0,3.0,2.0,3.0,5.0,4,0.8928571428571429
rna_spec_09,5,EDIPEEEMTRPNHTIYINNLNEKIKKDELKKSLHAIFSRFGQILDILVSRSLKMRGQAFVIFKEVSSATNAMRSMQGFPLRILGDKPMRIQPSKTTMTKEEAYAMSQRIRARKERAK,EDIPEEEMTRPNHTIYINNLNEKIKKDELKKSLHAIFSRFGQILDILVSRSLKMRGQAFVIFKEVSSATNAMRSMQGFPLRILGDKPMRIQPSKTTMTKEEAYAMSQRIRARKERAK,117,0.42417,4.65333,0.57346,2.38681,2.78329,13,,823.5116,48.2871,48.2871,0.37607,0.41026,0.21368,rna_spec_09.cif,117,0,134.0,137.0,0.0,0.03419,0.06838,0.0,0.07692,0.04274,0.05128,0.02564,0.09402,0.04274,0.03419,0.06838,0.05983,0.04274,0.08547,0.10256,0.01709,0.04274,0.09402,0.01709,0.0,280,33,23,10,0,0,0,0,0,-1,0,0,,8-105,7,,5.0,0,-1,0,0,,,0,,0.0,70,2,10,,,0,,0.0,-1,0,0,,15-59,3,,5.0,0,-1,0,0,,,0,,0.0,-1,0,0,,10-115,22,,10.0,0,-1,0,0,,,0,,0.0,0,-1,0,0,,,0,,0.0,"AspBridge(pos70,sev10); ProtTrypx22(pos10-115,sev10); MetOxx7(pos8-105,sev5); HydroPatchx3(pos15-59,sev5)",0.0,0.0,0.0,0.0,2.78329,2.78329,,,,False,False,False,True,0.0,0.0,100000.25,100000.25,0.0,0.56003,0.0,0.0,0.0,0.0,0.0,0.0,0.56003,0.0,0.0,0.0,0.62608,0.62608,1.30989,0.0,False,False,False,False,False,False,False,False,False,False,False,False,2.38681,1.48506,1.96754,2.8898,3.66381,True,False,True,True,0.0,12.75101,4.65333,0.42417,0.55074,0.0,0.42417,0.42417,0.42417,0.53585,0.02074,0.02074,0.16839,0.58942,0.58952,1.06618,2.24086,False,False,False,False,False,True,False,False,False,False,False,False,,,0,,,,,,,1.48506,-4.65333,-48.2871,-823.5116,-4.65333,-2.38681,-1.48506,False,3,True,False,True,True,False,True,True,True,True,True,0.38907244662901047,-1.9424593273918065,-1.0382103165753778,0.5721397642736996,0.4877993503489096,,-0.9109110110510453,1.3238988637792073,,0.18242123980339403,4.0,6.0,6.0,2.0,2.0,3.5,6.0,5,0.8571428571428572
rna_spec_24,6,RPNHTIYINNLNEKIKKDELKKSLHAIFSRFGQILNILVSRGKMRGQAFVIFKEVSSATNALRSMQGFPFYDKPMRIQYAKTDADEEIIAK,RPNHTIYINNLNEKIKKDELKKSLHAIFSRFGQILNILVSRGKMRGQAFVIFKEVSSATNALRSMQGFPFYDKPMRIQYAKTDADEEIIAK,91,0.40372,4.61451,0.5848,2.16201,4.07764,9,,727.77606,51.4879,51.4879,0.38462,0.34066,0.27473,rna_spec_24.cif,91,0,108.0,111.0,0.0,0.04396,0.07692,0.0,0.06593,0.03297,0.03297,0.03297,0.10989,0.06593,0.04396,0.06593,0.03297,0.04396,0.05495,0.10989,0.02198,0.06593,0.06593,0.03297,0.0,190,22,16,6,0,0,0,0,0,-1,0,0,,44-75,3,,5.0,0,-1,0,0,,,0,,0.0,60,2,10,,,0,,0.0,-1,0,0,,6-49,3,,5.0,0,-1,0,0,,,0,,0.0,-1,0,0,,1-81,15,,10.0,0,-1,0,0,,,0,,0.0,0,-1,0,0,,,0,,0.0,"AspBridge(pos60,sev10); ProtTrypx15(pos1-81,sev10); MetOxx3(pos44-75,sev5); HydroPatchx3(pos6-49,sev5)",0.0,0.0,0.0,0.0,4.07764,4.07764,,,,False,False,False,False,0.0,0.0,100000.25,100000.25,0.0,0.76351,0.0,0.0,0.0,0.0,0.0,0.0,0.76351,0.0,0.0,0.0,0.6384,0.6384,0.73909,0.0,False,False,False,False,False,False,False,True,False,False,False,False,2.16201,1.26676,1.99398,2.38539,3.0589,True,False,True,True,0.0,12.28166,4.61451,0.40372,0.55217,0.0,0.40372,0.40372,0.40372,0.52693,0.0218,0.0218,0.11314,0.61949,0.61016,0.98503,2.21209,False,False,False,False,False,True,False,False,False,False,False,False,,,0,,,,,,,1.26676,-4.61451,-51.4879,-727.77606,-4.61451,-2.16201,-1.26676,False,3,True,False,True,True,False,True,True,True,True,True,0.19654740210551225,-1.6719787759794478,-1.0482558981685945,0.9952058336869486,0.2703766765881417,,-0.9109110110510453,0.4263849360930235,,0.16352556491375317,6.0,5.0,5.0,3.5,2.0,2.0,6.0,5,0.8214285714285714
rna_spec_23,7,GPINTRPNHTIYINNLNEKIKKDELKKSLHAIFSRFGQILDILVSRSLKMRGQAFVIFKEVSSATNALRSMQGKFPFYDKPMRIQYAKTDSDIVAKMNTS,GPINTRPNHTIYINNLNEKIKKDELKKSLHAIFSRFGQILDILVSRSLKMRGQAFVIFKEVSSATNALRSMQGKFPFYDKPMRIQYAKTDSDIVAKMNTS,100,0.37578,5.38973,0.52818,2.17485,5.02224,12,,420.29346,51.0085,51.0085,0.41,0.34,0.25,rna_spec_23.cif,100,0,117.0,120.0,0.0,0.04,0.06,0.0,0.09,0.04,0.05,0.04,0.1,0.07,0.05,0.07,0.04,0.04,0.03,0.11,0.02,0.06,0.06,0.03,0.0,225,26,19,7,0,0,0,0,0,-1,0,0,,50-97,4,,5.0,0,90,2,10,,,0,,0.0,66,2,10,,,0,,0.0,-1,0,0,,11-55,3,,5.0,0,-1,0,0,,,0,,0.0,-1,0,0,,6-96,17,,10.0,0,-1,0,0,,,0,,0.0,0,-1,0,0,,,0,,0.0,"AspBridge(pos66,sev10); AspCleave(pos90,sev10); ProtTrypx17(pos6-96,sev10); MetOxx4(pos50-97,sev5); HydroPatchx3(pos11-55,sev5)",0.0,0.0,0.0,0.0,5.02224,5.02224,,,,False,False,False,False,0.0,0.0,100000.25,100000.25,0.0,0.63592,0.0,0.0,0.0,0.0,0.0,0.0,0.63592,0.0,0.0,0.0,0.65419,0.65419,1.13404,0.0,False,False,False,False,False,False,False,False,False,False,False,False,2.17485,1.4489,1.85337,2.72665,3.24294,True,False,True,True,0.0,14.04333,5.38973,0.37578,0.49884,0.0,0.37578,0.37578,0.37578,0.53475,0.01642,0.01642,0.09913,0.5932,0.5901,1.22089,2.56807,False,False,False,False,False,False,False,False,False,False,False,False,,,0,,,,,,,1.4489,-5.38973,-51.0085,-420.29346,-5.38973,-2.17485,-1.4489,False,3,True,False,True,True,False,True,True,True,True,True,-0.06649170517989376,-3.0224733810030573,-0.8476496188617059,0.93184108934906,-0.42793963339363406,,-0.9109110110510453,1.0995203818576613,,-0.2920315107278866,7.0,7.0,8.0,2.5,2.0,2.5,8.0,6,0.7857142857142857
rna_spec_01,8,SRPNHTIYINNLNEKIKDDELKKSLHARFSRFGQILDILVNRKKMNGQAFITFKEVSSATNALRMQGLPFYDKPMRIQYSKD,SRPNHTIYINNLNEKIKDDELKKSLHARFSRFGQILDILVNRKKMNGQAFITFKEVSSATNALRMQGLPFYDKPMRIQYSKD,82,0.34464,5.06301,0.49774,2.33853,6.68078,7,,678.29822,48.5697,48.5697,0.39024,0.32927,0.28049,rna_spec_01.cif,82,0,99.0,102.0,0.0,0.03659,0.04878,0.0,0.07317,0.03659,0.03659,0.02439,0.08537,0.08537,0.06098,0.08537,0.03659,0.04878,0.03659,0.10976,0.02439,0.06098,0.07317,0.03659,0.0,195,22,17,5,0,0,0,0,0,-1,0,0,,45-75,3,,5.0,0,-1,0,0,,,0,,0.0,-1,0,0,,46-61,2,,10.0,-1,0,0,,7-38,2,,5.0,0,-1,0,0,,,0,,0.0,-1,0,0,,2-81,15,,10.0,0,-1,0,0,,,0,,0.0,0,-1,0,0,,,0,,0.0,"AspBridgex2(pos46-61,sev10); ProtTrypx15(pos2-81,sev10); MetOxx3(pos45-75,sev5); HydroPatchx2(pos7-38,sev5)",0.0,0.0,0.0,0.0,6.68078,6.68078,,,,False,False,False,False,0.0,0.0,100000.25,100000.25,0.0,0.6404,0.0,0.0,0.0,0.0,0.0,0.0,0.6404,0.0,0.0,0.0,0.64056,0.64056,1.07689,0.0,False,False,False,False,False,False,False,False,False,False,False,False,2.33853,2.38002,1.99542,3.07542,3.76716,True,False,False,True,0.0,13.94781,5.06301,0.34464,0.46265,0.0,0.34464,0.34464,0.34464,0.54817,0.0162,0.0162,0.07465,0.59585,0.58144,1.37545,3.13881,False,False,False,False,False,False,False,False,False,False,False,False,,,0,,,,,,,2.38002,-5.06301,-48.5697,-678.29822,-5.06301,-2.33853,-2.38002,False,3,True,False,True,True,False,True,True,True,True,True,-0.35965698080149494,-3.748525231531468,-0.9321960490043062,0.6094924483577355,0.15800874859914749,,-0.9109110110510453,-0.022372027750068284,,-0.5206894190251692,8.0,8.0,7.0,4.0,2.0,4.0,8.0,6,0.75
rna_spec_28,9,GSMKTRPNHTIYINNLNLRKVNQIKIKQSGATIIADTPTAKRFGRALYSIFSRFGQILKILVSASLKMRGQAFVIFKEVSSATNAIRQTITFGGKPLRIQYAKTLTEEEADIVAEAMAK,GSMKTRPNHTIYINNLNLRKVNQIKIKQSGATIIADTPTAKRFGRALYSIFSRFGQILKILVSASLKMRGQAFVIFKEVSSATNAIRQTITFGGKPLRIQYAKTLTEEEADIVAEAMAK,119,0.41056,5.54897,0.53213,2.32535,6.3215,6,,1112.19226,52.1144,52.1144,0.38655,0.36975,0.2437,rna_spec_28.cif,119,0,136.0,139.0,0.0,0.05882,0.10924,0.0,0.06723,0.02521,0.08403,0.04202,0.11765,0.05042,0.01681,0.06723,0.02521,0.05042,0.04202,0.09244,0.0084,0.05042,0.06723,0.02521,0.0,230,26,20,6,0,0,0,0,0,-1,0,0,,3-117,3,,5.0,0,-1,0,0,,,0,,0.0,-1,0,0,,22-84,2,,10.0,-1,0,0,,11-73,3,,5.0,0,-1,0,0,,,0,,0.0,-1,0,0,,4-103,18,,10.0,0,-1,0,0,,,0,,0.0,0,-1,0,0,,,0,,0.0,"AspBridgex2(pos22-84,sev10); ProtTrypx18(pos4-103,sev10); MetOxx3(pos3-117,sev5); HydroPatchx3(pos11-73,sev5)",0.0,0.0,0.0,0.0,6.3215,6.3215,,,,False,False,False,False,0.0,0.0,100000.25,100000.25,0.0,0.67976,0.0,0.0,0.0,0.0,0.0,0.0,0.67976,0.0,0.0,0.0,0.61534,0.61534,1.41295,0.0,False,False,False,False,False,False,False,False,False,False,False,False,2.32535,2.64862,1.92396,3.02407,3.27179,True,False,False,True,0.0,14.43944,5.54897,0.41056,0.51313,0.0,0.41056,0.41056,0.41056,0.50968,0.01755,0.01755,0.08488,0.58873,0.59001,1.25666,2.98959,False,False,False,False,False,False,False,False,False,False,False,False,,,0,,,,,,,2.64862,-5.54897,-52.1144,-1112.19226,-5.54897,-2.32535,-2.64862,False,2,True,False,True,False,False,True,True,True,True,True,0.26094208692412946,-2.9282583741178,-0.8064425500079239,1.078013535663767,1.1434150282906974,,-0.9109110110510453,-0.2467505096716142,,-0.15869782005073865,9.0,9.0,9.0,4.5,4.5,4.5,9.0,7,0.7142857142857143
rna_spec_11,10,TRPNHTIYINNLNEKIKDDELKKSLHRIFSRFGKILDILVNRKKMMGQAFITFKEISSATSALRQIPFYDKVMRIQFSKD,TRPNHTIYINNLNEKIKDDELKKSLHRIFSRFGKILDILVNRKKMMGQAFITFKEISSATSALRQIPFYDKVMRIQFSKD,80,0.29259,5.98573,0.4411,2.46605,3.37234,2,,864.56183,53.0775,53.0775,0.375,0.3125,0.3125,rna_spec_11.cif,80,0,97.0,100.0,0.0,0.025,0.0375,0.0,0.075,0.025,0.05,0.025,0.125,0.0625,0.0625,0.075,0.0375,0.0375,0.0375,0.125,0.025,0.075,0.075,0.025,0.0,185,21,16,5,0,0,0,0,0,-1,0,0,,45-73,3,,5.0,0,-1,0,0,,,0,,0.0,-1,0,0,,,0,,0.0,-1,0,0,,7-38,2,,5.0,0,-1,0,0,,,0,,0.0,-1,0,0,,2-79,16,,10.0,0,-1,0,0,,,0,,0.0,0,-1,0,0,,,0,,0.0,"ProtTrypx16(pos2-79,sev10); MetOxx3(pos45-73,sev5); HydroPatchx2(pos7-38,sev5)",0.0,0.0,0.0,0.0,3.37234,3.37234,,,,False,False,False,True,0.0,0.0,100000.25,100000.25,0.0,0.62378,0.0,0.0,0.0,0.0,0.0,0.0,0.62378,0.0,0.0,0.0,0.62203,0.62203,1.19209,0.0,False,False,False,False,False,False,False,False,False,False,False,False,2.46605,3.38749,1.93837,3.79191,3.95018,True,False,False,True,0.0,15.07181,5.98573,0.29259,0.40827,0.0,0.29259,0.29259,0.29259,0.52376,0.01241,0.01241,0.06101,0.50863,0.52012,1.48022,2.95724,False,False,False,False,False,False,False,False,False,False,False,False,,,0,,,,,,,3.38749,-5.98573,-53.0775,-864.56183,-5.98573,-2.46605,-3.38749,False,2,True,False,True,False,False,True,True,True,True,True,-0.8496779376449226,-5.099496874564624,-0.6934207000168544,1.2053113772820807,0.5810275367162134,,-0.9109110110510453,-1.144264437357798,,-1.082402269964152,10.0,10.0,10.0,5.0,4.5,5.0,10.0,8,0.6785714285714286
rna_spec_20,11,PPNPTRPNHTIYINNLNEKIKKDELKKSLYAIFSRFGQILGILVSRSLKMRGQAFVIFKEVSSATNALRNGRASLQGFPFYDKPMRIQYSKTDEPSEEQVAMAERDLKEALAK,PPNPTRPNHTIYINNLNEKIKKDELKKSLYAIFSRFGQILGILVSRSLKMRGQAFVIFKEVSSATNALRNGRASLQGFPFYDKPMRIQYSKTDEPSEEQVAMAERDLKEALAK,113,0.46279,3.76022,0.64903,2.64734,2.50782,10,,791.745,49.8557,49.8557,0.38053,0.39823,0.22124,rna_spec_20.cif,113,0,130.0,133.0,0.0,0.04425,0.07965,0.0,0.07965,0.06195,0.0354,0.0354,0.0708,0.06195,0.0354,0.0885,0.02655,0.04425,0.0708,0.09735,0.00885,0.0531,0.0708,0.0354,0.0,235,27,20,7,0,0,0,0,0,-1,0,0,,50-102,3,,5.0,0,-1,0,0,,,0,,0.0,-1,0,0,,66-70,2,,10.0,-1,0,0,,11-55,3,,5.0,0,1,2,5,,,0,,0.0,-1,0,0,,6-108,18,,10.0,0,-1,0,0,,,0,,0.0,0,-1,0,0,,,0,,0.0,"AspBridgex2(pos66-70,sev10); ProtTrypx18(pos6-108,sev10); DPP4(pos1,sev5); MetOxx3(pos50-102,sev5); HydroPatchx3(pos11-55,sev5)",0.0,0.0,0.0,0.0,2.50782,2.50782,,,,False,False,False,True,0.0,0.0,100000.25,100000.25,0.0,0.70487,0.0,0.0,0.0,0.0,0.0,0.0,0.70487,0.0,0.0,0.0,0.6494,0.6494,0.81597,0.0,False,False,False,False,False,False,False,False,False,False,False,False,2.64734,2.19609,2.02834,3.62189,4.17474,False,False,False,True,0.0,11.97231,3.76022,0.46279,0.61681,0.0,0.46279,0.46279,0.46279,0.54652,0.02497,0.02497,0.22024,0.60661,0.60606,0.95694,2.00588,False,False,False,False,True,True,False,False,False,False,False,False,,,0,,,,,,,2.19609,-3.76022,-49.8557,-791.745,-3.76022,-2.64734,-2.19609,False,1,True,False,False,True,False,True,True,True,True,True,0.7526576407364682,-0.13997120832373533,-1.2693233865578026,0.7794696307075976,0.4156549919602817,,-0.9109110110510453,0.6507634180145695,,0.7807981692529613,12.0,12.0,12.0,6.0,5.5,8.0,12.0,9,0.6428571428571428
rna_spec_26,12,NHTIYINNLNPKIKKDELKKSLHAIFSRFGQIKDIIVNTAKGLAFVIFAEVSSATNALRSMQGFPFYDKPMRIQFSKTDV,NHTIYINNLNPKIKKDELKKSLHAIFSRFGQIKDIIVNTAKGLAFVIFAEVSSATNALRSMQGFPFYDKPMRIQFSKTDV,80,0.41346,3.66976,0.63451,2.54507,1.63933,7,,860.93683,54.7238,54.7238,0.3625,0.325,0.3125,rna_spec_26.cif,80,0,97.0,100.0,0.0,0.0375,0.075,0.0,0.075,0.0375,0.05,0.05,0.1125,0.075,0.05,0.0625,0.025,0.0375,0.025,0.1125,0.025,0.0875,0.0375,0.025,0.0,160,19,13,6,0,0,0,0,0,-1,0,0,,61-71,2,,5.0,0,-1,0,0,,,0,,0.0,56,2,10,,,0,,0.0,-1,0,0,,4-45,3,,5.0,0,-1,0,0,,,0,,0.0,-1,0,0,,12-77,12,,10.0,0,1,1,5,,,0,,0.0,0,-1,0,0,,,0,,0.0,"AspBridge(pos56,sev10); NTCycl(pos1,sev5); ProtTrypx12(pos12-77,sev10); MetOxx2(pos61-71,sev5); HydroPatchx3(pos4-45,sev5)",0.0,0.0,0.0,0.0,1.63933,1.63933,,,,True,False,True,True,0.0,0.0,100000.25,100000.25,0.0,0.68831,0.0,0.0,0.0,0.0,0.0,0.0,0.68831,0.0,0.0,0.0,0.65511,0.65511,1.24966,0.0,False,False,False,False,False,False,False,False,False,False,False,False,2.54507,0.66653,2.1166,3.36941,4.35049,False,False,True,True,0.0,10.57448,3.66976,0.41346,0.5903,0.0,0.41346,0.41346,0.41346,0.56493,0.02544,0.02544,0.15948,0.60108,0.58806,0.83896,1.87281,False,False,False,False,True,True,False,False,False,False,False,False,,,0,,,,,,,0.66653,-3.66976,-54.7238,-860.93683,-3.66976,-2.54507,-0.66653,False,1,True,False,False,True,True,True,True,True,True,True,0.28824392697880663,-0.4863008032538444,-1.292732024139523,1.422911249212545,0.5727948867266403,,-0.9109110110510453,-0.022372027750068284,,0.5351302197965631,13.0,14.0,11.0,8.5,5.5,6.0,14.0,10,0.6071428571428572
rna_spec_27,13,GTIKQRPNRTIYINNLNEKIKKERLAASLYKIFSRFGQIEAIVVSRSLKMRGQAFVIFKEVSSATNALRSMQGFPFYDKPMRIQYAKTDVTAEGENTFTGEELRRLARELEEEEAK,GTIKQRPNRTIYINNLNEKIKKERLAASLYKIFSRFGQIEAIVVSRSLKMRGQAFVIFKEVSSATNALRSMQGFPFYDKPMRIQYAKTDVTAEGENTFTGEELRRLARELEEEEAK,116,0.46565,3.98648,0.62783,2.55065,1.20005,9,,518.1106,49.7673,49.7673,0.40517,0.36207,0.23276,rna_spec_27.cif,116,0,133.0,136.0,0.0,0.05172,0.08621,0.0,0.06034,0.02586,0.06034,0.0431,0.07759,0.05172,0.01724,0.06897,0.02586,0.0431,0.11207,0.08621,0.0,0.06034,0.09483,0.03448,0.0,240,27,21,6,0,0,0,0,0,-1,0,0,,50-81,3,,5.0,0,-1,0,0,,,0,,0.0,66,2,10,,,0,,0.0,-1,0,0,,11-55,3,,5.0,0,-1,0,0,,,0,,0.0,-1,0,0,,4-108,20,,10.0,0,-1,0,0,,,0,,0.0,0,-1,0,0,,,0,,0.0,"AspBridge(pos66,sev10); ProtTrypx20(pos4-108,sev10); MetOxx3(pos50-81,sev5); HydroPatchx3(pos11-55,sev5)",0.0,0.0,0.0,0.0,1.20005,1.20005,,,,True,False,True,True,0.0,0.0,100000.25,100000.25,0.0,0.74902,0.0,0.0,0.0,0.0,0.0,0.0,0.74902,0.0,0.0,0.0,0.68187,0.68187,0.69334,0.0,False,False,False,False,False,False,False,False,False,False,False,False,2.55065,1.81168,1.99045,3.21095,4.42621,False,False,True,True,0.0,11.87524,3.98648,0.46565,0.59806,0.0,0.46565,0.46565,0.46565,0.55297,0.0275,0.0275,0.21342,0.63681,0.63268,0.92298,1.98963,False,False,False,False,True,True,False,False,False,False,False,False,,,0,,,,,,,1.81168,-3.98648,-49.7673,-518.1106,-3.98648,-2.55065,-1.81168,False,1,True,False,False,True,True,True,True,True,True,True,0.7795829036869432,-0.6456314984420771,-1.2107733275345878,0.767785351609831,-0.20578948812437087,,-0.9109110110510453,0.4263849360930235,,0.667016192800197,11.0,15.0,14.0,6.5,5.5,5.5,15.0,11,0.5714285714285714
rna_spec_15,14,STRPSRTIYVGNLNPKMKEEELKKELEKLSGAEILKVELNRKKQLAFVEFKSIEDAEKALKVLNGFPFRGRPLRVEYDPR,STRPSRTIYVGNLNPKMKEEELKKELEKLSGAEILKVELNRKKQLAFVEFKSIEDAEKALKVLNGFPFRGRPLRVEYDPR,80,0.39612,3.87113,0.65969,3.36458,1.07885,4,,527.76233,47.938,47.938,0.4,0.2875,0.3125,rna_spec_15.cif,80,0,97.0,100.0,0.0,0.05,0.05,0.0,0.05,0.0625,0.025,0.0625,0.0375,0.05,0.025,0.125,0.0125,0.0125,0.1375,0.1375,0.0,0.05,0.0875,0.025,0.0,200,21,19,2,0,0,0,0,0,17,1,5,,,0,,0.0,0,78,2,10,,,0,,0.0,64,2,10,,,0,,0.0,8,3,5,,,0,,0.0,0,-1,0,0,,,0,,0.0,-1,0,0,,3-74,17,,10.0,0,-1,0,0,,,0,,0.0,0,-1,0,0,,,0,,0.0,"AspBridge(pos64,sev10); AspCleave(pos78,sev10); ProtTrypx17(pos3-74,sev10); MetOx(pos17,sev5); HydroPatch(pos8,sev5)",0.0,0.0,0.0,0.0,1.07885,1.07885,,,,True,False,True,True,0.0,0.0,100000.25,100000.25,0.0,0.78737,0.0,0.0,0.0,0.0,0.0,0.0,0.78737,0.0,0.0,0.0,0.63226,0.63226,0.65205,0.0,False,False,False,False,False,False,False,True,False,False,False,False,3.36458,1.21479,2.128,5.23773,7.42997,False,False,True,True,0.0,12.06084,3.87113,0.39612,0.60158,0.0,0.39612,0.39612,0.39612,0.46808,0.02459,0.02459,0.1346,0.64241,0.62372,0.79721,1.97151,False,False,False,False,True,True,False,False,False,False,False,False,,,0,,,,,,,1.21479,-3.87113,-47.938,-527.76233,-3.87113,-3.36458,-1.21479,False,1,True,False,False,True,True,True,True,True,True,True,0.1249977523070483,0.11429005076407249,-1.240622833891557,0.525997435845755,-0.18386967712192576,,-0.9109110110510453,-0.695507473514706,,0.5691062446322566,18.0,11.0,13.0,12.5,5.5,10.0,18.0,12,0.5357142857142857
rna_spec_10,15,AEVSTRPNHTIYINNLNPKIKKDELKKSLHKIFSRFGQIIDINVIRSPTRNIAFVIFKEVSSATKALQEMRAQDFPFYDKPIRIQYSKTPLSEEEVNELLEEYRRRQE,AEVSTRPNHTIYINNLNPKIKKDELKKSLHKIFSRFGQIIDINVIRSPTRNIAFVIFKEVSSATKALQEMRAQDFPFYDKPIRIQYSKTPLSEEEVNELLEEYRRRQE,108,0.39188,4.35112,0.57697,3.04193,8.76024,8,,443.34641,50.6103,50.6103,0.36111,0.38889,0.25,rna_spec_10.cif,108,0,125.0,128.0,0.0,0.00926,0.0463,0.0,0.07407,0.05556,0.0463,0.0463,0.11111,0.06481,0.03704,0.06481,0.00926,0.0463,0.10185,0.09259,0.01852,0.05556,0.08333,0.03704,0.0,210,23,19,4,0,0,0,0,0,70,1,5,,,0,,0.0,0,-1,0,0,,,0,,0.0,-1,0,0,,,0,,0.0,-1,0,0,,11-54,2,,5.0,0,1,1,5,,,0,,0.0,-1,0,0,,6-106,19,,10.0,0,-1,0,0,,,0,,0.0,0,-1,0,0,,,0,,0.0,"ProtTrypx19(pos6-106,sev10); DPP4(pos1,sev5); MetOx(pos70,sev5); HydroPatchx2(pos11-54,sev5)",0.0,0.0,0.0,0.0,8.76024,8.76024,,,,False,False,False,False,0.0,0.0,100000.25,100000.25,0.0,0.58323,0.0,0.0,0.0,0.0,0.0,0.0,0.58323,0.0,0.0,0.0,0.61694,0.61694,1.47312,0.0,False,False,False,False,False,False,False,False,False,False,False,False,3.04193,3.75671,1.97333,4.55309,5.63534,False,False,False,True,0.0,13.69102,4.35112,0.39188,0.54366,0.0,0.39188,0.39188,0.39188,0.52654,0.01806,0.01806,0.17401,0.61769,0.62246,1.07211,2.36587,False,False,False,False,False,True,False,False,False,False,False,False,,,0,,,,,,,3.75671,-4.35112,-50.6103,-443.34641,-4.35112,-3.04193,-3.75671,False,1,True,False,False,False,False,True,True,True,True,True,0.08508057926158923,-1.8587391567165523,-1.1164142118171607,0.8792089633679446,-0.3755846351654599,,-0.9109110110510453,0.20200645417147764,,0.1088500850881895,19.0,19.0,15.0,8.0,5.5,12.0,19.0,13,0.5
rna_spec_05,16,HRPTHKIYINNLNEKIKKDELKKSLHAIFSRFGQILDILVSRSLKMRGQAFVIFKEVSSATNAWRQQGFPFYDKPMRISDINSKTPAHKLMAE,HRPTHKIYINNLNEKIKKDELKKSLHAIFSRFGQILDILVSRSLKMRGQAFVIFKEVSSATNAWRQQGFPFYDKPMRISDINSKTPAHKLMAE,93,0.39843,5.5467,0.57145,5.34554,10.32644,7,,297.95807,51.387,51.387,0.44086,0.31183,0.24731,rna_spec_05.cif,93,0,110.0,113.0,0.0,0.03226,0.06452,0.0,0.08602,0.04301,0.03226,0.03226,0.09677,0.05376,0.04301,0.07527,0.03226,0.04301,0.04301,0.11828,0.04301,0.06452,0.06452,0.02151,0.01075,230,26,20,6,0,0,0,0,0,-1,0,0,,46-91,3,,5.0,0,-1,0,0,,,0,,0.0,-1,0,0,,62-82,2,,10.0,-1,0,0,,7-51,3,,5.0,0,-1,0,0,,,0,,0.0,-1,0,0,,2-89,17,,10.0,0,-1,0,0,,,0,,0.0,0,64,1,10,,,0,,0.0,"AspBridgex2(pos62-82,sev10); ProtTrypx17(pos2-89,sev10); MetOxx3(pos46-91,sev5); TrpOx(pos64,sev10); HydroPatchx3(pos7-51,sev5)",0.0,0.0,0.0,0.0,10.32644,10.32644,,,,False,False,False,False,0.0,0.0,100000.25,100000.25,0.0,0.68445,0.0,0.0,0.0,0.0,0.0,0.0,0.68445,0.0,0.0,0.0,0.64996,0.64996,0.91551,0.0,False,False,False,False,False,False,False,False,False,False,False,False,5.34554,10.15857,1.99747,10.34598,10.53261,False,False,False,False,0.0,13.35561,5.5467,0.39843,0.5303,0.0,0.39843,0.39843,0.39843,0.52293,0.01766,0.01766,0.07288,0.54207,0.53225,1.04237,2.71291,False,False,False,False,False,False,False,False,False,False,False,False,,,0,,,,,,,10.15857,-5.5467,-51.387,-297.95807,-5.5467,-5.34554,-10.15857,False,1,True,False,False,False,False,True,True,True,True,True,0.14674508007473913,-1.9904016473511388,-0.8070299655209736,0.9818693658027328,-0.7057725843475462,,-0.9109110110510453,-0.022372027750068284,,-0.016570311231942636,17.0,20.0,20.0,8.5,5.5,13.5,20.0,14,0.4642857142857143
rna_spec_14,17,MKPDVQLLDDKTILINNARNISNERLLEAVRKAAEFGKIKRVVVVTEKGRHFVEADSAEELLEKLKPVLEKDEPLHVFLEFETKEAAEEAAKALKGLDKLPLSEVRKRREERRAERAR,MKPDVQLLDDKTILINNARNISNERLLEAVRKAAEFGKIKRVVVVTEKGRHFVEADSAEELLEKLKPVLEKDEPLHVFLEFETKEAAEEAAKALKGLDKLPLSEVRKRREERRAERAR,118,0.34095,4.99514,0.64429,4.47714,5.55881,2,,665.61316,46.8516,46.8516,0.31356,0.45763,0.22881,rna_spec_14.cif,118,0,135.0,138.0,0.0,0.02542,0.11017,0.0,0.02542,0.0339,0.02542,0.08475,0.0339,0.0339,0.05085,0.12712,0.00847,0.00847,0.16102,0.11864,0.01695,0.0339,0.10169,0.0,0.0,290,31,27,4,0,0,0,0,0,1,1,5,,,0,,0.0,0,56,2,10,,,0,,0.0,17,2,10,,,0,,0.0,-1,0,0,,13-77,3,,5.0,0,-1,0,0,,,0,,0.0,-1,0,0,,2-116,25,,10.0,0,-1,0,0,,,0,,0.0,0,-1,0,0,,,0,,0.0,"AspBridge(pos17,sev10); AspCleave(pos56,sev10); ProtTrypx25(pos2-116,sev10); MetOx(pos1,sev5); HydroPatchx3(pos13-77,sev5)",0.0,0.0,0.0,0.0,5.55881,5.55881,,,,False,False,False,False,0.0,0.0,100000.25,100000.25,0.0,0.66657,0.0,0.0,0.0,0.0,0.0,0.0,0.66657,0.0,0.0,0.0,0.63856,0.63856,0.92324,0.0,False,False,False,False,False,False,False,False,False,False,False,False,4.47714,3.93584,2.49647,6.23381,9.74336,False,False,False,True,0.0,15.54214,4.99514,0.34095,0.59877,0.0,0.34095,0.38782,0.34095,0.43558,0.01412,0.01412,0.12244,0.59925,0.59943,0.95736,3.22112,False,False,False,False,False,True,False,False,False,False,False,False,,,0,,,,,,,3.93584,-4.99514,-46.8516,-665.61316,-4.99514,-4.47714,-3.93584,False,1,True,False,False,False,False,True,True,True,True,True,0.04685800318504127,-0.25302921658604305,-0.9497589965244405,0.38240240403790837,0.12920001506073772,,-0.9109110110510453,-1.144264437357798,,0.3480409565665841,21.0,13.0,18.0,13.5,5.5,10.5,21.0,15,0.4285714285714286
rna_spec_18,18,GPIPGRPNHTIYINNLNEKIKKDELKKSLHAIFSRFGQILKILVSRGKMRGQAFVIFKNISSATRAAGKTVPFYDKDMRIQYSKTDI,GPIPGRPNHTIYINNLNEKIKKDELKKSLHAIFSRFGQILKILVSRGKMRGQAFVIFKNISSATRAAGKTVPFYDKDMRIQYSKTDI,87,0.41061,4.87597,0.53988,2.68057,4.94116,9,,598.97693,48.5711,48.5711,0.44828,0.25287,0.29885,rna_spec_18.cif,87,0,104.0,107.0,0.0,0.06897,0.05747,0.0,0.06897,0.04598,0.04598,0.03448,0.12644,0.05747,0.04598,0.05747,0.02299,0.03448,0.02299,0.12644,0.02299,0.05747,0.06897,0.03448,0.0,195,22,17,5,0,0,0,0,0,-1,0,0,,49-78,2,,5.0,0,-1,0,0,,,0,,0.0,-1,0,0,,,0,,0.0,-1,0,0,,11-54,3,,5.0,0,-1,0,0,,,0,,0.0,-1,0,0,,6-84,17,,10.0,0,-1,0,0,,,0,,0.0,0,-1,0,0,,,0,,0.0,"ProtTrypx17(pos6-84,sev10); MetOxx2(pos49-78,sev5); HydroPatchx3(pos11-54,sev5)",0.0,0.0,0.0,0.0,4.94116,4.94116,,,,False,False,False,False,0.0,0.0,100000.25,100000.25,0.0,0.59049,0.0,0.0,0.0,0.0,0.0,0.0,0.59049,0.0,0.0,0.0,0.5574,0.5574,1.30463,0.0,False,False,False,False,False,False,False,False,False,False,False,False,2.68057,2.58842,2.21232,3.77166,4.04859,False,False,False,True,0.0,12.2887,4.87597,0.41061,0.51213,0.0,0.41061,0.41061,0.41061,0.57622,0.02084,0.02084,0.13029,0.5516,0.54733,1.04117,2.57189,False,False,False,False,False,True,False,False,False,False,False,False,,,0,,,,,,,2.58842,-4.87597,-48.5711,-598.97693,-4.87597,-2.68057,-2.58842,False,1,True,False,False,False,False,True,True,True,True,True,0.26141280830438246,-2.7434061454188767,-0.9805970170927979,0.6096774935018183,-0.022135918239868126,,-0.9109110110510453,0.4263849360930235,,-0.051877298924903184,14.0,22.0,17.0,6.5,5.5,9.0,22.0,16,0.3928571428571429
rna_spec_22,19,MPPNRVLFIYDAHKIKKEELEKIFSRFGQILDIILTPRFAFVVFETIESGRRALGFPIRGKPRTEPSKFPEEEL,MPPNRVLFIYDAHKIKKEELEKIFSRFGQILDIILTPRFAFVVFETIESGRRALGFPIRGKPRTEPSKFPEEEL,74,0.34829,5.8732,0.55243,3.95527,2.50128,6,,1072.65808,59.8026,59.8026,0.47297,0.24324,0.28378,rna_spec_22.cif,74,0,91.0,94.0,0.0,0.05405,0.04054,0.0,0.04054,0.09459,0.04054,0.04054,0.10811,0.01351,0.02703,0.08108,0.01351,0.01351,0.12162,0.08108,0.01351,0.10811,0.09459,0.01351,0.0,150,17,13,4,0,0,0,0,0,1,1,5,,,0,,0.0,0,-1,0,0,,,0,,0.0,-1,0,0,,,0,,0.0,-1,0,0,,6-41,3,,5.0,0,-1,0,0,,,0,,0.0,-1,0,0,,5-68,13,,10.0,0,-1,0,0,,,0,,0.0,0,-1,0,0,,,0,,0.0,"ProtTrypx13(pos5-68,sev10); MetOx(pos1,sev5); HydroPatchx3(pos6-41,sev5)",0.0,0.0,0.0,0.0,2.50128,2.50128,,,,False,False,False,True,0.0,0.0,100000.25,100000.25,0.0,0.565,0.0,0.0,0.0,0.0,0.0,0.0,0.565,0.0,0.0,0.0,0.6147,0.6147,1.13663,0.0,False,False,False,False,False,False,False,False,False,False,False,False,3.95527,0.98909,2.92275,5.75612,8.21026,False,False,True,True,0.0,13.4386,5.8732,0.34829,0.48254,0.0,0.34829,0.34829,0.34829,0.48269,0.01649,0.01649,0.07102,0.57662,0.5571,1.05723,3.07641,False,False,False,False,False,False,False,False,False,False,False,False,,,0,,,,,,,0.98909,-5.8732,-59.8026,-1072.65808,-5.8732,-3.95527,-0.98909,False,1,True,False,False,True,False,True,True,True,True,True,-0.3252943200430222,-2.4440647944290106,-0.7225404655162021,2.094202161901875,1.053629906479722,,-0.9109110110510453,-0.2467505096716142,,-0.32991450069653017,20.0,21.0,22.0,10.5,5.5,7.0,22.0,16,0.3571428571428571
rna_spec_25,20,SPTDDLISHTIYINNLNEKIKKDELKKSLHAIFSRFGQILDILVSRSLKMRGQAFVIFKEVVSATNALRSMQGFPFYDKPMRISFASNKWNGKTPTSEEIETALKIANEM,SPTDDLISHTIYINNLNEKIKKDELKKSLHAIFSRFGQILDILVSRSLKMRGQAFVIFKEVVSATNALRSMQGFPFYDKPMRISFASNKWNGKTPTSEEIETALKIANEM,110,0.40946,5.59274,0.5151,6.86024,13.0799,9,,991.70007,55.9216,55.9216,0.40909,0.38182,0.20909,rna_spec_25.cif,110,0,127.0,130.0,0.0,0.03636,0.06364,0.0,0.1,0.03636,0.05455,0.03636,0.1,0.06364,0.04545,0.08182,0.03636,0.02727,0.06364,0.1,0.01818,0.06364,0.04545,0.01818,0.00909,225,26,19,7,0,0,0,0,0,-1,0,0,,50-110,4,,5.0,0,-1,0,0,,,0,,0.0,-1,0,0,,66-91,2,,10.0,-1,0,0,,11-55,3,,5.0,0,-1,0,0,,,0,,0.0,-1,0,0,,19-105,16,,10.0,0,-1,0,0,,,0,,0.0,0,90,1,10,,,0,,0.0,"AspBridgex2(pos66-91,sev10); ProtTrypx16(pos19-105,sev10); MetOxx4(pos50-110,sev5); TrpOx(pos90,sev10); HydroPatchx3(pos11-55,sev5)",0.0,0.0,0.0,0.0,13.0799,13.0799,,,,False,False,False,False,0.0,0.0,100000.25,100000.25,0.0,0.2008,0.0,0.0,0.0,0.0,0.0,0.0,0.2008,0.0,0.0,0.0,0.41394,0.41394,2.98027,0.0,False,False,False,False,False,False,False,False,False,False,False,False,6.86024,10.77891,2.08077,12.45564,13.61942,False,False,False,False,0.0,14.97998,5.59274,0.40946,0.48858,0.0,0.40946,0.40946,0.40946,0.5402,0.01788,0.01788,0.07373,0.54563,0.53367,1.33223,3.06083,False,False,False,False,False,False,False,False,False,False,False,False,,,0,,,,,,,10.77891,-5.59274,-55.9216,-991.70007,-5.59274,-6.86024,-10.77891,False,1,True,False,False,False,False,True,True,True,True,True,0.2505862165585624,-3.3344562392458825,-0.7951160403135628,1.5812305874852237,0.8697681243604489,,-0.9109110110510453,0.4263849360930235,,-0.24861034510032645,15.0,23.0,21.0,6.5,5.5,6.5,23.0,17,0.3214285714285714
rna_spec_03,21,EVIPLEELLKLPEIKRVILTEDDTRAIVFLVDGKRVFVEGESREELVEALSKRKNTEIIYADELG,EVIPLEELLKLPEIKRVILTEDDTRAIVFLVDGKRVFVEGESREELVEALSKRKNTEIIYADELG,65,0.31274,4.69374,0.6193,3.24066,1.73672,5,,884.14105,56.1433,56.1433,0.43077,0.26154,0.30769,rna_spec_03.cif,65,0,82.0,85.0,0.0,0.04615,0.04615,0.0,0.03077,0.03077,0.04615,0.10769,0.09231,0.01538,0.06154,0.13846,0.0,0.0,0.18462,0.07692,0.0,0.03077,0.07692,0.01538,0.0,130,15,11,4,0,0,0,0,0,-1,0,0,,,0,,0.0,0,32,2,10,,,0,,0.0,-1,0,0,,,0,,0.0,-1,0,0,,17-58,4,,5.0,0,-1,0,0,,,0,,0.0,-1,0,0,,10-54,10,,10.0,0,-1,0,0,,,0,,0.0,0,-1,0,0,,,0,,0.0,"AspCleave(pos32,sev10); ProtTrypx10(pos10-54,sev10); HydroPatchx4(pos17-58,sev5)",0.0,0.0,0.0,0.0,1.73672,1.73672,,,,True,False,True,True,0.0,0.0,100000.25,100000.25,0.0,0.73368,0.0,0.0,0.0,0.0,0.0,0.0,0.73368,0.0,0.0,0.0,0.58036,0.58036,0.81073,0.0,False,False,False,False,False,False,False,False,False,False,False,False,3.24066,0.98781,2.89875,3.5197,6.23645,False,False,True,True,0.0,13.4544,4.69374,0.31274,0.54694,0.0,0.31274,0.31274,0.31274,0.42995,0.01585,0.01585,0.07522,0.59291,0.5909,0.93901,2.61727,False,False,False,False,False,True,False,False,False,False,False,False,,,0,,,,,,,0.98781,-4.69374,-56.1433,-884.14105,-4.69374,-3.24066,-0.98781,False,1,True,False,False,True,True,True,True,True,True,True,-0.6599772214029423,-0.8490882095132788,-1.0277532853496725,1.610533807801682,0.6254934306000344,,-0.9109110110510453,-0.47112899159316013,,-0.022707216323963664,23.0,16.0,16.0,11.0,5.5,14.0,23.0,17,0.2857142857142857
rna_spec_17,22,GKPDHTILINNLDEKIKKDELKKKLHAEFSRFGKILKILVSRGKFRGQAFVIFKQIESGTNAYKHIGPLKF,GKPDHTILINNLDEKIKKDELKKKLHAEFSRFGKILKILVSRGKFRGQAFVIFKQIESGTNAYKHIGPLKF,71,0.29525,6.26235,0.51373,3.9961,7.90775,3,,731.50214,49.9688,49.9688,0.40845,0.33803,0.25352,rna_spec_17.cif,71,0,88.0,91.0,0.0,0.08451,0.04225,0.0,0.04225,0.02817,0.02817,0.02817,0.11268,0.04225,0.04225,0.09859,0.0,0.02817,0.05634,0.1831,0.04225,0.08451,0.04225,0.01408,0.0,185,20,17,3,0,0,0,0,0,-1,0,0,,,0,,0.0,0,-1,0,0,,,0,,0.0,61,2,10,,,0,,0.0,-1,0,0,,7-50,3,,5.0,0,-1,0,0,,,0,,0.0,-1,0,0,,2-70,16,,10.0,0,-1,0,0,,,0,,0.0,0,-1,0,0,,,0,,0.0,"AspBridge(pos61,sev10); ProtTrypx16(pos2-70,sev10); HydroPatchx3(pos7-50,sev5)",0.0,0.0,0.0,0.0,7.90775,7.90775,,,,False,False,False,False,0.0,0.0,100000.25,100000.25,0.0,0.4118,0.0,0.0,0.0,0.0,0.0,0.0,0.4118,0.0,0.0,0.0,0.44464,0.44464,2.25434,0.0,False,False,False,False,False,False,False,False,False,False,False,False,3.9961,3.49759,2.3674,7.43061,8.31678,False,False,False,True,0.0,14.34374,6.26235,0.29525,0.46174,0.0,0.29525,0.29525,0.29525,0.47952,0.01276,0.01276,0.05786,0.55551,0.5683,1.34141,3.58832,False,False,False,False,False,False,False,False,False,False,False,False,,,0,,,,,,,3.49759,-6.26235,-49.9688,-731.50214,-6.26235,-3.9961,-3.49759,False,1,True,False,False,False,False,True,True,True,True,True,-0.8246355602154603,-3.367133342899756,-0.6218388148979572,0.7944186348473875,0.27883888692556213,,-0.9109110110510453,-0.919885955436252,,-0.7545453667069524,24.0,24.0,23.0,13.0,5.5,9.5,24.0,18,0.25
rna_spec_06,23,AELEVGDIVVIKRAKNEKEAKYVGKLARVLEVNEDGTAKVYLLDKRFKGRITLPVSYLEKHPNSIRGEER,AELEVGDIVVIKRAKNEKEAKYVGKLARVLEVNEDGTAKVYLLDKRFKGRITLPVSYLEKHPNSIRGEER,70,0.29061,6.68534,0.59407,6.77596,5.81837,5,,464.34253,42.3085,42.3085,0.5,0.14286,0.35714,rna_spec_06.cif,70,0,87.0,90.0,0.0,0.07143,0.07143,0.0,0.02857,0.02857,0.02857,0.11429,0.05714,0.04286,0.04286,0.1,0.0,0.0,0.12857,0.12857,0.01429,0.01429,0.08571,0.04286,0.0,175,19,16,3,0,0,0,0,0,-1,0,0,,,0,,0.0,0,35,2,10,,,0,,0.0,63,2,10,,,0,,0.0,-1,0,0,,8-40,2,,5.0,0,1,1,5,,,0,,0.0,-1,0,0,,12-66,14,,10.0,0,-1,0,0,,,0,,0.0,0,-1,0,0,,,0,,0.0,"AspBridge(pos63,sev10); AspCleave(pos35,sev10); ProtTrypx14(pos12-66,sev10); DPP4(pos1,sev5); HydroPatchx2(pos8-40,sev5)",0.0,0.0,0.0,0.0,5.81837,5.81837,,,,False,False,False,False,0.0,0.0,100000.25,100000.25,0.0,0.72018,0.0,0.0,0.0,0.0,0.0,0.0,0.72018,0.0,0.0,0.0,0.67497,0.67497,0.69996,0.0,False,False,False,False,False,False,False,False,False,False,False,False,6.77596,4.70368,2.31225,14.41125,15.54038,False,False,False,False,0.0,14.65259,6.68534,0.29061,0.5165,0.0,0.29061,0.29061,0.29061,0.43846,0.01144,0.01144,0.03997,0.61583,0.56577,0.97705,3.42614,False,False,False,False,False,False,False,False,False,False,False,False,,,0,,,,,,,4.70368,-6.68534,-42.3085,-464.34253,-6.68534,-6.77596,-4.70368,False,1,True,False,False,False,False,True,True,True,True,True,-0.8683185043029439,-1.4508716585550596,-0.512380273988253,-0.21808230601936754,-0.32790085389674883,,-0.9109110110510453,-0.47112899159316013,,-0.4325496238368882,25.0,18.0,25.0,11.0,5.5,13.0,25.0,19,0.2142857142857143
rna_spec_02,24,PAITKYCTLENYDPSISEAELLRALAARLAEDPSLVGKKVTIEVQGKKVTINDIKAKPEEVRAAI,PAITKYCTLENYDPSISEAELLRALAARLAEDPSLVGKKVTIEVQGKKVTINDIKAKPEEVRAAI,65,0.26347,7.014,0.6176,5.43141,1.08784,1,,793.85748,43.4854,43.4854,0.36923,0.41538,0.21538,rna_spec_02.cif,65,0,82.0,85.0,0.0,0.03077,0.13846,0.01538,0.04615,0.06154,0.06154,0.07692,0.09231,0.03077,0.04615,0.09231,0.0,0.01538,0.10769,0.10769,0.0,0.0,0.04615,0.03077,0.0,135,14,13,1,0,0,0,0,0,-1,0,0,,,0,,0.0,0,-1,0,0,,13-32,2,,10.0,-1,0,0,,,0,,0.0,-1,0,0,,,0,,0.0,0,1,2,5,,,0,,0.0,-1,0,0,,5-62,10,,10.0,0,-1,0,0,,,0,,0.0,0,-1,0,0,,,0,,0.0,"AspCleavex2(pos13-32,sev10); ProtTrypx10(pos5-62,sev10); DPP4(pos1,sev5); UnpairedCys(pos7,sev10)",0.0,0.0,0.0,0.0,1.08784,1.08784,,,,True,False,True,True,0.0,0.0,100000.25,100000.25,0.0,0.67516,0.0,0.0,0.0,0.0,0.0,0.0,0.67516,0.0,0.0,0.0,0.55108,0.55108,0.86204,0.0,False,False,False,False,False,False,False,False,False,False,False,False,5.43141,1.10593,2.89823,10.31099,13.16021,False,False,True,True,0.0,15.36093,7.014,0.26347,0.52209,0.0,0.26347,0.26347,0.26347,0.39911,0.00895,0.01093,0.00895,0.55438,0.54072,1.00649,4.05069,False,False,False,False,False,False,False,False,False,False,False,False,,,0,1.0,7.0,1.0,10.0,,,1.10593,-7.014,-43.4854,-793.85748,-7.014,-5.43141,-1.10593,False,1,True,False,False,True,True,True,True,True,True,True,-1.1238260695043008,-0.8896364403246534,-0.42733182353934546,-0.06252542739763206,0.42045259429130893,,-0.9109110110510453,-1.3686429192793437,,-0.4565249864509128,26.0,17.0,26.0,14.0,5.5,14.5,26.0,20,0.1785714285714286
rna_spec_21,25,NVPETEPNHTLFINNLNEKIKKDELKKSLHAIFSRFGQILDILVSRSLKMRGQAFVHFKEVSSATNALESMQGFPFYDKPMQIQYATATSDEVSAKKISTASEELNKAAMQKQKESKA,NVPETEPNHTLFINNLNEKIKKDELKKSLHAIFSRFGQILDILVSRSLKMRGQAFVHFKEVSSATNALESMQGFPFYDKPMQIQYATATSDEVSAKKISTASEELNKAAMQKQKESKA,118,0.40331,5.18994,0.46134,5.24211,7.80031,11,,1060.72498,47.3824,47.3824,0.37288,0.39831,0.22881,rna_spec_21.cif,118,0,135.0,138.0,0.0,0.02542,0.09322,0.0,0.10169,0.0339,0.05085,0.04237,0.05932,0.05932,0.0339,0.07627,0.0339,0.05932,0.08475,0.11864,0.02542,0.05932,0.02542,0.01695,0.0,215,25,18,7,0,0,0,0,0,-1,0,0,,50-110,4,,5.0,0,-1,0,0,,,0,,0.0,66,2,10,,,0,,0.0,-1,0,0,,11-42,2,,5.0,0,-1,0,0,,,0,,0.0,-1,0,0,,19-117,17,,10.0,0,1,1,5,,,0,,0.0,0,-1,0,0,,,0,,0.0,"AspBridge(pos66,sev10); NTCycl(pos1,sev5); ProtTrypx17(pos19-117,sev10); MetOxx4(pos50-110,sev5); HydroPatchx2(pos11-42,sev5)",0.0,0.0,0.0,0.0,7.80031,7.80031,,,,False,False,False,False,0.0,0.0,100000.25,100000.25,0.0,0.49015,0.0,0.0,0.0,0.0,0.0,0.0,0.49015,0.0,0.0,0.0,0.5733,0.5733,1.4317,0.0,False,False,False,False,False,False,False,False,False,False,False,False,5.24211,7.07467,1.9767,8.94435,10.03507,False,False,False,False,0.0,15.73849,5.18994,0.40331,0.45293,0.0,0.40331,0.40331,0.40331,0.56174,0.01639,0.01639,0.0885,0.51593,0.50946,1.61781,3.664,False,False,False,False,False,False,False,False,False,False,False,False,,,0,,,,,,,7.07467,-5.18994,-47.3824,-1060.72498,-5.18994,-5.24211,-7.07467,False,1,True,False,False,False,False,True,True,True,True,True,0.19268748678743702,-4.616734408904471,-0.8993499472107207,0.452560948665674,1.026528931144391,,-0.9109110110510453,0.8751418999361154,,-0.4865319081816312,16.0,27.0,19.0,5.5,5.5,7.5,27.0,21,0.1428571428571429
rna_spec_12,26,GKAPDLRKSRPNHTIYINNLNEKIKKDELKKSLHAIFSRFGQILDILVSRSLKMRGQAFVIFKEVSSATNALRSLQDSMKGFPINGIPLDARIQYSKDDISSETTIIASIYKKKL,GKAPDLRKSRPNHTIYINNLNEKIKKDELKKSLHAIFSRFGQILDILVSRSLKMRGQAFVIFKEVSSATNALRSLQDSMKGFPINGIPLDARIQYSKDDISSETTIIASIYKKKL,115,0.33852,6.66456,0.44087,7.23222,6.9748,7,,608.75262,51.7431,51.7431,0.3913,0.3913,0.21739,rna_spec_12.cif,115,0,132.0,135.0,0.0,0.04348,0.06087,0.0,0.11304,0.03478,0.03478,0.02609,0.12174,0.05217,0.06087,0.09565,0.01739,0.03478,0.03478,0.12174,0.01739,0.04348,0.06087,0.02609,0.0,265,29,24,5,0,0,0,0,0,-1,0,0,,54-79,2,,5.0,0,77,2,10,,,0,,0.0,-1,0,0,,70-85,2,,10.0,-1,0,0,,15-59,3,,5.0,0,-1,0,0,,,0,,0.0,-1,0,0,,2-114,21,,10.0,0,-1,0,0,,,0,,0.0,0,-1,0,0,,,0,,0.0,"AspBridgex2(pos70-85,sev10); AspCleave(pos77,sev10); ProtTrypx21(pos2-114,sev10); MetOxx2(pos54-79,sev5); HydroPatchx3(pos15-59,sev5)",0.0,0.0,0.0,0.0,6.9748,6.9748,,,,False,False,False,False,0.0,0.0,100000.25,100000.25,0.0,0.49462,0.0,0.0,0.0,0.0,0.0,0.0,0.49462,0.0,0.0,0.0,0.53179,0.53179,1.84343,0.0,False,False,False,False,False,False,False,False,False,False,False,False,7.23222,12.66001,1.96305,13.32038,13.47746,False,False,False,False,0.0,17.48557,6.66456,0.33852,0.42557,0.0,0.33852,0.33852,0.33852,0.52027,0.01254,0.01254,0.04338,0.49484,0.50877,2.31279,4.63283,False,False,False,False,False,False,False,False,False,False,False,False,,,0,,,,,,,12.66001,-6.66456,-51.7431,-608.75262,-6.66456,-7.23222,-12.66001,False,1,True,False,False,False,False,True,True,True,True,True,-0.41727327774446876,-5.104982811674398,-0.5177575842795216,1.0289369199510885,6.541532608228017e-05,,-0.9109110110510453,-0.022372027750068284,,-0.9808028397208582,22.0,28.0,24.0,8.5,5.5,11.5,28.0,22,0.1071428571428571
rna_spec_08,27,SSIYTRPNHVIYINNLNPKIKKDELKKSLHAEFSRFGQILDILVVRTKKRNIAFVIFKEVSSATNALRQMRAQDFPFYDKPIRVQYSKTIMTDEEVQELIDRIKERKK,SSIYTRPNHVIYINNLNPKIKKDELKKSLHAEFSRFGQILDILVVRTKKRNIAFVIFKEVSSATNALRQMRAQDFPFYDKPIRVQYSKTIMTDEEVQELIDRIKERKK,108,0.24368,8.57981,0.49541,5.93252,8.10757,7,,495.33636,51.7242,51.7242,0.30556,0.42593,0.26852,rna_spec_08.cif,108,0,125.0,128.0,0.0,0.00926,0.0463,0.0,0.06481,0.03704,0.0463,0.06481,0.11111,0.05556,0.05556,0.06481,0.01852,0.0463,0.06481,0.12037,0.01852,0.05556,0.08333,0.03704,0.0,245,27,22,5,0,0,0,0,0,-1,0,0,,70-91,2,,5.0,0,-1,0,0,,,0,,0.0,65,2,10,,,0,,0.0,-1,0,0,,10-54,3,,5.0,0,-1,0,0,,,0,,0.0,-1,0,0,,6-107,21,,10.0,0,-1,0,0,,,0,,0.0,0,-1,0,0,,,0,,0.0,"AspBridge(pos65,sev10); ProtTrypx21(pos6-107,sev10); MetOxx2(pos70-91,sev5); HydroPatchx3(pos10-54,sev5)",0.0,0.0,0.0,0.0,8.10757,8.10757,,,,False,False,False,False,0.0,0.0,100000.25,100000.25,0.0,0.58443,0.0,0.0,0.0,0.0,0.0,0.0,0.58443,0.0,0.0,0.0,0.58292,0.58292,1.41347,0.0,False,False,False,False,False,False,False,False,False,False,False,False,5.93252,6.49321,3.10465,8.68404,14.26907,False,False,False,False,0.0,18.81005,8.57981,0.24368,0.4534,0.0,0.24368,0.24368,0.24368,0.44127,0.00578,0.00857,0.00578,0.51335,0.49908,1.54229,4.8311,False,False,False,False,False,False,False,False,False,False,False,False,,,0,,,,,,,6.49321,-8.57981,-51.7242,-495.33636,-8.57981,-5.93252,-6.49321,False,1,True,False,False,False,False,True,True,True,True,True,-1.3101375918084588,-3.804100159643531,-0.022141918478176474,1.0264388105059783,-0.25751151479982937,,-0.9109110110510453,-0.022372027750068284,,-1.276018301260819,28.0,25.0,28.0,8.5,5.5,12.5,28.0,22,0.0714285714285714
rna_spec_13,28,PSLPNRRPNHTIYINNLNPKIKEDELKKSLHAEFSRFGQILNIMVIRDPSMRIAFVIFKEVSSATNALRQLNGEKPIVINGQKHYLRIDYAKTDTDEEQEIVDEADREIEKKL,PSLPNRRPNHTIYINNLNPKIKEDELKKSLHAEFSRFGQILNIMVIRDPSMRIAFVIFKEVSSATNALRQLNGEKPIVINGQKHYLRIDYAKTDTDEEQEIVDEADREIEKKL,113,0.24747,9.82641,0.48278,7.64295,4.3329,5,,535.98761,50.1707,50.1707,0.38053,0.38053,0.23894,rna_spec_13.cif,113,0,130.0,133.0,0.0,0.02655,0.0531,0.0,0.0531,0.0531,0.0354,0.04425,0.11504,0.07965,0.06195,0.07965,0.0177,0.0354,0.09735,0.0885,0.02655,0.0354,0.0708,0.02655,0.0,250,28,22,6,0,0,0,0,0,-1,0,0,,44-51,2,,5.0,0,48,2,10,,,0,,0.0,-1,0,0,,66-80,3,,10.0,-1,0,0,,12-77,3,,5.0,0,1,1,5,,,0,,0.0,-1,0,0,,6-112,18,,10.0,0,-1,0,0,,,0,,0.0,0,-1,0,0,,,0,,0.0,"AspBridgex3(pos66-80,sev10); AspCleave(pos48,sev10); ProtTrypx18(pos6-112,sev10); DPP4(pos1,sev5); MetOxx2(pos44-51,sev5); HydroPatchx3(pos12-77,sev5)",0.0,0.0,0.0,0.0,4.3329,4.3329,,,,False,False,False,False,0.0,0.0,100000.25,100000.25,0.0,0.6007,0.0,0.0,0.0,0.0,0.0,0.0,0.6007,0.0,0.0,0.0,0.61324,0.61324,1.1054,0.0,False,False,False,False,False,False,False,False,False,False,False,False,7.64295,5.72564,2.65769,10.88883,21.54951,False,False,False,False,0.0,19.69973,9.82641,0.24747,0.43766,0.0,0.24747,0.24747,0.24747,0.4572,0.00567,0.00698,0.00567,0.50605,0.47785,1.54022,5.9297,False,False,False,False,False,False,False,False,False,False,False,False,,,0,,,,,,,5.72564,-9.82641,-50.1707,-535.98761,-9.82641,-7.64295,-5.72564,False,1,True,False,False,False,False,True,True,True,True,True,-1.2744569111852775,-4.105349662671582,0.30044494432717855,0.8211047881261093,-0.165189442278826,,-0.9109110110510453,-0.47112899159316013,,-1.4510306747392987,27.0,26.0,29.0,11.0,5.5,11.0,29.0,23,0.0357142857142857
rna_spec_19,29,SLPENVVLLTNLDTRLHEVEMKVKALEKVPRAKDITVDKSRGIAFVHLAEKEEVGEKLYKKLKEEAEKL,SLPENVVLLTNLDTRLHEVEMKVKALEKVPRAKDITVDKSRGIAFVHLAEKEEVGEKLYKKLKEEAEKL,69,0.17187,8.44089,0.40782,5.29945,8.13115,0,,800.26459,45.6229,45.6229,0.3913,0.37681,0.23188,rna_spec_19.cif,69,0,86.0,89.0,0.0,0.02899,0.07246,0.0,0.02899,0.02899,0.04348,0.11594,0.02899,0.02899,0.04348,0.14493,0.01449,0.0,0.15942,0.15942,0.02899,0.01449,0.04348,0.01449,0.0,150,16,14,2,0,0,0,0,0,21,1,5,,,0,,0.0,0,-1,0,0,,,0,,0.0,-1,0,0,,,0,,0.0,6,4,5,,,0,,0.0,0,-1,0,0,,,0,,0.0,-1,0,0,,15-68,14,,10.0,0,-1,0,0,,,0,,0.0,0,-1,0,0,,,0,,0.0,"ProtTrypx14(pos15-68,sev10); MetOx(pos21,sev5); HydroPatch(pos6,sev5)",0.0,0.0,0.0,0.0,8.13115,8.13115,,,,False,False,False,False,0.0,0.0,100000.25,100000.25,0.0,0.53282,0.0,0.0,0.0,0.0,0.0,0.0,0.53282,0.0,0.0,0.0,0.61326,0.61326,1.21519,0.0,False,False,False,False,False,False,False,False,False,False,False,False,5.29945,0.82036,2.60084,9.54638,13.43527,False,False,True,True,0.0,19.49443,8.44089,0.17187,0.35435,0.0,0.17187,0.17187,0.17187,0.40781,0.00826,0.00826,0.01057,0.52988,0.54818,1.67519,4.95416,False,False,False,False,False,False,False,False,False,False,False,False,,,0,,,,,,,0.82036,-8.44089,-45.6229,-800.26459,-8.44089,-5.29945,-0.82036,False,1,True,False,False,True,False,True,True,True,True,True,-1.9861876381278931,-5.89328812244851,-0.05809071278342286,0.21999885508512868,0.4350036271395004,,-0.9109110110510453,-1.5930214012008896,,-1.94989639462749,29.0,29.0,27.0,14.5,5.5,8.5,29.0,23,0.0
