chain,resnum,resname,prmsd_ca_rmsd_angstrom_bfactor
H,1,GLN,0.39
H,2,VAL,0.29
H,3,GLN,0.22
H,4,LEU,0.15
H,5,VAL,0.16
H,6,GLN,0.18
H,7,SER,0.22
H,8,GLY,0.29
H,9,PRO,0.29
H,10,GLU,0.28
H,11,LEU,0.26
H,12,LYS,0.25
H,13,LYS,0.31
H,14,PRO,0.29
H,15,GLY,0.3
H,16,ALA,0.31
H,17,SER,0.28
H,18,VAL,0.27
H,19,LYS,0.25
H,20,VAL,0.22
H,21,SER,0.21
H,22,CYS,0.17
H,23,LYS,0.18
H,24,ALA,0.19
H,25,SER,0.2
H,26,GLY,0.28
H,27,TYR,0.31
H,28,THR,0.35
H,29,PHE,0.32
H,30,THR,0.38
H,31,ASP,0.39
H,32,TYR,0.38
H,33,VAL,0.36
H,34,ILE,0.32
H,35,ASN,0.29
H,36,TRP,0.25
H,37,VAL,0.23
H,38,ARG,0.31
H,39,GLN,0.22
H,40,ALA,0.26
H,41,PRO,0.33
H,42,GLY,0.34
H,43,GLN,0.29
H,44,GLY,0.24
H,45,LEU,0.23
H,46,GLU,0.24
H,47,TRP,0.26
H,48,ILE,0.28
H,49,GLY,0.31
H,50,TRP,0.36
H,51,ILE,0.35
H,52,ASN,0.42
H,53,PRO,0.43
H,54,GLY,0.5
H,55,SER,0.51
H,56,GLY,0.45
H,57,THR,0.43
H,58,THR,0.45
H,59,TYR,0.45
H,60,TYR,0.41
H,61,ALA,0.43
H,62,GLU,0.44
H,63,LYS,0.46
H,64,PHE,0.41
H,65,LYS,0.41
H,66,GLY,0.42
H,67,ARG,0.35
H,68,VAL,0.34
H,69,THR,0.37
H,70,LEU,0.36
H,71,THR,0.36
H,72,ALA,0.42
H,73,ASP,0.35
H,74,LYS,0.41
H,75,SER,0.43
H,76,THR,0.37
H,77,ASN,0.26
H,78,THR,0.26
H,79,ALA,0.23
H,80,TYR,0.26
H,81,MET,0.28
H,82,GLU,0.26
H,83,LEU,0.27
H,84,SER,0.3
H,85,SER,0.33
H,86,LEU,0.29
H,87,THR,0.33
H,88,SER,0.34
H,89,GLU,0.33
H,90,ASP,0.27
H,91,THR,0.25
H,92,ALA,0.23
H,93,VAL,0.2
H,94,TYR,0.19
H,95,PHE,0.21
H,96,CYS,0.22
H,97,ALA,0.24
H,98,ARG,0.28
H,99,ARG,0.6
H,100,GLY,1.12
H,101,ARG,1.6
H,102,TYR,1.95
H,103,GLY,2.27
H,104,ASP,1.17
H,105,TYR,1.05
H,106,ALA,0.41
H,107,MET,0.35
H,108,ASP,0.28
H,109,VAL,0.24
H,110,TRP,0.19
H,111,GLY,0.2
H,112,GLN,0.2
H,113,GLY,0.23
H,114,THR,0.23
H,115,LEU,0.23
H,116,VAL,0.23
H,117,THR,0.24
H,118,VAL,0.26
H,119,SER,0.32
H,120,SER,0.37
L,121,GLN,2.49
L,122,SER,3.51
L,123,ALA,0.88
L,124,LEU,0.53
L,125,THR,0.21
L,126,GLN,0.18
L,127,PRO,0.17
L,128,PRO,0.19
L,129,SER,0.22
L,130,ALA,0.3
L,131,SER,0.26
L,132,GLY,0.28
L,133,SER,0.25
L,134,PRO,0.24
L,135,GLY,0.25
L,136,GLN,0.24
L,137,SER,0.23
L,138,VAL,0.24
L,139,THR,0.19
L,140,ILE,0.15
L,141,SER,0.17
L,142,CYS,0.16
L,143,THR,0.2
L,144,GLY,0.29
L,145,THR,0.38
L,146,SER,0.47
L,147,SER,0.46
L,148,ASP,0.4
L,149,VAL,0.36
L,150,GLY,0.49
L,151,ALA,0.51
L,152,TYR,0.52
L,153,ASN,0.43
L,154,ASP,0.41
L,155,VAL,0.28
L,156,SER,0.23
L,157,TRP,0.2
L,158,TYR,0.2
L,159,GLN,0.2
L,160,GLN,0.22
L,161,TYR,0.28
L,162,PRO,0.37
L,163,GLY,0.34
L,164,LYS,0.28
L,165,ALA,0.26
L,166,PRO,0.21
L,167,LYS,0.24
L,168,LEU,0.23
L,169,LEU,0.24
L,170,ILE,0.25
L,171,TYR,0.27
L,172,GLY,0.33
L,173,ASN,0.31
L,174,SER,0.31
L,175,ASN,0.31
L,176,ARG,0.33
L,177,PRO,0.34
L,178,SER,0.34
L,179,GLY,0.35
L,180,VAL,0.29
L,181,PRO,0.31
L,182,ASP,0.33
L,183,ARG,0.27
L,184,PHE,0.23
L,185,SER,0.23
L,186,GLY,0.24
L,187,SER,0.27
L,188,LYS,0.32
L,189,SER,0.36
L,190,GLY,0.39
L,191,THR,0.33
L,192,SER,0.24
L,193,ALA,0.2
L,194,SER,0.21
L,195,LEU,0.17
L,196,ALA,0.21
L,197,ILE,0.21
L,198,THR,0.25
L,199,GLY,0.29
L,200,LEU,0.26
L,201,GLN,0.25
L,202,ALA,0.26
L,203,GLU,0.26
L,204,ASP,0.24
L,205,GLU,0.23
L,206,ALA,0.2
L,207,ASP,0.17
L,208,TYR,0.15
L,209,TYR,0.16
L,210,CYS,0.17
L,211,GLN,0.23
L,212,SER,0.29
L,213,TYR,0.42
L,214,ASP,0.49
L,215,SER,0.53
L,216,SER,0.59
L,217,LEU,0.57
L,218,SER,0.59
L,219,VAL,0.47
L,220,VAL,0.34
L,221,VAL,0.28
L,222,PHE,0.2
L,223,GLY,0.19
L,224,GLY,0.2
L,225,GLY,0.18
L,226,THR,0.18
L,227,LYS,0.18
L,228,VAL,0.19
L,229,THR,0.22
L,230,VAL,0.26
L,231,LEU,0.32
