id,final_rank,designed_sequence,designed_chain_sequence,num_design,design_to_target_iptm,min_design_to_target_pae,design_ptm,filter_rmsd,designfolding-filter_rmsd,plip_hbonds_refolded,delta_sasa_refolded,design_largest_hydrophobic_patch_refolded,design_chain_hydrophobicity,design_hydrophobicity,loop,helix,sheet,file_name,num_prot_tokens,num_lig_atoms,num_resolved_tokens,num_tokens,UNK_fraction,GLY_fraction,ALA_fraction,CYS_fraction,SER_fraction,PRO_fraction,THR_fraction,VAL_fraction,ILE_fraction,ASN_fraction,ASP_fraction,LEU_fraction,MET_fraction,GLN_fraction,GLU_fraction,LYS_fraction,HIS_fraction,PHE_fraction,ARG_fraction,TYR_fraction,TRP_fraction,liability_score,liability_num_violations,liability_high_severity_violations,liability_medium_severity_violations,liability_low_severity_violations,liability_AspBridge_count,liability_AspCleave_count,liability_ProtTryp_count,liability_AspBridge_position,liability_AspBridge_length,liability_AspBridge_severity,liability_AspBridge_details,liability_AspBridge_positions,liability_AspBridge_num_positions,liability_AspBridge_global_details,liability_AspBridge_avg_severity,liability_MetOx_count,liability_MetOx_position,liability_MetOx_length,liability_MetOx_severity,liability_MetOx_details,liability_MetOx_positions,liability_MetOx_num_positions,liability_MetOx_global_details,liability_MetOx_avg_severity,liability_DPP4_count,liability_DPP4_position,liability_DPP4_length,liability_DPP4_severity,liability_DPP4_details,liability_DPP4_positions,liability_DPP4_num_positions,liability_DPP4_global_details,liability_DPP4_avg_severity,liability_HydroPatch_count,liability_HydroPatch_position,liability_HydroPatch_length,liability_HydroPatch_severity,liability_HydroPatch_details,liability_HydroPatch_positions,liability_HydroPatch_num_positions,liability_HydroPatch_global_details,liability_HydroPatch_avg_severity,liability_AspCleave_position,liability_AspCleave_length,liability_AspCleave_severity,liability_AspCleave_details,liability_AspCleave_positions,liability_AspCleave_num_positions,liability_AspCleave_global_details,liability_AspCleave_avg_severity,liability_ProtTryp_position,liability_ProtTryp_length,liability_ProtTryp_severity,liability_ProtTryp_details,liability_ProtTryp_positions,liability_ProtTryp_num_positions,liability_ProtTryp_global_details,liability_ProtTryp_avg_severity,liability_NTCycl_count,liability_NTCycl_position,liability_NTCycl_length,liability_NTCycl_severity,liability_NTCycl_details,liability_NTCycl_positions,liability_NTCycl_num_positions,liability_NTCycl_global_details,liability_NTCycl_avg_severity,liability_TrpOx_count,liability_TrpOx_position,liability_TrpOx_length,liability_TrpOx_severity,liability_TrpOx_details,liability_TrpOx_positions,liability_TrpOx_num_positions,liability_TrpOx_global_details,liability_TrpOx_avg_severity,liability_violations_summary,native_rmsd,native_rmsd_bb,native_rmsd_refolded,native_rmsd_bb_refolded,designfolding-bb_rmsd,designfolding-bb_rmsd_design,designfolding-bb_rmsd_target,designfolding-bb_rmsd_design_target,designfolding-bb_target_aligned_rmsd_design,designfolding-bb_rmsd<2.5,designfolding-bb_target_aligned<2.5,designfolding-bb_designability_rmsd_2,designfolding-bb_designability_rmsd_4,designfolding-ligand_iptm,designfolding-interaction_pae,designfolding-min_interaction_pae,designfolding-min_design_to_target_pae,designfolding-iptm,designfolding-ptm,designfolding-protein_iptm,designfolding-design_iptm,designfolding-design_iiptm,designfolding-design_to_target_iptm,designfolding-target_ptm,designfolding-design_ptm,designfolding-min_interaction_pae<1.5,designfolding-min_interaction_pae<2,designfolding-min_interaction_pae<2.5,designfolding-min_interaction_pae<3,designfolding-min_interaction_pae<4,designfolding-min_interaction_pae<5,designfolding-design_ptm>80,designfolding-design_ptm>75,designfolding-design_iptm>80,designfolding-design_iptm>70,designfolding-design_iptm>60,designfolding-design_iptm>50,bb_rmsd,bb_rmsd_design,bb_rmsd_target,bb_rmsd_design_target,bb_target_aligned_rmsd_design,bb_rmsd<2.5,bb_target_aligned<2.5,bb_designability_rmsd_2,bb_designability_rmsd_4,ligand_iptm,interaction_pae,min_interaction_pae,iptm,ptm,protein_iptm,design_iptm,design_iiptm,target_ptm,min_interaction_pae<1.5,min_interaction_pae<2,min_interaction_pae<2.5,min_interaction_pae<3,min_interaction_pae<4,min_interaction_pae<5,design_ptm>80,design_ptm>75,design_iptm>80,design_iptm>70,design_iptm>60,design_iptm>50,design_sasa_unbound_refolded,design_sasa_bound_refolded,plip_saltbridge_refolded,liability_UnpairedCys_count,liability_UnpairedCys_positions,liability_UnpairedCys_num_positions,liability_UnpairedCys_global_details,liability_UnpairedCys_avg_severity,liability_details,filter_rmsd_design,neg_min_design_to_target_pae,neg_design_hydrophobicity,neg_design_largest_hydrophobic_patch_refolded,neg_min_interaction_pae,has_x,num_filters_passed,pass_has_x_filter,pass_filters,pass_filter_rmsd_filter,pass_filter_rmsd_design_filter,pass_designfolding-filter_rmsd_filter,pass_ALA_fraction_filter,pass_GLY_fraction_filter,pass_GLU_fraction_filter,pass_LEU_fraction_filter,pass_VAL_fraction_filter,rank_design_to_target_iptm,rank_design_ptm,rank_neg_min_design_to_target_pae,rank_plip_hbonds_refolded,rank_plip_saltbridge_refolded,rank_delta_sasa_refolded,max_rank,secondary_rank,quality_score,sequence
3ivq_02,1,SGVTPASPSATPKEGEPTPGSDGENIDS,SGVCTPASPSATCPKEGEPCTPGSDCGENCICDS,28,0.50802,5.36095,0.77123,1.3141,0.90458,6,694.75,279.67535,20.3553,20.7987,1.0,0.0,0.0,3ivq_02.cif,174,0,174.0,174.0,0.0,0.14286,0.07143,0.0,0.17857,0.17857,0.10714,0.03571,0.03571,0.03571,0.07143,0.0,0.0,0.0,0.10714,0.03571,0.0,0.0,0.0,0.0,0.0,20,2,2,0,0,0,0,0,-1,0,0,,,0,,0.0,0,-1,0,0,,,0,,0.0,0,-1,0,0,,,0,,0.0,0,-1,0,0,,,0,,0.0,33,2,10,,,0,,0.0,15,1,10,,,0,,0.0,0,-1,0,0,,,0,,0.0,0,-1,0,0,,,0,,0.0,"AspCleave(pos33,sev10); ProtTryp(pos15,sev10)",0.0,0.0,0.0,0.0,0.90458,0.90458,,,,True,False,True,True,0.0,0.0,100000.25,100000.25,0.0,0.87151,0.0,0.0,0.0,0.0,0.0,0.87151,False,False,False,False,False,False,True,True,False,False,False,False,1.3141,1.40074,1.24193,1.77725,1.77725,True,True,True,True,0.0,13.91619,5.36095,0.5138,0.66576,0.5138,0.5138,0.51563,0.70337,False,False,False,False,False,False,False,True,False,False,False,True,7843.13184,7148.38184,3,,,,,,,1.40074,-5.36095,-20.7987,-279.67535,-5.36095,False,9,True,True,True,True,True,True,True,True,True,True,1.0,4.0,1.0,1.0,1.0,4.0,4.0,1,1.0,SGVTPASPSATPKEGEPTPGSDGENIDS
3ivq_46,2,SGVTPASPTATPCEGKPKVGEEGPGLDM,SGVCTPASPTATCPCEGKPCKVGEECGPGCLCDM,28,0.43483,7.05229,0.77166,2.27595,0.41787,5,729.5,279.71979,26.4474,26.905,0.92857,0.0,0.07143,3ivq_46.cif,174,0,174.0,174.0,0.0,0.17857,0.07143,0.03571,0.07143,0.17857,0.10714,0.07143,0.0,0.0,0.03571,0.03571,0.03571,0.0,0.10714,0.07143,0.0,0.0,0.0,0.0,0.0,95,10,9,1,0,0,0,0,-1,0,0,,,0,,0.0,0,34,1,5,,,0,,0.0,0,-1,0,0,,,0,,0.0,0,-1,0,0,,,0,,0.0,-1,0,0,,,0,,0.0,-1,0,0,,18-21,2,,10.0,0,-1,0,0,,,0,,0.0,0,-1,0,0,,,0,,0.0,"ProtTrypx2(pos18-21,sev10); MetOx(pos34,sev5); UnpairedCysx7(pos4-32,sev10)",0.0,0.0,0.0,0.0,0.41787,0.41787,,,,True,False,True,True,0.0,0.0,100000.25,100000.25,0.0,0.86122,0.0,0.0,0.0,0.0,0.0,0.86122,False,False,False,False,False,False,True,True,False,False,False,False,2.27595,0.49161,2.48152,1.25088,1.25088,True,True,True,True,0.0,15.33595,7.05229,0.44247,0.64126,0.44247,0.44247,0.44337,0.69375,False,False,False,False,False,False,False,True,False,False,False,False,7651.15527,6921.65527,2,7.0,4-32,7.0,,10.0,,0.49161,-7.05229,-26.905,-279.71979,-7.05229,False,9,True,True,True,True,True,True,True,True,True,True,2.0,3.0,4.0,2.5,4.0,2.0,4.0,1,0.98989898989899,SGVTPASPTATPCEGKPKVGEEGPGLDM
3ivq_95,3,SGIVPAGSTNTPKEGEPEVGKEGENLDS,SGICVPAGSTNTCPKEGEPCEVGKECGENCLCDS,28,0.40015,6.82371,0.78169,1.60034,0.92466,10,709.14941,333.81223,24.143,25.0911,1.0,0.0,0.0,3ivq_95.cif,174,0,174.0,174.0,0.0,0.17857,0.03571,0.0,0.10714,0.10714,0.07143,0.07143,0.03571,0.07143,0.03571,0.03571,0.0,0.0,0.17857,0.07143,0.0,0.0,0.0,0.0,0.0,30,3,3,0,0,0,0,0,-1,0,0,,,0,,0.0,0,-1,0,0,,,0,,0.0,0,-1,0,0,,,0,,0.0,0,-1,0,0,,,0,,0.0,33,2,10,,,0,,0.0,-1,0,0,,15-24,2,,10.0,0,-1,0,0,,,0,,0.0,0,-1,0,0,,,0,,0.0,"AspCleave(pos33,sev10); ProtTrypx2(pos15-24,sev10)",0.0,0.0,0.0,0.0,0.92466,0.92466,,,,True,False,True,True,0.0,0.0,100000.25,100000.25,0.0,0.84475,0.0,0.0,0.0,0.0,0.0,0.84475,False,False,False,False,False,False,True,True,False,False,False,False,1.60034,0.6236,1.60199,1.81006,1.81006,True,True,True,True,0.0,15.72855,6.82371,0.40671,0.63603,0.40671,0.40671,0.41101,0.69321,False,False,False,False,False,False,False,True,False,False,False,False,7876.50146,7167.35205,2,,,,,,,0.6236,-6.82371,-25.0911,-333.81223,-6.82371,False,9,True,True,True,True,True,True,True,True,True,True,4.0,2.0,3.0,0.5,4.0,3.5,4.0,1,0.9797979797979798,SGIVPAGSTNTPKEGEPEVGKEGENLDS
3ivq_06,4,TGLTPASRDAVPCEGEPEPGTECEGIDV,TGLCTPASRDAVCPCEGEPCEPGTECCEGCICDV,28,0.40312,7.28722,0.76785,1.15155,0.58064,6,747.55713,325.06613,28.087,29.5498,1.0,0.0,0.0,3ivq_06.cif,174,0,174.0,174.0,0.0,0.14286,0.07143,0.07143,0.03571,0.14286,0.10714,0.07143,0.03571,0.0,0.07143,0.03571,0.0,0.0,0.17857,0.0,0.0,0.0,0.03571,0.0,0.0,10,1,1,0,0,0,0,0,-1,0,0,,,0,,0.0,0,-1,0,0,,,0,,0.0,0,-1,0,0,,,0,,0.0,0,-1,0,0,,,0,,0.0,-1,0,0,,,0,,0.0,9,1,10,,,0,,0.0,0,-1,0,0,,,0,,0.0,0,-1,0,0,,,0,,0.0,"ProtTryp(pos9,sev10)",0.0,0.0,0.0,0.0,0.58064,0.58064,,,,True,False,True,True,0.0,0.0,100000.25,100000.25,0.0,0.85691,0.0,0.0,0.0,0.0,0.0,0.85691,False,False,False,False,False,False,True,True,False,False,False,False,1.15155,0.5092,1.22867,0.8726,0.8726,True,True,True,True,0.0,16.12354,7.28722,0.41068,0.62949,0.41068,0.41068,0.42337,0.68592,False,False,False,False,False,False,False,True,False,False,False,False,7800.91943,7053.3623,4,,,,,,,0.5092,-7.28722,-29.5498,-325.06613,-7.28722,False,9,True,True,True,True,True,True,True,True,True,True,3.0,5.0,5.0,1.0,0.5,1.0,5.0,2,0.9696969696969697,TGLTPASRDAVPCEGEPEPGTECEGIDV
3ivq_04,5,SGIVECLTGVKPCEGLPEPGTSCEGCDD,SGICVECLTGVKCPCEGLPCEPGTSCCEGCCCDD,28,0.36801,6.76582,0.79945,1.28193,0.58123,3,672.92773,306.39539,29.9102,31.616,1.0,0.0,0.0,3ivq_04.cif,174,0,174.0,174.0,0.0,0.17857,0.0,0.14286,0.07143,0.10714,0.07143,0.07143,0.03571,0.0,0.07143,0.07143,0.0,0.0,0.14286,0.03571,0.0,0.0,0.0,0.0,0.0,10,1,1,0,0,0,0,0,-1,0,0,,,0,,0.0,0,-1,0,0,,,0,,0.0,0,-1,0,0,,,0,,0.0,0,-1,0,0,,,0,,0.0,-1,0,0,,,0,,0.0,12,1,10,,,0,,0.0,0,-1,0,0,,,0,,0.0,0,-1,0,0,,,0,,0.0,"ProtTryp(pos12,sev10)",0.0,0.0,0.0,0.0,0.58123,0.58123,,,,True,False,True,True,0.0,0.0,100000.25,100000.25,0.0,0.86781,0.0,0.0,0.0,0.0,0.0,0.86781,False,False,False,False,False,False,True,True,False,False,False,False,1.28193,0.5065,1.11879,2.28304,2.28304,True,True,True,True,0.0,16.60092,6.76582,0.37144,0.61506,0.37144,0.37144,0.38476,0.67561,False,False,False,False,False,False,False,True,False,False,False,False,7820.52344,7147.5957,3,,,,,,,0.5065,-6.76582,-31.616,-306.39539,-6.76582,False,9,True,True,True,True,True,True,True,True,True,True,5.0,1.0,2.0,4.0,1.0,5.0,5.0,2,0.9595959595959596,SGIVECLTGVKPCEGLPEPGTSCEGCDD
3ivq_86,6,SGVTSLGENTKPKEGEPEVGTASENLGY,SGVCTSLGENTKCPKEGEPCEVGTACSENCLCGY,28,0.33648,8.90431,0.72146,2.1509,1.01292,2,731.72217,280.15707,26.7123,27.1805,1.0,0.0,0.0,3ivq_86.cif,174,0,174.0,174.0,0.0,0.17857,0.03571,0.0,0.10714,0.07143,0.10714,0.07143,0.0,0.07143,0.0,0.07143,0.0,0.0,0.17857,0.07143,0.0,0.0,0.0,0.03571,0.0,20,2,2,0,0,0,0,0,-1,0,0,,,0,,0.0,0,-1,0,0,,,0,,0.0,0,-1,0,0,,,0,,0.0,0,-1,0,0,,,0,,0.0,-1,0,0,,,0,,0.0,-1,0,0,,12-15,2,,10.0,0,-1,0,0,,,0,,0.0,0,-1,0,0,,,0,,0.0,"ProtTrypx2(pos12-15,sev10)",0.0,0.0,0.0,0.0,1.01292,1.01292,,,,True,False,True,True,0.0,0.0,100000.25,100000.25,0.0,0.84293,0.0,0.0,0.0,0.0,0.0,0.84293,False,False,False,False,False,False,True,True,False,False,False,False,2.1509,1.46722,2.08207,2.73581,2.73581,True,False,True,True,0.0,17.59927,8.90431,0.34175,0.60405,0.34175,0.34175,0.35244,0.6722,False,False,False,False,False,False,False,False,False,False,False,False,7796.32764,7064.60547,2,,,,,,,1.46722,-8.90431,-27.1805,-280.15707,-8.90431,False,9,True,True,True,True,True,True,True,True,True,True,6.0,7.0,6.0,6.0,4.0,1.5,7.0,3,0.9494949494949495,SGVTSLGENTKPKEGEPEVGTASENLGY
3ivq_14,7,SGLTSCLTGETPCAGQPEPGTPCDNFDD,SGLCTSCLTGETCPCAGQPCEPGTPCCDNCFCDD,28,0.23238,12.01835,0.69647,1.89208,0.83886,5,720.8623,238.93326,28.2328,29.7151,0.92857,0.0,0.07143,3ivq_14.cif,174,0,174.0,174.0,0.0,0.14286,0.03571,0.10714,0.07143,0.14286,0.14286,0.0,0.0,0.03571,0.10714,0.07143,0.0,0.03571,0.07143,0.0,0.0,0.03571,0.0,0.0,0.0,90,9,9,0,0,0,0,0,-1,0,0,,,0,,0.0,0,-1,0,0,,,0,,0.0,0,-1,0,0,,,0,,0.0,0,-1,0,0,,,0,,0.0,-1,0,0,,,0,,0.0,-1,0,0,,,0,,0.0,0,-1,0,0,,,0,,0.0,0,-1,0,0,,,0,,0.0,"UnpairedCysx9(pos4-32,sev10)",0.0,0.0,0.0,0.0,0.83886,0.83886,,,,True,False,True,True,0.0,0.0,100000.25,100000.25,0.0,0.80913,0.0,0.0,0.0,0.0,0.0,0.80913,False,False,False,False,False,False,True,True,False,False,False,False,1.89208,0.68115,2.03243,1.2714,1.2714,True,True,True,True,0.0,19.80739,12.01835,0.23398,0.57137,0.23398,0.23398,0.23443,0.65661,False,False,False,False,False,False,False,False,False,False,False,False,7841.42871,7120.56641,2,9.0,4-32,9.0,,10.0,,0.68115,-12.01835,-29.7151,-238.93326,-12.01835,False,9,True,True,True,True,True,True,True,True,True,True,8.0,10.0,7.0,2.5,4.0,2.5,10.0,4,0.9393939393939394,SGLTSCLTGETPCAGQPEPGTPCDNFDD
3ivq_09,8,CGIDSCLTGKPPCKGLPKPGEQGEDWTD,CGICDSCLTGKPCPCKGLPCKPGEQCGEDCWCTD,28,0.24491,12.51233,0.69006,1.84357,1.45552,3,680.84619,269.75809,28.6947,29.5773,0.92857,0.0,0.07143,3ivq_09.cif,174,0,174.0,174.0,0.0,0.17857,0.0,0.10714,0.03571,0.14286,0.07143,0.0,0.03571,0.0,0.10714,0.07143,0.0,0.03571,0.07143,0.10714,0.0,0.0,0.0,0.0,0.03571,140,14,14,0,0,0,0,0,-1,0,0,,,0,,0.0,0,-1,0,0,,,0,,0.0,0,-1,0,0,,,0,,0.0,0,-1,0,0,,,0,,0.0,5,2,10,,,0,,0.0,-1,0,0,,11-21,3,,10.0,0,-1,0,0,,,0,,0.0,0,31,1,10,,,0,,0.0,"AspCleave(pos5,sev10); ProtTrypx3(pos11-21,sev10); TrpOx(pos31,sev10); UnpairedCysx9(pos1-32,sev10)",0.0,0.0,0.0,0.0,1.45552,1.45552,,,,True,False,True,True,0.0,0.0,100000.25,100000.25,0.0,0.82648,0.0,0.0,0.0,0.0,0.0,0.82648,False,False,False,False,False,False,True,True,False,False,False,False,1.84357,1.39813,1.83013,2.28104,2.28104,True,True,True,True,0.0,19.4701,12.51233,0.246,0.57675,0.246,0.246,0.25537,0.66023,False,False,False,False,False,False,False,False,False,False,False,False,7502.56152,6821.71533,3,9.0,1-32,9.0,,10.0,,1.39813,-12.51233,-29.5773,-269.75809,-12.51233,False,9,True,True,True,True,True,True,True,True,True,True,7.0,11.0,8.0,4.0,1.0,4.5,11.0,5,0.9292929292929293,CGIDSCLTGKPPCKGLPKPGEQGEDWTD
3ivq_35,9,CGVTPCSEDAVPKEGEPEVGSQGENIDV,CGVCTPCSEDAVCPKEGEPCEVGSQCGENCICDV,28,0.12278,19.00124,0.7032,1.74093,0.62669,3,756.95996,237.57538,26.0501,26.4918,0.92857,0.0,0.07143,3ivq_35.cif,174,0,174.0,174.0,0.0,0.14286,0.03571,0.07143,0.07143,0.10714,0.03571,0.14286,0.03571,0.03571,0.07143,0.0,0.0,0.03571,0.17857,0.03571,0.0,0.0,0.0,0.0,0.0,10,1,1,0,0,0,0,0,-1,0,0,,,0,,0.0,0,-1,0,0,,,0,,0.0,0,-1,0,0,,,0,,0.0,0,-1,0,0,,,0,,0.0,-1,0,0,,,0,,0.0,15,1,10,,,0,,0.0,0,-1,0,0,,,0,,0.0,0,-1,0,0,,,0,,0.0,"ProtTryp(pos15,sev10)",0.0,0.0,0.0,0.0,0.62669,0.62669,,,,True,False,True,True,0.0,0.0,100000.25,100000.25,0.0,0.87948,0.0,0.0,0.0,0.0,0.0,0.87948,False,False,False,False,False,False,True,True,False,False,False,False,1.74093,0.60046,1.72821,2.27841,2.27841,True,True,True,True,0.0,23.71444,19.00124,0.12231,0.54994,0.12231,0.12231,0.1246,0.65553,False,False,False,False,False,False,False,False,False,False,False,False,7731.2041,6974.24414,3,,,,,,,0.60046,-19.00124,-26.4918,-237.57538,-19.00124,False,9,True,True,True,True,True,True,True,True,True,True,11.0,9.0,11.0,4.0,1.0,0.5,11.0,5,0.9191919191919192,CGVTPCSEDAVPKEGEPEVGSQGENIDV
3ivq_98,10,TGLSPLGTNNTSKEGEPEPGTACENISA,TGLCSPLGTNNTCSKEGEPCEPGTACCENCICSA,28,0.13897,17.37646,0.68605,2.3317,0.79598,6,712.25293,225.30118,24.8847,25.9315,1.0,0.0,0.0,3ivq_98.cif,174,0,174.0,174.0,0.0,0.14286,0.07143,0.03571,0.10714,0.10714,0.14286,0.0,0.03571,0.10714,0.0,0.07143,0.0,0.0,0.14286,0.03571,0.0,0.0,0.0,0.0,0.0,80,8,8,0,0,0,0,0,-1,0,0,,,0,,0.0,0,-1,0,0,,,0,,0.0,0,-1,0,0,,,0,,0.0,0,-1,0,0,,,0,,0.0,-1,0,0,,,0,,0.0,15,1,10,,,0,,0.0,0,-1,0,0,,,0,,0.0,0,-1,0,0,,,0,,0.0,"ProtTryp(pos15,sev10); UnpairedCysx7(pos4-32,sev10)",0.0,0.0,0.0,0.0,0.79598,0.79598,,,,True,False,True,True,0.0,0.0,100000.25,100000.25,0.0,0.82534,0.0,0.0,0.0,0.0,0.0,0.82534,False,False,False,False,False,False,True,True,False,False,False,False,2.3317,0.8392,2.43421,2.32175,2.32175,True,True,True,True,0.0,23.28338,17.37646,0.1389,0.57092,0.1389,0.1389,0.13898,0.67674,False,False,False,False,False,False,False,False,False,False,False,False,7707.05469,6994.80176,3,7.0,4-32,7.0,,10.0,,0.8392,-17.37646,-25.9315,-225.30118,-17.37646,False,9,True,True,True,True,True,True,True,True,True,True,10.0,12.0,10.0,1.0,1.0,3.0,12.0,6,0.9090909090909091,TGLSPLGTNNTSKEGEPEPGTACENISA
